source,account,write_size,workload,driver,connections,seconds,app_bytes,MiBps,latency_kind,samples,p50_us,p95_us,p99_us,alloc_bytes,allocations,peak_heap_bytes,peak_heap_delta_bytes,SDK_attempts,attempts_per_MiB,idle_attempts_per_session_hour,transport_sent,transport_received,read_size,read_samples,read_p50_ns,read_p95_ns,read_p99_ns
round1-write1048576-standardacct.log,standardacct,1048576,stream,azblob,1,0.756385,4194304,5.2883,write,4,55938,176028,176028,16519664,3482,16491920,15063616,14,3.500,0.0,4194429,4194429,65536,64,9584,705042,348941125
round1-write1048576-premiumblob.log,premiumblob,1048576,stream,azblob,1,2.939420,4194304,1.3608,write,4,383720,1108215,1108215,12286520,3772,12820088,11398944,15,3.750,0.0,4194429,4194429,65536,64,10958,251315167,1508948833
round1-write262144-standardacct.log,standardacct,262144,stream,azblob,1,0.890795,4194304,4.4904,write,16,42992,111152,111152,5563224,10857,6359728,4988096,43,10.750,0.0,4194729,4194729,65536,64,10209,60460917,192862625
round1-write262144-premiumblob.log,premiumblob,262144,stream,azblob,1,3.842033,4194304,1.0411,write,16,145690,539343,539343,7470448,7056,7802232,6341616,28,7.000,0.0,4194729,4194729,65536,64,11042,521220000,1057849084
round1-write65536-standardacct.log,standardacct,65536,stream,azblob,1,2.280514,4194304,1.7540,write,64,32412,40524,71343,5862912,36535,4045672,2750560,142,35.500,0.0,4195929,4195929,65536,64,29197959,59497917,108670708
round1-write65536-premiumblob.log,premiumblob,65536,stream,azblob,1,8.879348,4194304,0.4505,write,64,127488,227759,363556,5612360,35937,3967400,2576472,139,34.750,0.0,4195929,4195929,65536,64,122860750,231651042,570270792
round2-write1048576-standardacct.log,standardacct,1048576,stream,azblob,1,0.702944,4194304,5.6904,write,4,63025,195702,195702,16493848,3531,16330920,14982256,14,3.500,0.0,4194429,4194429,65536,64,10459,681834,383484709
round2-write1048576-premiumblob.log,premiumblob,1048576,stream,azblob,1,2.799352,4194304,1.4289,write,4,240977,693209,693209,16512280,3222,16909288,15623208,13,3.250,0.0,4194429,4194429,65536,64,17291,672042,1436228709
round2-write262144-standardacct.log,standardacct,262144,stream,azblob,1,0.960955,4194304,4.1625,write,16,47206,110096,110096,5527656,9681,6240304,4884352,38,9.500,0.0,4194729,4194729,65536,64,10417,81387167,217886083
round2-write262144-premiumblob.log,premiumblob,262144,stream,azblob,1,3.310968,4194304,1.2081,write,16,144145,539170,539170,7411904,7023,7782712,6390792,28,7.000,0.0,4194729,4194729,65536,64,9375,477598042,966153833
round2-write65536-standardacct.log,standardacct,65536,stream,azblob,1,2.337926,4194304,1.7109,write,64,32694,49890,77660,5808600,37159,3976536,2551728,145,36.250,0.0,4195929,4195929,65536,64,29312375,58911625,111682500
round2-write65536-premiumblob.log,premiumblob,65536,stream,azblob,1,8.565821,4194304,0.4670,write,64,120270,228086,345629,5520776,35946,4096232,2733112,139,34.750,0.0,4195929,4195929,65536,64,113881167,228776625,573672375
round3-write1048576-standardacct.log,standardacct,1048576,stream,azblob,1,0.705471,4194304,5.6700,write,4,79061,177961,177961,16492000,3515,16419768,14988992,14,3.500,0.0,4194429,4194429,65536,64,9167,566166,365359750
round3-write1048576-premiumblob.log,premiumblob,1048576,stream,azblob,1,3.067282,4194304,1.3041,write,4,143738,815873,815873,16535736,3428,16935960,15572808,14,3.500,0.0,4194429,4194429,65536,64,8666,580334,1562078042
round3-write262144-standardacct.log,standardacct,262144,stream,azblob,1,1.008888,4194304,3.9648,write,16,46903,131525,131525,5572160,9605,6347056,4918696,38,9.500,0.0,4194729,4194729,65536,64,10709,94099625,218588250
round3-write262144-premiumblob.log,premiumblob,262144,stream,azblob,1,3.123731,4194304,1.2805,write,16,136592,505755,505755,5315712,7092,6117344,4695408,28,7.000,0.0,4194729,4194729,65536,64,9959,391039042,900121125
round3-write65536-standardacct.log,standardacct,65536,stream,azblob,1,2.370883,4194304,1.6871,write,64,32723,53092,75339,5642480,37514,4037616,2665432,147,36.750,0.0,4195929,4195929,65536,64,28888958,58936708,110224583
round3-write65536-premiumblob.log,premiumblob,65536,stream,azblob,1,9.114673,4194304,0.4389,write,64,128480,239340,376077,5821056,33377,4129400,2761232,130,32.500,0.0,4195929,4195929,65536,64,128559084,260496250,603827250
