experiment,source,variant,real,user,sys
live-paired,live-round1-after.log,after,38.53,14.82,2.50
live-paired,live-round1-before.log,before,44.54,17.03,2.82
live-paired,live-round2-after.log,after,48.46,16.82,3.20
live-paired,live-round2-before.log,before,42.82,16.11,2.70
live-paired,live-round3-after.log,after,33.73,13.78,2.35
live-paired,live-round3-before.log,before,43.12,16.99,2.77
live-paired,live-round4-after.log,after,25.17,13.03,1.68
live-paired,live-round4-before.log,before,36.00,16.96,2.41
live-paired,live-round5-after.log,after,23.53,12.93,1.67
live-paired,live-round5-before.log,before,41.96,18.10,2.87
local-long,sustained1-after.log,after,7.83,14.15,2.33
local-long,sustained1-before.log,before,10.37,16.72,3.11
local-long,sustained2-after.log,after,8.32,14.21,2.34
local-long,sustained2-before.log,before,10.12,16.68,3.09
local-long,sustained3-after.log,after,8.31,14.22,2.33
local-long,sustained3-before.log,before,10.02,16.71,3.07
local-paired,round1-after.log,after,14.77,13.26,3.42
local-paired,round1-before.log,before,17.45,15.37,3.91
local-paired,round2-after.log,after,14.23,13.25,3.47
local-paired,round2-before.log,before,16.93,15.29,3.90
local-paired,round3-after.log,after,14.39,13.28,3.41
local-paired,round3-before.log,before,16.31,15.31,3.85
