round,driver,status,dns,connect,tls,ttfb,total
1,azblob,400,0.056543,0.184991,0.469745,0.599752,0.599935
1,azqueue,400,0.054672,0.079955,0.144212,0.16808,0.168159
1,aztable,400,0.065822,0.089959,0.161387,0.185726,0.186062
2,azblob,400,0.004508,0.121928,0.372483,0.489988,0.490384
2,azqueue,400,0.00456,0.032377,0.101153,0.125617,0.125929
2,aztable,400,0.004148,0.028789,0.09253,0.118878,0.118955
3,azblob,400,0.004378,0.116844,0.363315,0.476226,0.476631
3,azqueue,400,0.005893,0.032671,0.098611,0.121793,0.121999
3,aztable,400,0.005604,0.031507,0.094452,0.118868,0.119157
4,azblob,400,0.00507,0.127314,0.396121,0.518676,0.519047
4,azqueue,400,0.004699,0.028345,0.092984,0.116166,0.116244
4,aztable,400,0.00477,0.028162,0.091784,0.116483,0.116582
5,azblob,400,0.004614,0.126654,0.391454,0.514684,0.515079
5,azqueue,400,0.004805,0.028686,0.09197,0.114661,0.114741
5,aztable,400,0.004652,0.028762,0.098765,0.123838,0.123941
