experiment,source,variant,case,driver,connections,workload,seconds,app_bytes,MiBps,latency_kind,samples,p50_us,p95_us,p99_us,alloc_bytes,allocations,peak_heap_bytes,peak_heap_delta_bytes,SDK_attempts,attempts_per_MiB,idle_attempts_per_session_hour,transport_sent,transport_received,write_size
live-baseline,live-baseline-all.log,before,1,azblob,1,idle,1.001462,0,0.0000,delivery,0,0,0,0,144480,1807,1580896,144480,9,0.000,32352.7,0,0,0
live-baseline,live-baseline-all.log,before,2,azblob,1,interactive,14.940225,2048,0.0001,roundtrip,16,908402,1121918,1121918,1093376,16772,2709768,1093376,65,33280.000,0.0,2848,2848,64
live-baseline,live-baseline-all.log,before,3,azblob,1,stream,9.449002,16777216,1.6933,write,64,125666,139847,449527,14106808,19806,12466896,11016728,78,4.875,0.0,16778841,16778841,262144
live-baseline,live-baseline-all.log,before,4,azblob,1,duplex,22.270987,33554432,1.4368,write,128,135641,251780,572363,19973520,62965,19937936,13077504,233,7.281,0.0,33557682,33557682,262144
live-baseline,live-baseline-all.log,before,5,azblob,1,wake,1.221023,1,0.0000,delivery,1,220584,220584,220584,118672,1543,12595600,118672,7,7340032.000,0.0,26,26,1
live-baseline,live-baseline-all.log,before,6,azqueue,1,idle,1.000853,0,0.0000,delivery,0,0,0,0,374744,4966,8097968,374744,30,0.000,107908.0,0,0,0
live-baseline,live-baseline-all.log,before,7,azqueue,1,interactive,2.657949,2048,0.0007,roundtrip,16,165274,178179,178179,1775080,23641,9416048,1775080,97,49664.000,0.0,2848,2848,64
live-baseline,live-baseline-all.log,before,8,azqueue,1,stream,14.925200,16777216,1.0720,write,64,228114,269607,288983,353900352,250620,18511136,10798256,930,58.125,0.0,16786841,16786841,262144
live-baseline,live-baseline-all.log,before,9,azqueue,1,duplex,15.119141,33554432,2.1165,write,128,227862,262284,361129,705082256,500389,22715168,14433944,1866,58.312,0.0,33573682,33573682,262144
live-baseline,live-baseline-all.log,before,10,azqueue,1,wake,1.065696,1,0.0000,delivery,1,65299,65299,65299,419072,5582,9358792,419072,32,33554432.000,0.0,26,26,1
live-baseline,live-baseline-all.log,before,11,aztable,1,idle,1.000673,0,0.0000,delivery,0,0,0,0,375704,5707,4558736,375704,27,0.000,97134.6,0,0,0
live-baseline,live-baseline-all.log,before,12,aztable,1,interactive,1.802415,2048,0.0011,roundtrip,16,111045,136666,136666,1237544,19698,5420440,1237544,65,33280.000,0.0,2848,2848,64
live-baseline,live-baseline-all.log,before,13,aztable,1,stream,6.152481,16777216,2.6006,write,64,83469,195654,284888,530624032,73070,17260592,13206488,179,11.188,0.0,16778841,16778841,262144
live-baseline,live-baseline-all.log,before,14,aztable,1,duplex,6.287048,33554432,5.0898,write,128,88408,131342,249609,1033396248,145052,26292512,20897160,353,11.031,0.0,33557682,33557682,262144
live-baseline,live-baseline-all.log,before,15,aztable,1,wake,1.057514,1,0.0000,delivery,1,57101,57101,57101,430168,6541,8700488,430168,30,31457280.000,0.0,26,26,1
live-long,live-long-after.log,after,1,aztable,1,duplex,15.633322,134217728,8.1876,write,512,53749,85595,198096,3373747384,428876,29078888,27664328,880,6.875,0.0,134230578,134230578,262144
live-long,live-long-before.log,before,1,aztable,1,duplex,24.746658,134217728,5.1724,write,512,88363,117755,243129,4195998336,610051,24211768,22744200,1329,10.383,0.0,134230578,134230578,262144
live-paired,live-round1-after.log,after,1,aztable,1,interactive,1.988618,2048,0.0010,roundtrip,16,113303,202333,202333,1373080,18291,2797640,1373080,65,33280.000,0.0,2848,2848,64
live-paired,live-round1-after.log,after,2,aztable,1,stream,4.021685,16777216,3.9784,write,64,52811,100909,117275,447276912,49287,16913640,15360568,112,7.000,0.0,16778841,16778841,262144
live-paired,live-round1-after.log,after,3,aztable,1,duplex,5.483557,33554432,5.8356,write,128,77816,143974,211701,854946712,116736,24053400,19457240,307,9.594,0.0,33557682,33557682,262144
live-paired,live-round1-after.log,after,4,aztable,1,wake,1.043078,1,0.0000,delivery,1,42621,42621,42621,482128,6545,7954416,482128,30,31457280.000,0.0,26,26,1
live-paired,live-round1-after.log,after,5,aztable,4,interactive,1.925720,8192,0.0041,roundtrip,64,112176,141529,205129,5733208,76886,13103240,5092952,260,33280.000,0.0,11392,11392,64
live-paired,live-round1-after.log,after,6,aztable,4,stream,6.066265,67108864,10.5501,write,256,55905,222432,391788,1644430584,207763,54561208,45848768,509,7.953,0.0,67115364,67115364,262144
live-paired,live-round1-after.log,after,7,aztable,4,duplex,10.127924,134217728,12.6383,write,512,134646,293265,365263,3182128040,628947,87743496,71786632,1711,13.367,0.0,134230728,134230728,262144
live-paired,live-round1-after.log,after,8,aztable,4,wake,1.066672,4,0.0000,delivery,4,63130,66422,66422,1829184,26031,23712408,1829184,119,31195136.000,0.0,104,104,1
live-paired,live-round1-before.log,before,1,aztable,1,interactive,1.930900,2048,0.0010,roundtrip,16,110689,205214,205214,1378864,19813,2798688,1378864,65,33280.000,0.0,2848,2848,64
live-paired,live-round1-before.log,before,2,aztable,1,stream,7.036696,16777216,2.2738,write,64,90828,238908,270726,551760384,78271,13136072,11550000,201,12.562,0.0,16778841,16778841,262144
live-paired,live-round1-before.log,before,3,aztable,1,duplex,7.148330,33554432,4.4766,write,128,90680,175330,294615,1072735240,158676,20903416,17993872,409,12.781,0.0,33557682,33557682,262144
live-paired,live-round1-before.log,before,4,aztable,1,wake,1.055971,1,0.0000,delivery,1,55475,55475,55475,448944,6770,5388104,448944,31,32505856.000,0.0,26,26,1
live-paired,live-round1-before.log,before,5,aztable,4,interactive,1.997346,8192,0.0039,roundtrip,64,115738,140094,219312,6091784,84977,9603088,3687784,260,33280.000,0.0,11392,11392,64
live-paired,live-round1-before.log,before,6,aztable,4,stream,7.881867,67108864,8.1199,write,256,97839,193523,289128,2018450744,304690,40697424,36336504,788,12.312,0.0,67115364,67115364,262144
live-paired,live-round1-before.log,before,7,aztable,4,duplex,10.032978,134217728,12.7579,write,512,137517,267419,349325,3937788832,582758,73739224,61834944,1350,10.547,0.0,134230728,134230728,262144
live-paired,live-round1-before.log,before,8,aztable,4,wake,1.057616,4,0.0000,delivery,4,35030,57204,57204,1835184,25473,15248328,1835184,115,30146560.000,0.0,104,104,1
live-paired,live-round2-after.log,after,1,aztable,1,interactive,2.135891,2048,0.0009,roundtrip,16,108993,465286,465286,1331024,18267,2687736,1331024,65,33280.000,0.0,2848,2848,64
live-paired,live-round2-after.log,after,2,aztable,1,stream,6.488530,16777216,2.4659,write,64,56514,251019,459596,441233632,65750,14853312,13351088,188,11.750,0.0,16778841,16778841,262144
live-paired,live-round2-after.log,after,3,aztable,1,duplex,7.287207,33554432,4.3913,write,128,92101,229425,419582,839652536,143669,25725744,21334160,426,13.312,0.0,33557682,33557682,262144
live-paired,live-round2-after.log,after,4,aztable,1,wake,1.032268,1,0.0000,delivery,1,31679,31679,31679,435664,6518,6889800,435664,30,31457280.000,0.0,26,26,1
live-paired,live-round2-after.log,after,5,aztable,4,interactive,1.843029,8192,0.0042,roundtrip,64,110390,138076,150597,6399304,80962,12156624,4842704,260,33280.000,0.0,11392,11392,64
live-paired,live-round2-after.log,after,6,aztable,4,stream,12.464504,67108864,5.1346,write,256,171927,413459,521953,1631727016,399931,49951088,41910816,1378,21.531,0.0,67115364,67115364,262144
live-paired,live-round2-after.log,after,7,aztable,4,duplex,9.693825,134217728,13.2043,write,512,125967,295747,362477,3231418504,591850,83023064,73500912,1588,12.406,0.0,134230728,134230728,262144
live-paired,live-round2-after.log,after,8,aztable,4,wake,1.066541,4,0.0000,delivery,4,49317,66083,66083,1796376,25721,22379592,1796376,118,30932992.000,0.0,104,104,1
live-paired,live-round2-before.log,before,1,aztable,1,interactive,1.819342,2048,0.0011,roundtrip,16,110538,144279,144279,1377168,19802,2654992,1377168,65,33280.000,0.0,2848,2848,64
live-paired,live-round2-before.log,before,2,aztable,1,stream,6.191195,16777216,2.5843,write,64,85230,159659,251034,528756544,72700,12984384,11547376,176,11.000,0.0,16778841,16778841,262144
live-paired,live-round2-before.log,before,3,aztable,1,duplex,6.127697,33554432,5.2222,write,128,87084,125747,228754,1064278328,144555,22782912,20311248,341,10.656,0.0,33557682,33557682,262144
live-paired,live-round2-before.log,before,4,aztable,1,wake,1.059936,1,0.0000,delivery,1,59498,59498,59498,444936,6750,6524856,444936,31,32505856.000,0.0,26,26,1
live-paired,live-round2-before.log,before,5,aztable,4,interactive,1.921278,8192,0.0041,roundtrip,64,114917,142563,163918,6359592,86044,9100776,3729472,260,33280.000,0.0,11392,11392,64
live-paired,live-round2-before.log,before,6,aztable,4,stream,7.296555,67108864,8.7713,write,256,99717,170532,284696,2023247040,285914,38968592,36033784,704,11.000,0.0,67115364,67115364,262144
live-paired,live-round2-before.log,before,7,aztable,4,duplex,11.181090,134217728,11.4479,write,512,145538,321677,401289,3967530016,646326,76942840,66517512,1636,12.781,0.0,134230728,134230728,262144
live-paired,live-round2-before.log,before,8,aztable,4,wake,1.063001,4,0.0000,delivery,4,55491,62480,62480,1818320,27122,21695000,1818320,123,32243712.000,0.0,104,104,1
live-paired,live-round3-after.log,after,1,aztable,1,interactive,1.808587,2048,0.0011,roundtrip,16,109885,141099,141099,1266720,18189,2746936,1266720,65,33280.000,0.0,2848,2848,64
live-paired,live-round3-after.log,after,2,aztable,1,stream,4.101834,16777216,3.9007,write,64,52600,130811,166414,437387344,48686,18877640,17352096,111,6.938,0.0,16778841,16778841,262144
live-paired,live-round3-after.log,after,3,aztable,1,duplex,4.575852,33554432,6.9932,write,128,55666,140265,189731,851601720,105529,25928144,21111376,261,8.156,0.0,33557682,33557682,262144
live-paired,live-round3-after.log,after,4,aztable,1,wake,1.048527,1,0.0000,delivery,1,48095,48095,48095,477856,6529,7560784,477856,30,31457280.000,0.0,26,26,1
live-paired,live-round3-after.log,after,5,aztable,4,interactive,1.862415,8192,0.0042,roundtrip,64,111119,137927,144675,6136576,80855,13281320,5256032,260,33280.000,0.0,11392,11392,64
live-paired,live-round3-after.log,after,6,aztable,4,stream,5.191165,67108864,12.3286,write,256,64103,173915,262927,1622887976,203998,58420208,50111704,497,7.766,0.0,67115364,67115364,262144
live-paired,live-round3-after.log,after,7,aztable,4,duplex,7.781810,134217728,16.4486,write,512,95222,229136,317511,3195684520,466926,92890400,74154544,1108,8.656,0.0,134230728,134230728,262144
live-paired,live-round3-after.log,after,8,aztable,4,wake,1.043883,4,0.0000,delivery,4,40093,43382,43382,1669888,25395,26329272,1669888,116,30408704.000,0.0,104,104,1
live-paired,live-round3-before.log,before,1,aztable,1,interactive,1.805886,2048,0.0011,roundtrip,16,110306,124801,124801,1375776,19806,2757224,1375776,65,33280.000,0.0,2848,2848,64
live-paired,live-round3-before.log,before,2,aztable,1,stream,5.926836,16777216,2.6996,write,64,86003,111298,197411,539311712,70912,12785192,11353568,167,10.438,0.0,16778841,16778841,262144
live-paired,live-round3-before.log,before,3,aztable,1,duplex,6.519938,33554432,4.9080,write,128,87075,164421,276651,1062187640,154816,21839712,18443176,373,11.656,0.0,33557682,33557682,262144
live-paired,live-round3-before.log,before,4,aztable,1,wake,1.047790,1,0.0000,delivery,1,47295,47295,47295,429904,6536,6081440,429904,30,31457280.000,0.0,26,26,1
live-paired,live-round3-before.log,before,5,aztable,4,interactive,1.895461,8192,0.0041,roundtrip,64,112487,128359,181443,5148176,78828,10195456,3644088,260,33280.000,0.0,11392,11392,64
live-paired,live-round3-before.log,before,6,aztable,4,stream,6.676975,67108864,9.5852,write,256,94890,133760,292263,2038990248,281130,41608832,35230064,648,10.125,0.0,67115364,67115364,262144
live-paired,live-round3-before.log,before,7,aztable,4,duplex,11.985873,134217728,10.6792,write,512,142265,359284,607117,3917203280,758247,76766616,65136152,2050,16.016,0.0,134230728,134230728,262144
live-paired,live-round3-before.log,before,8,aztable,4,wake,1.054916,4,0.0000,delivery,4,49033,54321,54321,1830344,25585,22270064,1830344,116,30408704.000,0.0,104,104,1
live-paired,live-round4-after.log,after,1,aztable,1,stream,4.005457,16777216,3.9946,write,64,51197,121105,203257,447154160,48317,17680776,16395632,109,6.812,0.0,16778841,16778841,262144
live-paired,live-round4-after.log,after,2,aztable,1,duplex,4.434123,33554432,7.2168,write,128,55494,128196,225012,843342384,105896,27270272,22352240,250,7.812,0.0,33557682,33557682,262144
live-paired,live-round4-after.log,after,3,aztable,4,stream,5.000697,67108864,12.7982,write,256,64028,129540,193807,1622772176,205485,49649744,41516288,484,7.562,0.0,67115364,67115364,262144
live-paired,live-round4-after.log,after,4,aztable,4,duplex,8.663556,134217728,14.7745,write,512,83943,289240,507863,3185851384,527628,88879816,73823928,1343,10.492,0.0,134230728,134230728,262144
live-paired,live-round4-before.log,before,1,aztable,1,stream,6.371425,16777216,2.5112,write,64,88372,129760,263307,530594000,73167,12542856,11127784,178,11.125,0.0,16778841,16778841,262144
live-paired,live-round4-before.log,before,2,aztable,1,duplex,7.009885,33554432,4.5650,write,128,89813,191840,269675,1064177944,152556,20763904,17466896,380,11.875,0.0,33557682,33557682,262144
live-paired,live-round4-before.log,before,3,aztable,4,stream,8.027380,67108864,7.9727,write,256,100223,209769,369774,2022441296,308577,42919256,38889112,765,11.953,0.0,67115364,67115364,262144
live-paired,live-round4-before.log,before,4,aztable,4,duplex,11.297016,134217728,11.3304,write,512,152522,280648,402897,3977197872,609961,80134448,68550728,1462,11.422,0.0,134230728,134230728,262144
live-paired,live-round5-after.log,after,1,aztable,1,stream,3.956175,16777216,4.0443,write,64,49571,90405,258587,450820256,48895,16905448,15487376,111,6.938,0.0,16778841,16778841,262144
live-paired,live-round5-after.log,after,2,aztable,1,duplex,4.094634,33554432,7.8151,write,128,53361,78694,248133,844254720,96182,30802760,25724096,225,7.031,0.0,33557682,33557682,262144
live-paired,live-round5-after.log,after,3,aztable,4,stream,5.053149,67108864,12.6654,write,256,64050,170939,223341,1638541360,210137,50309704,41088848,469,7.328,0.0,67115364,67115364,262144
live-paired,live-round5-after.log,after,4,aztable,4,duplex,7.252698,134217728,17.6486,write,512,88271,180987,365325,3218425696,415166,94662864,80270544,904,7.062,0.0,134230728,134230728,262144
live-paired,live-round5-before.log,before,1,aztable,1,stream,7.365853,16777216,2.1722,write,64,94333,181602,398544,526063608,76814,13737064,12316272,196,12.250,0.0,16778841,16778841,262144
live-paired,live-round5-before.log,before,2,aztable,1,duplex,9.118578,33554432,3.5093,write,128,104672,318473,368528,1058988368,183846,21555952,18058080,519,16.219,0.0,33557682,33557682,262144
live-paired,live-round5-before.log,before,3,aztable,4,stream,11.318364,67108864,5.6545,write,256,129958,356837,488004,2054997568,397028,42894152,36137224,1183,18.484,0.0,67115364,67115364,262144
live-paired,live-round5-before.log,before,4,aztable,4,duplex,10.827094,134217728,11.8222,write,512,148324,278102,433402,3939685808,605498,73343264,63172296,1443,11.273,0.0,134230728,134230728,262144
local-concurrency,stream-baseline-all.log,before,1,azblob,1,stream,0.407777,8388608,19.6186,write,128,3009,4969,6380,11258488,100232,3335832,2533496,383,47.875,0.0,8391833,8391833,65536
local-concurrency,stream-baseline-all.log,before,2,azblob,4,stream,0.729573,33554432,43.8613,write,512,5195,8935,11466,38290416,277880,7680896,5755696,1076,33.625,0.0,33567332,33567332,65536
local-concurrency,stream-baseline-all.log,before,3,azblob,16,stream,1.737467,134217728,73.6705,write,2048,12996,17107,22112,133365656,675091,37896576,31077088,2737,21.383,0.0,134269328,134269328,65536
local-concurrency,stream-baseline-all.log,before,4,azqueue,1,stream,0.722793,8388608,11.0682,write,128,5239,8235,12278,197318024,220515,31567144,14860424,934,116.750,0.0,8395033,8395033,65536
local-concurrency,stream-baseline-all.log,before,5,azqueue,4,stream,2.039175,33554432,15.6926,write,512,15658,18842,22344,813553680,1225001,8295144,6131664,5865,183.281,0.0,33580132,33580132,65536
local-concurrency,stream-baseline-all.log,before,6,azqueue,16,stream,10.041286,134217728,12.7474,write,2048,76593,98501,121361,3371636480,7233154,28394912,21928128,37921,296.258,0.0,134320528,134320528,65536
local-concurrency,stream-baseline-all.log,before,7,aztable,1,stream,0.439369,8388608,18.2079,write,128,3139,4838,5889,279603456,86623,17922608,8421448,176,22.000,0.0,8391833,8391833,65536
local-concurrency,stream-baseline-all.log,before,8,aztable,4,stream,1.039785,33554432,30.7756,write,512,7490,12793,14864,1057819320,400572,15805944,12915760,959,29.969,0.0,33567332,33567332,65536
local-concurrency,stream-baseline-all.log,before,9,aztable,16,stream,4.825050,134217728,26.5282,write,2048,27728,57319,271012,3970991928,1680878,49551808,40637680,4296,33.562,0.0,134269328,134269328,65536
local-latency,latency1-after.log,after,1,aztable,1,interactive,0.033248,2048,0.0587,roundtrip,16,1980,3260,3260,1175416,17887,2054272,1175416,65,33280.000,0.0,2848,2848,64
local-latency,latency1-after.log,after,2,aztable,1,interactive,0.047349,2048,0.0412,roundtrip,16,2344,6168,6168,1301576,17917,2151584,1301576,65,33280.000,0.0,2848,2848,64
local-latency,latency1-after.log,after,3,aztable,1,interactive,0.033902,2048,0.0576,roundtrip,16,2070,3542,3542,1260032,17910,2075592,1260032,65,33280.000,0.0,2848,2848,64
local-latency,latency1-after.log,after,4,aztable,1,interactive,0.030372,2048,0.0643,roundtrip,16,1863,2213,2213,1304632,17936,2121448,1304632,65,33280.000,0.0,2848,2848,64
local-latency,latency1-after.log,after,5,aztable,1,interactive,0.035354,2048,0.0552,roundtrip,16,2121,2736,2736,1307576,17949,2129872,1307576,65,33280.000,0.0,2848,2848,64
local-latency,latency1-after.log,after,6,aztable,1,interactive,0.037999,2048,0.0514,roundtrip,16,2337,3399,3399,1349552,17961,2179184,1349552,65,33280.000,0.0,2848,2848,64
local-latency,latency1-after.log,after,7,aztable,1,interactive,0.042707,2048,0.0457,roundtrip,16,2062,6135,6135,1258976,17908,2088136,1258976,65,33280.000,0.0,2848,2848,64
local-latency,latency1-after.log,after,8,aztable,1,interactive,0.041645,2048,0.0469,roundtrip,16,2265,7110,7110,1307096,17948,2134000,1307096,65,33280.000,0.0,2848,2848,64
local-latency,latency1-after.log,after,9,aztable,1,interactive,0.039605,2048,0.0493,roundtrip,16,2169,5701,5701,1348816,17951,2222408,1348816,65,33280.000,0.0,2848,2848,64
local-latency,latency1-after.log,after,10,aztable,1,interactive,0.035242,2048,0.0554,roundtrip,16,2177,2591,2591,1262800,17922,2174504,1262800,65,33280.000,0.0,2848,2848,64
local-latency,latency1-before.log,before,1,aztable,1,interactive,0.064235,2048,0.0304,roundtrip,16,3430,8217,8217,1221168,19494,2143592,1221168,65,33280.000,0.0,2848,2848,64
local-latency,latency1-before.log,before,2,aztable,1,interactive,0.049543,2048,0.0394,roundtrip,16,2971,3932,3932,1271336,19541,2081952,1271336,65,33280.000,0.0,2848,2848,64
local-latency,latency1-before.log,before,3,aztable,1,interactive,0.040379,2048,0.0484,roundtrip,16,2352,4628,4628,1311520,19540,2124864,1311520,65,33280.000,0.0,2848,2848,64
local-latency,latency1-before.log,before,4,aztable,1,interactive,0.036765,2048,0.0531,roundtrip,16,2088,3977,3977,1309144,19536,2127136,1309144,65,33280.000,0.0,2848,2848,64
local-latency,latency1-before.log,before,5,aztable,1,interactive,0.042679,2048,0.0458,roundtrip,16,2356,6655,6655,1350240,19536,2289904,1350240,65,33280.000,0.0,2848,2848,64
local-latency,latency1-before.log,before,6,aztable,1,interactive,0.045267,2048,0.0431,roundtrip,16,2221,8388,8388,1355800,19571,2258248,1355800,65,33280.000,0.0,2848,2848,64
local-latency,latency1-before.log,before,7,aztable,1,interactive,0.039747,2048,0.0491,roundtrip,16,2462,3026,3026,1266264,19520,2215896,1266264,65,33280.000,0.0,2848,2848,64
local-latency,latency1-before.log,before,8,aztable,1,interactive,0.046483,2048,0.0420,roundtrip,16,2826,3777,3777,1226784,19523,2136368,1226784,65,33280.000,0.0,2848,2848,64
local-latency,latency1-before.log,before,9,aztable,1,interactive,0.037273,2048,0.0524,roundtrip,16,2271,3143,3143,1356792,19563,2264632,1356792,65,33280.000,0.0,2848,2848,64
local-latency,latency1-before.log,before,10,aztable,1,interactive,0.033962,2048,0.0575,roundtrip,16,2055,2421,2421,1345712,19512,2177424,1345712,65,33280.000,0.0,2848,2848,64
local-latency,latency2-after.log,after,1,aztable,1,interactive,0.034806,2048,0.0561,roundtrip,16,2077,3031,3031,1307056,17939,2186856,1307056,65,33280.000,0.0,2848,2848,64
local-latency,latency2-after.log,after,2,aztable,1,interactive,0.039473,2048,0.0495,roundtrip,16,2455,2886,2886,1303248,17932,2107832,1303248,65,33280.000,0.0,2848,2848,64
local-latency,latency2-after.log,after,3,aztable,1,interactive,0.042089,2048,0.0464,roundtrip,16,2555,3378,3378,1302552,17925,2111736,1302552,65,33280.000,0.0,2848,2848,64
local-latency,latency2-after.log,after,4,aztable,1,interactive,0.034694,2048,0.0563,roundtrip,16,2073,2968,2968,1305488,17939,2114392,1305488,65,33280.000,0.0,2848,2848,64
local-latency,latency2-after.log,after,5,aztable,1,interactive,0.033817,2048,0.0578,roundtrip,16,2022,2667,2667,1298984,17902,2154744,1298984,65,33280.000,0.0,2848,2848,64
local-latency,latency2-after.log,after,6,aztable,1,interactive,0.032907,2048,0.0594,roundtrip,16,2038,2276,2276,1306616,17944,2122120,1306616,65,33280.000,0.0,2848,2848,64
local-latency,latency2-after.log,after,7,aztable,1,interactive,0.035580,2048,0.0549,roundtrip,16,2147,2973,2973,1303040,17917,2119128,1303040,65,33280.000,0.0,2848,2848,64
local-latency,latency2-after.log,after,8,aztable,1,interactive,0.033097,2048,0.0590,roundtrip,16,1958,2472,2472,1302536,17919,2121360,1302536,65,33280.000,0.0,2848,2848,64
local-latency,latency2-after.log,after,9,aztable,1,interactive,0.035474,2048,0.0551,roundtrip,16,2066,3203,3203,1262664,17927,2082704,1262664,65,33280.000,0.0,2848,2848,64
local-latency,latency2-after.log,after,10,aztable,1,interactive,0.038718,2048,0.0504,roundtrip,16,2222,3099,3099,1262912,17925,2083632,1262912,65,33280.000,0.0,2848,2848,64
local-latency,latency2-before.log,before,1,aztable,1,interactive,0.030344,2048,0.0644,roundtrip,16,1781,2480,2480,1229440,19532,2109272,1229440,65,33280.000,0.0,2848,2848,64
local-latency,latency2-before.log,before,2,aztable,1,interactive,0.030727,2048,0.0636,roundtrip,16,1862,2409,2409,1307784,19521,2162728,1307784,65,33280.000,0.0,2848,2848,64
local-latency,latency2-before.log,before,3,aztable,1,interactive,0.029338,2048,0.0666,roundtrip,16,1799,2168,2168,1310240,19532,2126112,1310240,65,33280.000,0.0,2848,2848,64
local-latency,latency2-before.log,before,4,aztable,1,interactive,0.030150,2048,0.0648,roundtrip,16,1753,2887,2887,1308848,19536,2124576,1308848,65,33280.000,0.0,2848,2848,64
local-latency,latency2-before.log,before,5,aztable,1,interactive,0.034295,2048,0.0570,roundtrip,16,2098,2570,2570,1351296,19539,2168304,1351296,65,33280.000,0.0,2848,2848,64
local-latency,latency2-before.log,before,6,aztable,1,interactive,0.037447,2048,0.0522,roundtrip,16,2242,2844,2844,1350744,19548,2172336,1350744,65,33280.000,0.0,2848,2848,64
local-latency,latency2-before.log,before,7,aztable,1,interactive,0.032588,2048,0.0599,roundtrip,16,1983,2217,2217,1306568,19524,2126504,1306568,65,33280.000,0.0,2848,2848,64
local-latency,latency2-before.log,before,8,aztable,1,interactive,0.032660,2048,0.0598,roundtrip,16,2016,2317,2317,1311016,19542,2132024,1311016,65,33280.000,0.0,2848,2848,64
local-latency,latency2-before.log,before,9,aztable,1,interactive,0.036293,2048,0.0538,roundtrip,16,2044,2832,2832,1267176,19520,2091904,1267176,65,33280.000,0.0,2848,2848,64
local-latency,latency2-before.log,before,10,aztable,1,interactive,0.036911,2048,0.0529,roundtrip,16,2213,2978,2978,1345736,19516,2174768,1345736,65,33280.000,0.0,2848,2848,64
local-latency,latency3-after.log,after,1,aztable,1,interactive,0.032204,2048,0.0606,roundtrip,16,1907,2841,2841,1179392,17903,2057864,1179392,65,33280.000,0.0,2848,2848,64
local-latency,latency3-after.log,after,2,aztable,1,interactive,0.030564,2048,0.0639,roundtrip,16,1831,2458,2458,1215408,17887,2066552,1215408,65,33280.000,0.0,2848,2848,64
local-latency,latency3-after.log,after,3,aztable,1,interactive,0.029010,2048,0.0673,roundtrip,16,1801,2074,2074,1174888,17890,1986984,1174888,65,33280.000,0.0,2848,2848,64
local-latency,latency3-after.log,after,4,aztable,1,interactive,0.039732,2048,0.0492,roundtrip,16,2229,3549,3549,1258504,17901,2072616,1258504,65,33280.000,0.0,2848,2848,64
local-latency,latency3-after.log,after,5,aztable,1,interactive,0.037334,2048,0.0523,roundtrip,16,2200,2951,2951,1347912,17955,2122856,1347912,65,33280.000,0.0,2848,2848,64
local-latency,latency3-after.log,after,6,aztable,1,interactive,0.035680,2048,0.0547,roundtrip,16,2212,2668,2668,1348512,17948,2166368,1348512,65,33280.000,0.0,2848,2848,64
local-latency,latency3-after.log,after,7,aztable,1,interactive,0.044803,2048,0.0436,roundtrip,16,2192,4364,4364,1344440,17922,2164696,1344440,65,33280.000,0.0,2848,2848,64
local-latency,latency3-after.log,after,8,aztable,1,interactive,0.034675,2048,0.0563,roundtrip,16,2105,2661,2661,1179112,17905,2046216,1179112,65,33280.000,0.0,2848,2848,64
local-latency,latency3-after.log,after,9,aztable,1,interactive,0.033745,2048,0.0579,roundtrip,16,1995,2791,2791,1307176,17953,2134256,1307176,65,33280.000,0.0,2848,2848,64
local-latency,latency3-after.log,after,10,aztable,1,interactive,0.032405,2048,0.0603,roundtrip,16,1999,2498,2498,1305408,17937,2131536,1305408,65,33280.000,0.0,2848,2848,64
local-latency,latency3-before.log,before,1,aztable,1,interactive,0.039361,2048,0.0496,roundtrip,16,2288,3994,3994,1311088,19551,2190584,1311088,65,33280.000,0.0,2848,2848,64
local-latency,latency3-before.log,before,2,aztable,1,interactive,0.035955,2048,0.0543,roundtrip,16,2186,2744,2744,1271992,19549,2127032,1271992,65,33280.000,0.0,2848,2848,64
local-latency,latency3-before.log,before,3,aztable,1,interactive,0.035638,2048,0.0548,roundtrip,16,2255,2555,2555,1302216,19496,2118008,1302216,65,33280.000,0.0,2848,2848,64
local-latency,latency3-before.log,before,4,aztable,1,interactive,0.039957,2048,0.0489,roundtrip,16,2391,3551,3551,1395088,19552,2215320,1395088,65,33280.000,0.0,2848,2848,64
local-latency,latency3-before.log,before,5,aztable,1,interactive,0.050268,2048,0.0389,roundtrip,16,3045,3587,3587,1349576,19532,2172656,1349576,65,33280.000,0.0,2848,2848,64
local-latency,latency3-before.log,before,6,aztable,1,interactive,0.056902,2048,0.0343,roundtrip,16,3512,4420,4420,1308736,19530,2174448,1308736,65,33280.000,0.0,2848,2848,64
local-latency,latency3-before.log,before,7,aztable,1,interactive,0.045263,2048,0.0432,roundtrip,16,2878,3524,3524,1354824,19560,2260904,1354824,65,33280.000,0.0,2848,2848,64
local-latency,latency3-before.log,before,8,aztable,1,interactive,0.044249,2048,0.0441,roundtrip,16,2683,3365,3365,1222984,19503,2129720,1222984,65,33280.000,0.0,2848,2848,64
local-latency,latency3-before.log,before,9,aztable,1,interactive,0.058911,2048,0.0332,roundtrip,16,3770,4459,4459,1349432,19534,2176488,1349432,65,33280.000,0.0,2848,2848,64
local-latency,latency3-before.log,before,10,aztable,1,interactive,0.037428,2048,0.0522,roundtrip,16,2296,3482,3482,1223768,19512,2174536,1223768,65,33280.000,0.0,2848,2848,64
local-latency,latency4-after.log,after,1,aztable,1,interactive,0.032670,2048,0.0598,roundtrip,16,1908,2980,2980,1180192,17906,2059672,1180192,65,33280.000,0.0,2848,2848,64
local-latency,latency4-after.log,after,2,aztable,1,interactive,0.030189,2048,0.0647,roundtrip,16,1865,2605,2605,1219648,17910,2073904,1219648,65,33280.000,0.0,2848,2848,64
local-latency,latency4-after.log,after,3,aztable,1,interactive,0.034617,2048,0.0564,roundtrip,16,2095,2827,2827,1306216,17938,2118024,1306216,65,33280.000,0.0,2848,2848,64
local-latency,latency4-after.log,after,4,aztable,1,interactive,0.037374,2048,0.0523,roundtrip,16,2244,3113,3113,1306008,17940,2162456,1306008,65,33280.000,0.0,2848,2848,64
local-latency,latency4-after.log,after,5,aztable,1,interactive,0.034160,2048,0.0572,roundtrip,16,2007,2839,2839,1265576,17937,2082416,1265576,65,33280.000,0.0,2848,2848,64
local-latency,latency4-after.log,after,6,aztable,1,interactive,0.033186,2048,0.0589,roundtrip,16,2061,2397,2397,1259456,17904,2078784,1259456,65,33280.000,0.0,2848,2848,64
local-latency,latency4-after.log,after,7,aztable,1,interactive,0.031430,2048,0.0621,roundtrip,16,1945,2215,2215,1306880,17945,2128560,1306880,65,33280.000,0.0,2848,2848,64
local-latency,latency4-after.log,after,8,aztable,1,interactive,0.032217,2048,0.0606,roundtrip,16,1965,2433,2433,1177008,17898,2043520,1177008,65,33280.000,0.0,2848,2848,64
local-latency,latency4-after.log,after,9,aztable,1,interactive,0.036675,2048,0.0533,roundtrip,16,2279,2600,2600,1259984,17908,2087288,1259984,65,33280.000,0.0,2848,2848,64
local-latency,latency4-after.log,after,10,aztable,1,interactive,0.038314,2048,0.0510,roundtrip,16,2046,5028,5028,1263720,17930,2089128,1263720,65,33280.000,0.0,2848,2848,64
local-latency,latency4-before.log,before,1,aztable,1,interactive,0.035290,2048,0.0553,roundtrip,16,2163,2832,2832,1316488,19575,2195152,1316488,65,33280.000,0.0,2848,2848,64
local-latency,latency4-before.log,before,2,aztable,1,interactive,0.032566,2048,0.0600,roundtrip,16,1846,3430,3430,1306648,19521,2118360,1306648,65,33280.000,0.0,2848,2848,64
local-latency,latency4-before.log,before,3,aztable,1,interactive,0.031987,2048,0.0611,roundtrip,16,1938,2648,2648,1402040,19596,2214136,1402040,65,33280.000,0.0,2848,2848,64
local-latency,latency4-before.log,before,4,aztable,1,interactive,0.034256,2048,0.0570,roundtrip,16,2187,2574,2574,1383528,19546,2198536,1383528,65,33280.000,0.0,2848,2848,64
local-latency,latency4-before.log,before,5,aztable,1,interactive,0.034924,2048,0.0559,roundtrip,16,2095,2652,2652,1222544,19497,2124112,1222544,65,33280.000,0.0,2848,2848,64
local-latency,latency4-before.log,before,6,aztable,1,interactive,0.033869,2048,0.0577,roundtrip,16,2093,2403,2403,1265072,19518,2083912,1265072,65,33280.000,0.0,2848,2848,64
local-latency,latency4-before.log,before,7,aztable,1,interactive,0.036221,2048,0.0539,roundtrip,16,2070,3442,3442,1392072,19551,2252848,1392072,65,33280.000,0.0,2848,2848,64
local-latency,latency4-before.log,before,8,aztable,1,interactive,0.035313,2048,0.0553,roundtrip,16,2180,2779,2779,1394112,19546,2296240,1394112,65,33280.000,0.0,2848,2848,64
local-latency,latency4-before.log,before,9,aztable,1,interactive,0.039481,2048,0.0495,roundtrip,16,2264,3716,3716,1308168,19533,2130520,1308168,65,33280.000,0.0,2848,2848,64
local-latency,latency4-before.log,before,10,aztable,1,interactive,0.035356,2048,0.0552,roundtrip,16,2204,2688,2688,1229136,19534,2132128,1229136,65,33280.000,0.0,2848,2848,64
local-latency,latency5-after.log,after,1,aztable,1,interactive,0.035688,2048,0.0547,roundtrip,16,2173,3046,3046,1265240,17933,2144176,1265240,65,33280.000,0.0,2848,2848,64
local-latency,latency5-after.log,after,2,aztable,1,interactive,0.029746,2048,0.0657,roundtrip,16,1776,2235,2235,1301440,17919,2105680,1301440,65,33280.000,0.0,2848,2848,64
local-latency,latency5-after.log,after,3,aztable,1,interactive,0.028264,2048,0.0691,roundtrip,16,1745,2220,2220,1176192,17893,2031680,1176192,65,33280.000,0.0,2848,2848,64
local-latency,latency5-after.log,after,4,aztable,1,interactive,0.028673,2048,0.0681,roundtrip,16,1726,2274,2274,1175528,17888,2035400,1175528,65,33280.000,0.0,2848,2848,64
local-latency,latency5-after.log,after,5,aztable,1,interactive,0.028214,2048,0.0692,roundtrip,16,1659,2309,2309,1351248,17962,2168976,1351248,65,33280.000,0.0,2848,2848,64
local-latency,latency5-after.log,after,6,aztable,1,interactive,0.030517,2048,0.0640,roundtrip,16,1762,2787,2787,1301024,17919,2122064,1301024,65,33280.000,0.0,2848,2848,64
local-latency,latency5-after.log,after,7,aztable,1,interactive,0.028145,2048,0.0694,roundtrip,16,1678,2083,2083,1306968,17944,2133088,1306968,65,33280.000,0.0,2848,2848,64
local-latency,latency5-after.log,after,8,aztable,1,interactive,0.032130,2048,0.0608,roundtrip,16,2042,2848,2848,1261200,17911,2131416,1261200,65,33280.000,0.0,2848,2848,64
local-latency,latency5-after.log,after,9,aztable,1,interactive,0.026745,2048,0.0730,roundtrip,16,1640,1854,1854,1259528,17906,2091096,1259528,65,33280.000,0.0,2848,2848,64
local-latency,latency5-after.log,after,10,aztable,1,interactive,0.029076,2048,0.0672,roundtrip,16,1711,2488,2488,1343232,17926,2172232,1343232,65,33280.000,0.0,2848,2848,64
local-latency,latency5-before.log,before,1,aztable,1,interactive,0.037711,2048,0.0518,roundtrip,16,2287,2868,2868,1230384,19542,2109368,1230384,65,33280.000,0.0,2848,2848,64
local-latency,latency5-before.log,before,2,aztable,1,interactive,0.037706,2048,0.0518,roundtrip,16,2371,2657,2657,1352256,19551,2157904,1352256,65,33280.000,0.0,2848,2848,64
local-latency,latency5-before.log,before,3,aztable,1,interactive,0.038776,2048,0.0504,roundtrip,16,2371,3502,3502,1229136,19530,2080168,1229136,65,33280.000,0.0,2848,2848,64
local-latency,latency5-before.log,before,4,aztable,1,interactive,0.046348,2048,0.0421,roundtrip,16,2818,4549,4549,1398904,19583,2210024,1398904,65,33280.000,0.0,2848,2848,64
local-latency,latency5-before.log,before,5,aztable,1,interactive,0.048684,2048,0.0401,roundtrip,16,3047,3743,3743,1224576,19514,2156392,1224576,65,33280.000,0.0,2848,2848,64
local-latency,latency5-before.log,before,6,aztable,1,interactive,0.035132,2048,0.0556,roundtrip,16,1960,3490,3490,1311264,19545,2171000,1311264,65,33280.000,0.0,2848,2848,64
local-latency,latency5-before.log,before,7,aztable,1,interactive,0.035189,2048,0.0555,roundtrip,16,2165,2892,2892,1354112,19551,2172752,1354112,65,33280.000,0.0,2848,2848,64
local-latency,latency5-before.log,before,8,aztable,1,interactive,0.036207,2048,0.0539,roundtrip,16,2290,2458,2458,1226744,19522,2215192,1226744,65,33280.000,0.0,2848,2848,64
local-latency,latency5-before.log,before,9,aztable,1,interactive,0.035207,2048,0.0555,roundtrip,16,1946,4715,4715,1225312,19511,2179520,1225312,65,33280.000,0.0,2848,2848,64
local-latency,latency5-before.log,before,10,aztable,1,interactive,0.044362,2048,0.0440,roundtrip,16,2202,8693,8693,1266648,19515,2259560,1266648,65,33280.000,0.0,2848,2848,64
local-long,sustained1-after.log,after,1,aztable,1,stream,3.334083,67108864,19.1957,write,256,5305,14709,16699,1842847256,182726,19250336,18371080,328,5.125,0.0,67115289,67115289,262144
local-long,sustained1-after.log,after,2,aztable,4,stream,4.394190,268435456,58.2587,write,1024,15929,27788,32258,6891413840,752441,58330416,53158256,1446,5.648,0.0,268461156,268461156,262144
local-long,sustained1-before.log,before,1,aztable,1,stream,3.278885,67108864,19.5188,write,256,10485,16891,19387,2208858632,216024,19516848,18636488,331,5.172,0.0,67115289,67115289,262144
local-long,sustained1-before.log,before,2,aztable,4,stream,6.981530,268435456,36.6682,write,1024,23982,39487,46658,8418483768,973442,44947432,40267608,1817,7.098,0.0,268461156,268461156,262144
local-long,sustained2-after.log,after,1,aztable,1,stream,3.327519,67108864,19.2335,write,256,5572,14080,16953,1811917608,182368,19747776,18867400,329,5.141,0.0,67115289,67115289,262144
local-long,sustained2-after.log,after,2,aztable,4,stream,4.878212,268435456,52.4782,write,1024,16581,29264,37809,6853397448,762063,58112568,53269824,1485,5.801,0.0,268461156,268461156,262144
local-long,sustained2-before.log,before,1,aztable,1,stream,3.264913,67108864,19.6024,write,256,10455,19056,20489,2222092776,216308,18755928,17876160,330,5.156,0.0,67115289,67115289,262144
local-long,sustained2-before.log,before,2,aztable,4,stream,6.734354,268435456,38.0140,write,1024,23688,41182,47492,8402963192,980621,51912896,47025744,1854,7.242,0.0,268461156,268461156,262144
local-long,sustained3-after.log,after,1,aztable,1,stream,3.463091,67108864,18.4806,write,256,5325,14345,15637,1803823392,182405,18684624,17804472,328,5.125,0.0,67115289,67115289,262144
local-long,sustained3-after.log,after,2,aztable,4,stream,4.711676,268435456,54.3331,write,1024,16073,27481,35746,6864327120,760612,58455760,53222440,1475,5.762,0.0,268461156,268461156,262144
local-long,sustained3-before.log,before,1,aztable,1,stream,3.304151,67108864,19.3696,write,256,10612,19024,21363,2215342344,216785,19053944,18214088,332,5.188,0.0,67115289,67115289,262144
local-long,sustained3-before.log,before,2,aztable,4,stream,6.617946,268435456,38.6827,write,1024,23530,40399,47974,8417461904,973367,44977576,40144344,1814,7.086,0.0,268461156,268461156,262144
local-original,original-baseline.log,before,1,azblob,1,idle,0.100455,0,0.0000,delivery,,,0,,177952,2216,943504,177952,11,,,0,0,0
local-original,original-baseline.log,before,2,azblob,1,interactive,0.158294,2048,0.0123,roundtrip,,,14338,,1038336,16609,1849168,1038336,65,33280.0,,2848,2848,64
local-original,original-baseline.log,before,3,azblob,1,bulk,0.041479,1048576,24.1086,delivery,,,12850,,3060080,2298,3405088,2454480,9,9.0,,1048676,1048676,262144
local-original,original-baseline.log,before,4,azblob,1,slow,0.192357,131072,0.6498,delivery,,,52601,,412656,2741,2886416,412656,9,72.0,,131172,131172,32768
local-original,original-baseline.log,before,5,azblob,4,idle,0.100316,0,0.0000,delivery,,,0,,701496,8765,3855104,701496,44,,,0,0,0
local-original,original-baseline.log,before,6,azblob,4,interactive,0.191541,8192,0.0408,roundtrip,,,23628,,4236096,66598,5526344,2330176,260,33280.0,,11392,11392,64
local-original,original-baseline.log,before,7,azblob,4,bulk,0.062055,4194304,64.4591,delivery,,,20787,,10372280,9051,13039176,9781112,36,9.0,,4194704,4194704,262144
local-original,original-baseline.log,before,8,azblob,4,slow,0.194074,524288,2.5763,delivery,,,51909,,2060904,10962,10610336,2060904,36,72.0,,524688,524688,32768
local-original,original-baseline.log,before,9,azblob,16,idle,0.100294,0,0.0000,delivery,,,0,,2934144,36742,11894312,2934144,183,,,0,0,0
local-original,original-baseline.log,before,10,azblob,16,interactive,0.498284,32768,0.0627,roundtrip,,,40769,,16352960,266632,14893792,5873704,1040,33280.0,,45568,45568,64
local-original,original-baseline.log,before,11,azblob,16,bulk,0.169351,16777216,94.4786,delivery,,,57660,,43324168,36844,47291632,37830456,144,9.0,,16778816,16778816,262144
local-original,original-baseline.log,before,12,azblob,16,slow,0.221970,2097152,9.0102,delivery,,,59084,,8288880,44900,39395080,8288880,144,72.0,,2098752,2098752,32768
local-original,original-baseline.log,before,13,azqueue,1,idle,0.100668,0,0.0000,delivery,,,0,,148560,1899,25040184,148560,12,,,0,0,0
local-original,original-baseline.log,before,14,azqueue,1,interactive,0.264887,2048,0.0074,roundtrip,,,18439,,1801040,23267,3403664,1164264,97,49664.0,,2848,2848,64
local-original,original-baseline.log,before,15,azqueue,1,bulk,0.195690,1048576,5.1101,delivery,,,88233,,24120832,14541,7143192,4910448,53,53.0,,1049176,1049176,262144
local-original,original-baseline.log,before,16,azqueue,1,slow,0.209665,131072,0.5962,delivery,,,60728,,3452504,3688,4935712,2019368,13,104.0,,131172,131172,32768
local-original,original-baseline.log,before,17,azqueue,4,idle,0.100508,0,0.0000,delivery,,,0,,545816,7047,3677496,545816,44,,,0,0,0
local-original,original-baseline.log,before,18,azqueue,4,interactive,0.272812,8192,0.0286,roundtrip,,,61007,,7130192,93156,5077824,1860200,388,49664.0,,11392,11392,64
local-original,original-baseline.log,before,19,azqueue,4,bulk,0.228129,4194304,17.5340,delivery,,,79479,,98501224,57152,18665296,15302256,212,53.0,,4196704,4196704,262144
local-original,original-baseline.log,before,20,azqueue,4,slow,0.191925,524288,2.6052,delivery,,,54663,,14045176,14730,11788960,4742824,52,104.0,,524688,524688,32768
local-original,original-baseline.log,before,21,azqueue,16,idle,0.101760,0,0.0000,delivery,,,0,,2275048,29161,11785640,2275048,177,,,0,0,0
local-original,original-baseline.log,before,22,azqueue,16,interactive,0.630885,32768,0.0495,roundtrip,,,52076,,27303296,372370,17781256,8302920,1552,49664.0,,45568,45568,64
local-original,original-baseline.log,before,23,azqueue,16,bulk,0.796917,16777216,20.0774,delivery,,,238521,,389414112,228406,65530192,55923368,848,53.0,,16786816,16786816,262144
local-original,original-baseline.log,before,24,azqueue,16,slow,0.225468,2097152,8.8704,delivery,,,91511,,56255120,59064,46138776,21922416,208,104.0,,2098752,2098752,32768
local-original,original-baseline.log,before,25,aztable,1,idle,0.100437,0,0.0000,delivery,,,0,,154496,2298,22616184,154496,11,,,0,0,0
local-original,original-baseline.log,before,26,aztable,1,interactive,0.080628,2048,0.0242,roundtrip,,,6432,,1356680,19551,2894448,952136,65,33280.0,,2848,2848,64
local-original,original-baseline.log,before,27,aztable,1,bulk,0.147193,1048576,6.7938,delivery,,,49215,,39746088,3963,10534512,8844000,9,9.0,,1048676,1048676,262144
local-original,original-baseline.log,before,28,aztable,1,slow,0.204214,131072,0.6121,delivery,,,56323,,4357104,3303,7279568,3230264,9,72.0,,131172,131172,32768
local-original,original-baseline.log,before,29,aztable,4,idle,0.100486,0,0.0000,delivery,,,0,,633296,9290,4017376,633296,44,,,0,0,0
local-original,original-baseline.log,before,30,aztable,4,interactive,0.096407,8192,0.0810,roundtrip,,,11524,,5137384,78376,6179096,2671304,260,33280.0,,11392,11392,64
local-original,original-baseline.log,before,31,aztable,4,bulk,0.133768,4194304,29.9025,delivery,,,45384,,148696000,15539,28241240,24623576,36,9.0,,4194704,4194704,262144
local-original,original-baseline.log,before,32,aztable,4,slow,0.179628,524288,2.7835,delivery,,,47059,,17081400,13079,17346200,7756376,36,72.0,,524688,524688,32768
local-original,original-baseline.log,before,33,aztable,16,idle,0.101222,0,0.0000,delivery,,,0,,2412064,35435,13790904,2412064,169,,,0,0,0
local-original,original-baseline.log,before,34,aztable,16,interactive,0.288995,32768,0.1081,roundtrip,,,31604,,20351424,312589,20759904,8936544,1040,33280.0,,45568,45568,64
local-original,original-baseline.log,before,35,aztable,16,bulk,0.468408,16777216,34.1582,delivery,,,265801,,530663904,61200,93882496,82901016,144,9.0,,16778816,16778816,262144
local-original,original-baseline.log,before,36,aztable,16,slow,0.209165,2097152,9.5618,delivery,,,69449,,67533832,52521,60187352,27308784,144,72.0,,2098752,2098752,32768
local-paired,round1-after.log,after,1,aztable,1,idle,1.000488,0,0.0000,delivery,0,0,0,0,1044120,15750,1886088,1044120,76,0.000,273466.5,0,0,0
local-paired,round1-after.log,after,2,aztable,1,interactive,0.149055,2048,0.0131,roundtrip,16,8778,16776,16776,1349456,17955,2060048,1349456,65,33280.000,0.0,2848,2848,64
local-paired,round1-after.log,after,3,aztable,1,stream,0.267254,4194304,14.9671,write,64,2174,5809,11195,113995368,31595,6254200,5540328,85,21.250,0.0,4195929,4195929,65536
local-paired,round1-after.log,after,4,aztable,1,duplex,0.232945,8388608,34.3429,write,128,2254,4685,5478,226710944,60912,9097152,7476416,168,21.000,0.0,8391858,8391858,65536
local-paired,round1-after.log,after,5,aztable,1,wake,1.007613,1,0.0000,delivery,1,7067,7067,7067,1103744,16676,3587032,1103744,80,83886080.000,0.0,26,26,1
local-paired,round1-after.log,after,6,aztable,4,idle,1.000522,0,0.0000,delivery,0,0,0,0,4389792,66474,3514560,1175880,322,0.000,289648.8,0,0,0
local-paired,round1-after.log,after,7,aztable,4,interactive,0.075786,8192,0.1031,roundtrip,64,4201,12310,14395,5243056,71970,3273888,1480976,260,33280.000,0.0,11392,11392,64
local-paired,round1-after.log,after,8,aztable,4,stream,0.381499,16777216,41.9399,write,256,5076,9831,14223,441964888,140703,14156136,12390328,408,25.500,0.0,16783716,16783716,65536
local-paired,round1-after.log,after,9,aztable,4,duplex,0.681430,33554432,46.9601,write,512,9413,16764,20341,834969768,306402,22378056,17446728,945,29.531,0.0,33567432,33567432,65536
local-paired,round1-after.log,after,10,aztable,4,wake,1.019624,4,0.0000,delivery,4,13812,19238,19238,4927528,72234,9759472,3490960,348,91226112.000,0.0,104,104,1
local-paired,round1-after.log,after,11,aztable,16,idle,1.000379,0,0.0000,delivery,0,0,0,0,19705472,295056,14721736,6071968,1423,0.000,320053.6,0,0,0
local-paired,round1-after.log,after,12,aztable,16,interactive,0.215426,32768,0.1451,roundtrip,256,11222,22650,56153,19481232,286950,16492192,7763536,1040,33280.000,0.0,45568,45568,64
local-paired,round1-after.log,after,13,aztable,16,stream,1.400507,67108864,45.6978,write,1024,18737,35572,43005,1587076496,620085,51813216,43101048,1938,30.281,0.0,67134864,67134864,65536
local-paired,round1-after.log,after,14,aztable,16,duplex,2.762357,134217728,46.3372,write,2048,31446,53637,96746,3122277896,1240349,79046168,60953992,3912,30.562,0.0,134269728,134269728,65536
local-paired,round1-after.log,after,15,aztable,16,wake,1.021869,16,0.0000,delivery,16,12659,20592,20592,21089232,312293,43614376,17981304,1500,98304000.000,0.0,416,416,1
local-paired,round1-before.log,before,1,aztable,1,idle,1.000546,0,0.0000,delivery,0,0,0,0,973968,14705,1899096,973968,71,0.000,255460.4,0,0,0
local-paired,round1-before.log,before,2,aztable,1,interactive,0.074449,2048,0.0262,roundtrip,16,3971,8282,8282,1354264,19547,2248024,1354264,65,33280.000,0.0,2848,2848,64
local-paired,round1-before.log,before,3,aztable,1,stream,0.254365,4194304,15.7254,write,64,3785,5448,6036,139128320,41232,4420144,3698504,101,25.250,0.0,4195929,4195929,65536
local-paired,round1-before.log,before,4,aztable,1,duplex,0.278709,8388608,28.7038,write,128,4115,5634,7360,280973216,82503,6361632,5205304,209,26.125,0.0,8391858,8391858,65536
local-paired,round1-before.log,before,5,aztable,1,wake,1.014633,1,0.0000,delivery,1,14250,14250,14250,1149816,16744,2770144,979560,80,83886080.000,0.0,26,26,1
local-paired,round1-before.log,before,6,aztable,4,idle,1.001035,0,0.0000,delivery,0,0,0,0,4343288,65749,4173760,1570888,319,0.000,286803.1,0,0,0
local-paired,round1-before.log,before,7,aztable,4,interactive,0.075409,8192,0.1036,roundtrip,64,4189,8791,11105,5147168,78247,4844360,2323576,260,33280.000,0.0,11392,11392,64
local-paired,round1-before.log,before,8,aztable,4,stream,0.503534,16777216,31.7754,write,256,6669,12223,13622,544229112,178158,13385480,10681048,473,29.562,0.0,16783716,16783716,65536
local-paired,round1-before.log,before,9,aztable,4,duplex,1.010649,33554432,31.6628,write,512,13036,24961,89159,1039014064,366586,20147504,16521000,1016,31.750,0.0,33567432,33567432,65536
local-paired,round1-before.log,before,10,aztable,4,wake,1.013404,4,0.0000,delivery,4,9046,13255,13255,4801376,70988,10200136,3754232,340,89128960.000,0.0,104,104,1
local-paired,round1-before.log,before,11,aztable,16,idle,1.000686,0,0.0000,delivery,0,0,0,0,19682968,295570,12891024,5190480,1427,0.000,320854.9,0,0,0
local-paired,round1-before.log,before,12,aztable,16,interactive,0.257582,32768,0.1213,roundtrip,256,13466,26080,51769,20208120,312800,13753752,6464824,1040,33280.000,0.0,45568,45568,64
local-paired,round1-before.log,before,13,aztable,16,stream,2.164951,67108864,29.5619,write,1024,27595,55627,199657,1989698776,739335,45121704,37778272,2077,32.453,0.0,67134864,67134864,65536
local-paired,round1-before.log,before,14,aztable,16,duplex,4.486860,134217728,28.5277,write,2048,54277,70386,200097,3909971288,1462336,77604256,63124168,4125,32.227,0.0,134269728,134269728,65536
local-paired,round1-before.log,before,15,aztable,16,wake,1.021889,16,0.0000,delivery,16,14003,21386,21386,20966432,311479,43411832,18165016,1492,97779712.000,0.0,416,416,1
local-paired,round2-after.log,after,1,aztable,1,idle,1.000688,0,0.0000,delivery,0,0,0,0,974592,14674,1856488,974592,71,0.000,255424.2,0,0,0
local-paired,round2-after.log,after,2,aztable,1,interactive,0.139239,2048,0.0140,roundtrip,16,8416,10136,10136,1353624,17983,2070720,1353624,65,33280.000,0.0,2848,2848,64
local-paired,round2-after.log,after,3,aztable,1,stream,0.264618,4194304,15.1161,write,64,2426,6962,8207,113274600,31631,5825680,4885960,85,21.250,0.0,4195929,4195929,65536
local-paired,round2-after.log,after,4,aztable,1,duplex,0.233479,8388608,34.2643,write,128,2219,5148,5673,224861968,61061,9135160,7681496,169,21.125,0.0,8391858,8391858,65536
local-paired,round2-after.log,after,5,aztable,1,wake,1.006368,1,0.0000,delivery,1,6053,6053,6053,1115144,16872,3683880,1115144,81,84934656.000,0.0,26,26,1
local-paired,round2-after.log,after,6,aztable,4,idle,1.000411,0,0.0000,delivery,0,0,0,0,4324704,65404,3544976,1206264,317,0.000,285182.7,0,0,0
local-paired,round2-after.log,after,7,aztable,4,interactive,0.072977,8192,0.1071,roundtrip,64,3712,9933,12820,5068576,72111,3555512,1718928,260,33280.000,0.0,11392,11392,64
local-paired,round2-after.log,after,8,aztable,4,stream,0.353111,16777216,45.3115,write,256,4967,9244,11534,442854448,136583,13548168,11734488,390,24.375,0.0,16783716,16783716,65536
local-paired,round2-after.log,after,9,aztable,4,duplex,0.694033,33554432,46.1073,write,512,9366,17770,19627,827710040,309043,21567920,17682176,955,29.844,0.0,33567432,33567432,65536
local-paired,round2-after.log,after,10,aztable,4,wake,1.017130,4,0.0000,delivery,4,8750,17020,17020,4754568,70190,10179232,3685008,338,88604672.000,0.0,104,104,1
local-paired,round2-after.log,after,11,aztable,16,idle,1.001257,0,0.0000,delivery,0,0,0,0,19539136,294027,14760792,6103672,1424,0.000,319997.9,0,0,0
local-paired,round2-after.log,after,12,aztable,16,interactive,0.226005,32768,0.1383,roundtrip,256,11513,24102,45699,19621784,286929,15207696,7238680,1040,33280.000,0.0,45568,45568,64
local-paired,round2-after.log,after,13,aztable,16,stream,1.452760,67108864,44.0541,write,1024,19531,37890,54033,1586459568,636080,47868864,39500952,2013,31.453,0.0,67134864,67134864,65536
local-paired,round2-after.log,after,14,aztable,16,duplex,2.844081,134217728,45.0058,write,2048,35149,55146,106912,3133792472,1226242,77220728,62510256,3862,30.172,0.0,134269728,134269728,65536
local-paired,round2-after.log,after,15,aztable,16,wake,1.022438,16,0.0000,delivery,16,15442,21187,21187,21148312,310378,37800256,15561488,1485,97320960.000,0.0,416,416,1
local-paired,round2-before.log,before,1,aztable,1,idle,1.000186,0,0.0000,delivery,0,0,0,0,1027680,15525,1912448,1027680,75,0.000,269949.7,0,0,0
local-paired,round2-before.log,before,2,aztable,1,interactive,0.164012,2048,0.0119,roundtrip,16,9425,18218,18218,1348424,19519,2198248,1348424,65,33280.000,0.0,2848,2848,64
local-paired,round2-before.log,before,3,aztable,1,stream,0.277124,4194304,14.4340,write,64,3547,8388,10141,141391320,40528,5182984,4468280,98,24.500,0.0,4195929,4195929,65536
local-paired,round2-before.log,before,4,aztable,1,duplex,0.268896,8388608,29.7513,write,128,3779,5517,7222,279452712,80518,7886416,6132344,201,25.125,0.0,8391858,8391858,65536
local-paired,round2-before.log,before,5,aztable,1,wake,1.015355,1,0.0000,delivery,1,14836,14836,14836,1137544,16546,2844864,835208,79,82837504.000,0.0,26,26,1
local-paired,round2-before.log,before,6,aztable,4,idle,1.000269,0,0.0000,delivery,0,0,0,0,4417768,66887,3337800,1161384,324,0.000,291521.5,0,0,0
local-paired,round2-before.log,before,7,aztable,4,interactive,0.088966,8192,0.0878,roundtrip,64,3491,28177,29661,5161112,78261,4374408,2150256,260,33280.000,0.0,11392,11392,64
local-paired,round2-before.log,before,8,aztable,4,stream,0.506271,16777216,31.6036,write,256,7005,11889,13337,540051392,184262,12807112,10614592,502,31.375,0.0,16783716,16783716,65536
local-paired,round2-before.log,before,9,aztable,4,duplex,1.018771,33554432,31.4104,write,512,13705,25818,29115,1040659280,367223,21020960,17690080,1021,31.906,0.0,33567432,33567432,65536
local-paired,round2-before.log,before,10,aztable,4,wake,1.011133,4,0.0000,delivery,4,8680,10656,10656,4726312,69257,9897264,3371400,330,86507520.000,0.0,104,104,1
local-paired,round2-before.log,before,11,aztable,16,idle,1.001138,0,0.0000,delivery,0,0,0,0,19664448,295558,13110624,5158880,1429,0.000,321159.6,0,0,0
local-paired,round2-before.log,before,12,aztable,16,interactive,0.233146,32768,0.1340,roundtrip,256,12177,25642,32116,20115600,313080,15323000,7484608,1040,33280.000,0.0,45568,45568,64
local-paired,round2-before.log,before,13,aztable,16,stream,2.062742,67108864,31.0267,write,1024,28565,55919,70556,1993810856,717526,50921240,42250200,1983,30.984,0.0,67134864,67134864,65536
local-paired,round2-before.log,before,14,aztable,16,duplex,4.371514,134217728,29.2805,write,2048,53404,94965,444864,3912318696,1467596,75259768,57703712,4154,32.453,0.0,134269728,134269728,65536
local-paired,round2-before.log,before,15,aztable,16,wake,1.021800,16,0.0000,delivery,16,11019,20861,20861,20999688,307624,42336200,17685080,1467,96141312.000,0.0,416,416,1
local-paired,round3-after.log,after,1,aztable,1,idle,1.000588,0,0.0000,delivery,0,0,0,0,1017552,15347,1900216,1017552,74,0.000,266243.4,0,0,0
local-paired,round3-after.log,after,2,aztable,1,interactive,0.116988,2048,0.0167,roundtrip,16,4145,27444,27444,1308592,17952,2028304,1308592,65,33280.000,0.0,2848,2848,64
local-paired,round3-after.log,after,3,aztable,1,stream,0.266773,4194304,14.9940,write,64,2254,5502,8308,111822560,31814,5932920,4907968,86,21.500,0.0,4195929,4195929,65536
local-paired,round3-after.log,after,4,aztable,1,duplex,0.235756,8388608,33.9333,write,128,2203,4686,6442,226235400,61027,9203792,7545368,168,21.000,0.0,8391858,8391858,65536
local-paired,round3-after.log,after,5,aztable,1,wake,1.010982,1,0.0000,delivery,1,10521,10521,10521,1088888,16461,3656768,1088888,79,82837504.000,0.0,26,26,1
local-paired,round3-after.log,after,6,aztable,4,idle,1.000473,0,0.0000,delivery,0,0,0,0,4266568,64610,3837744,1359984,313,0.000,281566.8,0,0,0
local-paired,round3-after.log,after,7,aztable,4,interactive,0.072202,8192,0.1082,roundtrip,64,3930,11061,12391,5198584,71948,4940584,2455848,260,33280.000,0.0,11392,11392,64
local-paired,round3-after.log,after,8,aztable,4,stream,0.339727,16777216,47.0967,write,256,4875,8018,9413,437907856,136027,15315272,12766808,389,24.312,0.0,16783716,16783716,65536
local-paired,round3-after.log,after,9,aztable,4,duplex,0.683463,33554432,46.8204,write,512,9270,17514,21597,836092344,307875,22265296,18070472,950,29.688,0.0,33567432,33567432,65536
local-paired,round3-after.log,after,10,aztable,4,wake,1.014703,4,0.0000,delivery,4,8222,14483,14483,4708384,70151,10450824,3705720,338,88604672.000,0.0,104,104,1
local-paired,round3-after.log,after,11,aztable,16,idle,1.000895,0,0.0000,delivery,0,0,0,0,19535568,293586,12786144,5253104,1418,0.000,318764.7,0,0,0
local-paired,round3-after.log,after,12,aztable,16,interactive,0.236780,32768,0.1320,roundtrip,256,11496,27980,46718,19577288,286870,13105176,6337632,1040,33280.000,0.0,45568,45568,64
local-paired,round3-after.log,after,13,aztable,16,stream,1.439472,67108864,44.4607,write,1024,19681,37038,41815,1582197064,638815,46051656,39307552,2021,31.578,0.0,67134864,67134864,65536
local-paired,round3-after.log,after,14,aztable,16,duplex,3.054091,134217728,41.9110,write,2048,38629,61884,233109,3096766096,1284568,73654680,58260200,4104,32.062,0.0,134269728,134269728,65536
local-paired,round3-after.log,after,15,aztable,16,wake,1.028338,16,0.0000,delivery,16,20877,27312,27312,21314792,314077,40307008,16768568,1507,98762752.000,0.0,416,416,1
local-paired,round3-before.log,before,1,aztable,1,idle,1.000456,0,0.0000,delivery,0,0,0,0,1030456,15544,1871344,1030456,75,0.000,269877.0,0,0,0
local-paired,round3-before.log,before,2,aztable,1,interactive,0.081002,2048,0.0241,roundtrip,16,4027,9147,9147,1360448,19589,2132952,1360448,65,33280.000,0.0,2848,2848,64
local-paired,round3-before.log,before,3,aztable,1,stream,0.244309,4194304,16.3727,write,64,3420,5291,6472,138299008,39091,4851800,3817776,93,23.250,0.0,4195929,4195929,65536
local-paired,round3-before.log,before,4,aztable,1,duplex,0.259450,8388608,30.8345,write,128,3742,5800,7405,281321504,78158,7013448,5730040,192,24.000,0.0,8391858,8391858,65536
local-paired,round3-before.log,before,5,aztable,1,wake,1.007592,1,0.0000,delivery,1,7008,7008,7008,1148928,16742,2775184,819304,80,83886080.000,0.0,26,26,1
local-paired,round3-before.log,before,6,aztable,4,idle,1.000371,0,0.0000,delivery,0,0,0,0,4282304,64783,3223224,1140000,314,0.000,282495.2,0,0,0
local-paired,round3-before.log,before,7,aztable,4,interactive,0.071538,8192,0.1092,roundtrip,64,3856,8112,10849,5332832,78345,4313728,2189136,260,33280.000,0.0,11392,11392,64
local-paired,round3-before.log,before,8,aztable,4,stream,0.495346,16777216,32.3006,write,256,6809,11728,14438,538798224,178160,13069760,10749976,475,29.688,0.0,16783716,16783716,65536
local-paired,round3-before.log,before,9,aztable,4,duplex,0.983546,33554432,32.5353,write,512,13298,25354,28728,1032561976,367920,20127264,16774048,1023,31.969,0.0,33567432,33567432,65536
local-paired,round3-before.log,before,10,aztable,4,wake,1.015912,4,0.0000,delivery,4,12276,15552,15552,4761328,69901,8223328,2965216,334,87556096.000,0.0,104,104,1
local-paired,round3-before.log,before,11,aztable,16,idle,1.000957,0,0.0000,delivery,0,0,0,0,19683264,297813,13561048,5451160,1442,0.000,324139.7,0,0,0
local-paired,round3-before.log,before,12,aztable,16,interactive,0.211697,32768,0.1476,roundtrip,256,10580,21519,54777,20349560,312784,13877416,6605552,1040,33280.000,0.0,45568,45568,64
local-paired,round3-before.log,before,13,aztable,16,stream,1.965887,67108864,32.5553,write,1024,27728,50982,88604,1988266552,727830,45715664,38360448,2024,31.625,0.0,67134864,67134864,65536
local-paired,round3-before.log,before,14,aztable,16,duplex,4.049062,134217728,31.6123,write,2048,50812,89652,239728,3921318864,1453084,76715416,61364784,4086,31.922,0.0,134269728,134269728,65536
local-paired,round3-before.log,before,15,aztable,16,wake,1.026690,16,0.0000,delivery,16,18020,25985,25985,21269160,313450,34918912,14302984,1498,98172928.000,0.0,416,416,1
local-sweep,sweep-1024-after.log,after,1,aztable,1,stream,1.844838,4194304,2.1682,write,4096,412,572,1826,295071912,2711974,3437320,2555632,8056,2014.000,0.0,4296729,4296729,1024
local-sweep,sweep-1024-before.log,before,1,azblob,1,stream,8.568429,4194304,0.4668,write,4096,1967,2987,3892,193064312,3160172,3050216,2242760,12077,3019.250,0.0,4296729,4296729,1024
local-sweep,sweep-1024-before.log,before,2,azqueue,1,stream,6.674922,4194304,0.5993,write,4096,1548,2179,2953,347271472,3408646,3339288,2155672,15051,3762.750,0.0,4296729,4296729,1024
local-sweep,sweep-1024-before.log,before,3,aztable,1,stream,2.181179,4194304,1.8339,write,4096,467,770,2187,330907776,2961983,3659128,2448080,8109,2027.250,0.0,4296729,4296729,1024
local-sweep,sweep-1048576-after.log,after,1,aztable,1,stream,0.228078,4194304,17.5379,write,4,24972,41869,41869,148484848,7859,34716520,33836416,17,4.250,0.0,4194529,4194529,1048576
local-sweep,sweep-1048576-before.log,before,1,azblob,1,stream,0.055605,4194304,71.9364,write,4,8906,14726,14726,12061456,3239,12038448,11230600,13,3.250,0.0,4194429,4194429,1048576
local-sweep,sweep-1048576-before.log,before,2,azqueue,1,stream,0.333486,4194304,11.9945,write,4,72736,101314,101314,97253808,86716,19344320,12017656,390,97.500,0.0,4196529,4196529,1048576
local-sweep,sweep-1048576-before.log,before,3,aztable,1,stream,0.230476,4194304,17.3554,write,4,43976,52513,52513,159149872,9659,38287288,31399824,19,4.750,0.0,4194529,4194529,1048576
local-sweep,sweep-16384-after.log,after,1,aztable,1,stream,0.260394,4194304,15.3613,write,256,830,1507,1666,122634392,131909,3521824,2640424,330,82.500,0.0,4200729,4200729,16384
local-sweep,sweep-16384-before.log,before,1,azblob,1,stream,0.518933,4194304,7.7081,write,256,1881,3101,3676,16951336,202578,3235640,2428648,775,193.750,0.0,4200729,4200729,16384
local-sweep,sweep-16384-before.log,before,2,azqueue,1,stream,0.661456,4194304,6.0473,write,256,2601,3175,3917,120518568,232125,3425336,2420880,1010,252.500,0.0,4200729,4200729,16384
local-sweep,sweep-16384-before.log,before,3,aztable,1,stream,0.312418,4194304,12.8034,write,256,1164,1509,2312,149888832,170160,3306752,2156944,422,105.500,0.0,4200729,4200729,16384
local-sweep,sweep-262144-after.log,after,1,aztable,1,stream,0.212405,4194304,18.8319,write,16,6099,13298,13298,120068168,11488,16319496,15439280,26,6.500,0.0,4194729,4194729,262144
local-sweep,sweep-262144-before.log,before,1,azblob,1,stream,0.076822,4194304,52.0682,write,16,4288,7083,7083,4382000,14842,4346568,3540360,57,14.250,0.0,4194729,4194729,262144
local-sweep,sweep-262144-before.log,before,2,azqueue,1,stream,0.344237,4194304,11.6199,write,16,20424,27196,27196,95205768,95042,6340512,4510240,425,106.250,0.0,4196729,4196729,262144
local-sweep,sweep-262144-before.log,before,3,aztable,1,stream,0.228891,4194304,17.4756,write,16,10653,19406,19406,143781096,14404,14556752,12144192,29,7.250,0.0,4194729,4194729,262144
local-sweep,sweep-65536-after.log,after,1,aztable,1,stream,0.221417,4194304,18.0655,write,64,1903,4604,5218,113810744,31644,5782304,4903240,85,21.250,0.0,4195929,4195929,65536
local-sweep,sweep-65536-before.log,before,1,azblob,1,stream,0.216964,4194304,18.4362,write,64,3018,5042,5330,6910920,64622,3292304,2486112,246,61.500,0.0,4195929,4195929,65536
local-sweep,sweep-65536-before.log,before,2,azqueue,1,stream,0.416808,4194304,9.5967,write,64,6271,7673,10372,100710856,124605,3565304,2304400,552,138.000,0.0,4197529,4197529,65536
local-sweep,sweep-65536-before.log,before,3,aztable,1,stream,0.231652,4194304,17.2673,write,64,3367,4456,4734,138943064,41131,5179056,3698840,101,25.250,0.0,4195929,4195929,65536
