source,account,write_size,phase,connections,setup_ms,SDK_attempts,listener_cleanup_ms
round1-write1048576-standardacct.log,standardacct,1048576,setup,1,418.288,15,
round1-write1048576-standardacct.log,standardacct,1048576,lifecycle,,,32,89.002
round1-write1048576-premiumblob.log,premiumblob,1048576,setup,1,1650.166,15,
round1-write1048576-premiumblob.log,premiumblob,1048576,lifecycle,,,33,357.492
round1-write262144-standardacct.log,standardacct,262144,setup,1,410.571,15,
round1-write262144-standardacct.log,standardacct,262144,lifecycle,,,61,87.313
round1-write262144-premiumblob.log,premiumblob,262144,setup,1,1770.516,15,
round1-write262144-premiumblob.log,premiumblob,262144,lifecycle,,,46,552.731
round1-write65536-standardacct.log,standardacct,65536,setup,1,448.008,15,
round1-write65536-standardacct.log,standardacct,65536,lifecycle,,,160,85.974
round1-write65536-premiumblob.log,premiumblob,65536,setup,1,1745.381,16,
round1-write65536-premiumblob.log,premiumblob,65536,lifecycle,,,158,344.341
round2-write1048576-standardacct.log,standardacct,1048576,setup,1,443.241,15,
round2-write1048576-standardacct.log,standardacct,1048576,lifecycle,,,32,90.080
round2-write1048576-premiumblob.log,premiumblob,1048576,setup,1,1608.204,15,
round2-write1048576-premiumblob.log,premiumblob,1048576,lifecycle,,,31,345.201
round2-write262144-standardacct.log,standardacct,262144,setup,1,445.111,15,
round2-write262144-standardacct.log,standardacct,262144,lifecycle,,,56,87.832
round2-write262144-premiumblob.log,premiumblob,262144,setup,1,1837.805,16,
round2-write262144-premiumblob.log,premiumblob,262144,lifecycle,,,47,351.482
round2-write65536-standardacct.log,standardacct,65536,setup,1,428.528,15,
round2-write65536-standardacct.log,standardacct,65536,lifecycle,,,163,88.426
round2-write65536-premiumblob.log,premiumblob,65536,setup,1,1533.461,15,
round2-write65536-premiumblob.log,premiumblob,65536,lifecycle,,,157,339.123
round3-write1048576-standardacct.log,standardacct,1048576,setup,1,507.564,15,
round3-write1048576-standardacct.log,standardacct,1048576,lifecycle,,,32,88.823
round3-write1048576-premiumblob.log,premiumblob,1048576,setup,1,1681.203,16,
round3-write1048576-premiumblob.log,premiumblob,1048576,lifecycle,,,33,355.503
round3-write262144-standardacct.log,standardacct,262144,setup,1,440.274,15,
round3-write262144-standardacct.log,standardacct,262144,lifecycle,,,56,88.060
round3-write262144-premiumblob.log,premiumblob,262144,setup,1,1840.852,16,
round3-write262144-premiumblob.log,premiumblob,262144,lifecycle,,,47,392.011
round3-write65536-standardacct.log,standardacct,65536,setup,1,456.614,16,
round3-write65536-standardacct.log,standardacct,65536,lifecycle,,,166,84.962
round3-write65536-premiumblob.log,premiumblob,65536,setup,1,1776.931,16,
round3-write65536-premiumblob.log,premiumblob,65536,lifecycle,,,149,391.032
