experiment,source,variant,case,driver,connections,workload,phase,setup_ms,SDK_attempts,listener_cleanup_ms,cleanup_ms
live-baseline,live-baseline-all.log,before,1,azblob,1,idle,setup,1536.064,15,,
live-baseline,live-baseline-all.log,before,1,azblob,1,idle,lifecycle,,29,460.434,
live-baseline,live-baseline-all.log,before,2,azblob,1,interactive,setup,1101.305,13,,
live-baseline,live-baseline-all.log,before,2,azblob,1,interactive,lifecycle,,82,713.587,
live-baseline,live-baseline-all.log,before,3,azblob,1,stream,setup,1545.489,14,,
live-baseline,live-baseline-all.log,before,3,azblob,1,stream,lifecycle,,95,372.587,
live-baseline,live-baseline-all.log,before,4,azblob,1,duplex,setup,1281.377,17,,
live-baseline,live-baseline-all.log,before,4,azblob,1,duplex,lifecycle,,253,646.707,
live-baseline,live-baseline-all.log,before,5,azblob,1,wake,setup,2132.098,20,,
live-baseline,live-baseline-all.log,before,5,azblob,1,wake,lifecycle,,32,700.441,
live-baseline,live-baseline-all.log,before,6,azqueue,1,idle,setup,440.689,13,,
live-baseline,live-baseline-all.log,before,6,azqueue,1,idle,lifecycle,,49,144.096,
live-baseline,live-baseline-all.log,before,7,azqueue,1,interactive,setup,269.601,14,,
live-baseline,live-baseline-all.log,before,7,azqueue,1,interactive,lifecycle,,116,114.591,
live-baseline,live-baseline-all.log,before,8,azqueue,1,stream,setup,237.436,13,,
live-baseline,live-baseline-all.log,before,8,azqueue,1,stream,lifecycle,,947,116.854,
live-baseline,live-baseline-all.log,before,9,azqueue,1,duplex,setup,266.650,14,,
live-baseline,live-baseline-all.log,before,9,azqueue,1,duplex,lifecycle,,1884,126.540,
live-baseline,live-baseline-all.log,before,10,azqueue,1,wake,setup,272.941,14,,
live-baseline,live-baseline-all.log,before,10,azqueue,1,wake,lifecycle,,52,118.907,
live-baseline,live-baseline-all.log,before,11,aztable,1,idle,setup,431.491,13,,
live-baseline,live-baseline-all.log,before,11,aztable,1,idle,lifecycle,,46,199.672,
live-baseline,live-baseline-all.log,before,12,aztable,1,interactive,setup,277.555,14,,
live-baseline,live-baseline-all.log,before,12,aztable,1,interactive,lifecycle,,84,130.847,
live-baseline,live-baseline-all.log,before,13,aztable,1,stream,setup,241.072,13,,
live-baseline,live-baseline-all.log,before,13,aztable,1,stream,lifecycle,,196,129.880,
live-baseline,live-baseline-all.log,before,14,aztable,1,duplex,setup,279.310,14,,
live-baseline,live-baseline-all.log,before,14,aztable,1,duplex,lifecycle,,371,120.951,
live-baseline,live-baseline-all.log,before,15,aztable,1,wake,setup,236.435,13,,
live-baseline,live-baseline-all.log,before,15,aztable,1,wake,lifecycle,,49,134.681,
live-long,live-long-after.log,after,1,aztable,1,duplex,setup,447.939,13,,
live-long,live-long-after.log,after,1,aztable,1,duplex,lifecycle,,897,127.574,
live-long,live-long-before.log,before,1,aztable,1,duplex,setup,447.086,14,,
live-long,live-long-before.log,before,1,aztable,1,duplex,lifecycle,,1347,267.177,
live-paired,live-round1-after.log,after,1,aztable,1,interactive,setup,399.838,13,,
live-paired,live-round1-after.log,after,1,aztable,1,interactive,lifecycle,,83,132.814,
live-paired,live-round1-after.log,after,2,aztable,1,stream,setup,309.814,14,,
live-paired,live-round1-after.log,after,2,aztable,1,stream,lifecycle,,130,126.911,
live-paired,live-round1-after.log,after,3,aztable,1,duplex,setup,323.427,15,,
live-paired,live-round1-after.log,after,3,aztable,1,duplex,lifecycle,,326,128.521,
live-paired,live-round1-after.log,after,4,aztable,1,wake,setup,274.409,14,,
live-paired,live-round1-after.log,after,4,aztable,1,wake,lifecycle,,50,157.653,
live-paired,live-round1-after.log,after,5,aztable,4,interactive,setup,905.460,50,,
live-paired,live-round1-after.log,after,5,aztable,4,interactive,lifecycle,,324,134.221,
live-paired,live-round1-after.log,after,6,aztable,4,stream,setup,897.347,50,,
live-paired,live-round1-after.log,after,6,aztable,4,stream,lifecycle,,569,130.622,
live-paired,live-round1-after.log,after,7,aztable,4,duplex,setup,923.497,50,,
live-paired,live-round1-after.log,after,7,aztable,4,duplex,lifecycle,,1771,125.420,
live-paired,live-round1-after.log,after,8,aztable,4,wake,setup,911.137,50,,
live-paired,live-round1-after.log,after,8,aztable,4,wake,lifecycle,,187,131.588,
live-paired,live-round1-before.log,before,1,aztable,1,interactive,setup,445.701,14,,
live-paired,live-round1-before.log,before,1,aztable,1,interactive,lifecycle,,84,136.029,
live-paired,live-round1-before.log,before,2,aztable,1,stream,setup,254.745,13,,
live-paired,live-round1-before.log,before,2,aztable,1,stream,lifecycle,,218,144.302,
live-paired,live-round1-before.log,before,3,aztable,1,duplex,setup,248.903,13,,
live-paired,live-round1-before.log,before,3,aztable,1,duplex,lifecycle,,426,154.500,
live-paired,live-round1-before.log,before,4,aztable,1,wake,setup,246.186,13,,
live-paired,live-round1-before.log,before,4,aztable,1,wake,lifecycle,,50,135.361,
live-paired,live-round1-before.log,before,5,aztable,4,interactive,setup,852.005,49,,
live-paired,live-round1-before.log,before,5,aztable,4,interactive,lifecycle,,323,133.560,
live-paired,live-round1-before.log,before,6,aztable,4,stream,setup,1107.724,56,,
live-paired,live-round1-before.log,before,6,aztable,4,stream,lifecycle,,854,135.401,
live-paired,live-round1-before.log,before,7,aztable,4,duplex,setup,914.147,50,,
live-paired,live-round1-before.log,before,7,aztable,4,duplex,lifecycle,,1410,134.731,
live-paired,live-round1-before.log,before,8,aztable,4,wake,setup,880.949,49,,
live-paired,live-round1-before.log,before,8,aztable,4,wake,lifecycle,,182,146.170,
live-paired,live-round2-after.log,after,1,aztable,1,interactive,setup,416.628,13,,
live-paired,live-round2-after.log,after,1,aztable,1,interactive,lifecycle,,83,130.776,
live-paired,live-round2-after.log,after,2,aztable,1,stream,setup,295.822,14,,
live-paired,live-round2-after.log,after,2,aztable,1,stream,lifecycle,,206,142.369,
live-paired,live-round2-after.log,after,3,aztable,1,duplex,setup,282.918,14,,
live-paired,live-round2-after.log,after,3,aztable,1,duplex,lifecycle,,444,129.520,
live-paired,live-round2-after.log,after,4,aztable,1,wake,setup,264.606,14,,
live-paired,live-round2-after.log,after,4,aztable,1,wake,lifecycle,,50,138.661,
live-paired,live-round2-after.log,after,5,aztable,4,interactive,setup,956.820,52,,
live-paired,live-round2-after.log,after,5,aztable,4,interactive,lifecycle,,326,141.682,
live-paired,live-round2-after.log,after,6,aztable,4,stream,setup,862.824,48,,
live-paired,live-round2-after.log,after,6,aztable,4,stream,lifecycle,,1436,128.239,
live-paired,live-round2-after.log,after,7,aztable,4,duplex,setup,1093.657,54,,
live-paired,live-round2-after.log,after,7,aztable,4,duplex,lifecycle,,1652,135.492,
live-paired,live-round2-after.log,after,8,aztable,4,wake,setup,882.264,47,,
live-paired,live-round2-after.log,after,8,aztable,4,wake,lifecycle,,183,132.393,
live-paired,live-round2-before.log,before,1,aztable,1,interactive,setup,428.802,13,,
live-paired,live-round2-before.log,before,1,aztable,1,interactive,lifecycle,,83,133.466,
live-paired,live-round2-before.log,before,2,aztable,1,stream,setup,276.467,14,,
live-paired,live-round2-before.log,before,2,aztable,1,stream,lifecycle,,194,128.583,
live-paired,live-round2-before.log,before,3,aztable,1,duplex,setup,283.490,14,,
live-paired,live-round2-before.log,before,3,aztable,1,duplex,lifecycle,,359,135.140,
live-paired,live-round2-before.log,before,4,aztable,1,wake,setup,282.301,14,,
live-paired,live-round2-before.log,before,4,aztable,1,wake,lifecycle,,51,128.270,
live-paired,live-round2-before.log,before,5,aztable,4,interactive,setup,865.957,49,,
live-paired,live-round2-before.log,before,5,aztable,4,interactive,lifecycle,,323,135.881,
live-paired,live-round2-before.log,before,6,aztable,4,stream,setup,872.444,48,,
live-paired,live-round2-before.log,before,6,aztable,4,stream,lifecycle,,762,137.320,
live-paired,live-round2-before.log,before,7,aztable,4,duplex,setup,885.902,49,,
live-paired,live-round2-before.log,before,7,aztable,4,duplex,lifecycle,,1695,129.075,
live-paired,live-round2-before.log,before,8,aztable,4,wake,setup,886.169,50,,
live-paired,live-round2-before.log,before,8,aztable,4,wake,lifecycle,,191,128.903,
live-paired,live-round3-after.log,after,1,aztable,1,interactive,setup,416.499,13,,
live-paired,live-round3-after.log,after,1,aztable,1,interactive,lifecycle,,83,131.343,
live-paired,live-round3-after.log,after,2,aztable,1,stream,setup,278.744,14,,
live-paired,live-round3-after.log,after,2,aztable,1,stream,lifecycle,,129,167.072,
live-paired,live-round3-after.log,after,3,aztable,1,duplex,setup,297.920,14,,
live-paired,live-round3-after.log,after,3,aztable,1,duplex,lifecycle,,279,136.204,
live-paired,live-round3-after.log,after,4,aztable,1,wake,setup,281.386,14,,
live-paired,live-round3-after.log,after,4,aztable,1,wake,lifecycle,,50,132.678,
live-paired,live-round3-after.log,after,5,aztable,4,interactive,setup,887.830,49,,
live-paired,live-round3-after.log,after,5,aztable,4,interactive,lifecycle,,323,143.322,
live-paired,live-round3-after.log,after,6,aztable,4,stream,setup,982.173,52,,
live-paired,live-round3-after.log,after,6,aztable,4,stream,lifecycle,,559,130.575,
live-paired,live-round3-after.log,after,7,aztable,4,duplex,setup,844.343,48,,
live-paired,live-round3-after.log,after,7,aztable,4,duplex,lifecycle,,1166,129.127,
live-paired,live-round3-after.log,after,8,aztable,4,wake,setup,879.943,49,,
live-paired,live-round3-after.log,after,8,aztable,4,wake,lifecycle,,183,129.925,
live-paired,live-round3-before.log,before,1,aztable,1,interactive,setup,398.440,13,,
live-paired,live-round3-before.log,before,1,aztable,1,interactive,lifecycle,,83,131.845,
live-paired,live-round3-before.log,before,2,aztable,1,stream,setup,271.766,14,,
live-paired,live-round3-before.log,before,2,aztable,1,stream,lifecycle,,185,130.196,
live-paired,live-round3-before.log,before,3,aztable,1,duplex,setup,277.730,14,,
live-paired,live-round3-before.log,before,3,aztable,1,duplex,lifecycle,,391,127.627,
live-paired,live-round3-before.log,before,4,aztable,1,wake,setup,272.791,14,,
live-paired,live-round3-before.log,before,4,aztable,1,wake,lifecycle,,50,132.099,
live-paired,live-round3-before.log,before,5,aztable,4,interactive,setup,841.860,48,,
live-paired,live-round3-before.log,before,5,aztable,4,interactive,lifecycle,,322,139.219,
live-paired,live-round3-before.log,before,6,aztable,4,stream,setup,871.840,47,,
live-paired,live-round3-before.log,before,6,aztable,4,stream,lifecycle,,705,141.509,
live-paired,live-round3-before.log,before,7,aztable,4,duplex,setup,947.095,51,,
live-paired,live-round3-before.log,before,7,aztable,4,duplex,lifecycle,,2111,139.056,
live-paired,live-round3-before.log,before,8,aztable,4,wake,setup,918.160,50,,
live-paired,live-round3-before.log,before,8,aztable,4,wake,lifecycle,,184,137.851,
live-paired,live-round4-after.log,after,1,aztable,1,stream,setup,396.875,13,,
live-paired,live-round4-after.log,after,1,aztable,1,stream,lifecycle,,126,135.730,
live-paired,live-round4-after.log,after,2,aztable,1,duplex,setup,284.796,14,,
live-paired,live-round4-after.log,after,2,aztable,1,duplex,lifecycle,,268,137.787,
live-paired,live-round4-after.log,after,3,aztable,4,stream,setup,921.454,50,,
live-paired,live-round4-after.log,after,3,aztable,4,stream,lifecycle,,544,142.705,
live-paired,live-round4-after.log,after,4,aztable,4,duplex,setup,893.572,50,,
live-paired,live-round4-after.log,after,4,aztable,4,duplex,lifecycle,,1403,135.506,
live-paired,live-round4-before.log,before,1,aztable,1,stream,setup,481.389,14,,
live-paired,live-round4-before.log,before,1,aztable,1,stream,lifecycle,,196,190.743,
live-paired,live-round4-before.log,before,2,aztable,1,duplex,setup,288.950,14,,
live-paired,live-round4-before.log,before,2,aztable,1,duplex,lifecycle,,398,152.566,
live-paired,live-round4-before.log,before,3,aztable,4,stream,setup,934.161,50,,
live-paired,live-round4-before.log,before,3,aztable,4,stream,lifecycle,,825,131.029,
live-paired,live-round4-before.log,before,4,aztable,4,duplex,setup,950.533,51,,
live-paired,live-round4-before.log,before,4,aztable,4,duplex,lifecycle,,1523,131.268,
live-paired,live-round5-after.log,after,1,aztable,1,stream,setup,489.261,14,,
live-paired,live-round5-after.log,after,1,aztable,1,stream,lifecycle,,129,133.440,
live-paired,live-round5-after.log,after,2,aztable,1,duplex,setup,278.290,14,,
live-paired,live-round5-after.log,after,2,aztable,1,duplex,lifecycle,,243,127.545,
live-paired,live-round5-after.log,after,3,aztable,4,stream,setup,842.807,48,,
live-paired,live-round5-after.log,after,3,aztable,4,stream,lifecycle,,527,135.105,
live-paired,live-round5-after.log,after,4,aztable,4,duplex,setup,1011.868,51,,
live-paired,live-round5-after.log,after,4,aztable,4,duplex,lifecycle,,965,128.467,
live-paired,live-round5-before.log,before,1,aztable,1,stream,setup,423.080,13,,
live-paired,live-round5-before.log,before,1,aztable,1,stream,lifecycle,,213,132.397,
live-paired,live-round5-before.log,before,2,aztable,1,duplex,setup,283.437,14,,
live-paired,live-round5-before.log,before,2,aztable,1,duplex,lifecycle,,537,141.571,
live-paired,live-round5-before.log,before,3,aztable,4,stream,setup,970.794,51,,
live-paired,live-round5-before.log,before,3,aztable,4,stream,lifecycle,,1244,147.628,
live-paired,live-round5-before.log,before,4,aztable,4,duplex,setup,1046.501,53,,
live-paired,live-round5-before.log,before,4,aztable,4,duplex,lifecycle,,1506,150.826,
local-concurrency,stream-baseline-all.log,before,1,azblob,1,stream,setup,69.486,14,,
local-concurrency,stream-baseline-all.log,before,1,azblob,1,stream,lifecycle,,400,,1.599
local-concurrency,stream-baseline-all.log,before,2,azblob,4,stream,setup,67.928,44,,
local-concurrency,stream-baseline-all.log,before,2,azblob,4,stream,lifecycle,,1126,,2.111
local-concurrency,stream-baseline-all.log,before,3,azblob,16,stream,setup,262.001,173,,
local-concurrency,stream-baseline-all.log,before,3,azblob,16,stream,lifecycle,,2928,,8.183
local-concurrency,stream-baseline-all.log,before,4,azqueue,1,stream,setup,20.176,13,,
local-concurrency,stream-baseline-all.log,before,4,azqueue,1,stream,lifecycle,,951,,1.418
local-concurrency,stream-baseline-all.log,before,5,azqueue,4,stream,setup,66.440,42,,
local-concurrency,stream-baseline-all.log,before,5,azqueue,4,stream,lifecycle,,5917,,1.627
local-concurrency,stream-baseline-all.log,before,6,azqueue,16,stream,setup,284.010,154,,
local-concurrency,stream-baseline-all.log,before,6,azqueue,16,stream,lifecycle,,38109,,6.243
local-concurrency,stream-baseline-all.log,before,7,aztable,1,stream,setup,16.287,11,,
local-concurrency,stream-baseline-all.log,before,7,aztable,1,stream,lifecycle,,191,,2.115
local-concurrency,stream-baseline-all.log,before,8,aztable,4,stream,setup,53.573,38,,
local-concurrency,stream-baseline-all.log,before,8,aztable,4,stream,lifecycle,,1007,,2.983
local-concurrency,stream-baseline-all.log,before,9,aztable,16,stream,setup,221.468,146,,
local-concurrency,stream-baseline-all.log,before,9,aztable,16,stream,lifecycle,,4476,,11.069
local-latency,latency1-after.log,after,1,aztable,1,interactive,setup,36.312,11,,
local-latency,latency1-after.log,after,1,aztable,1,interactive,lifecycle,,81,2.046,
local-latency,latency1-after.log,after,2,aztable,1,interactive,setup,15.617,11,,
local-latency,latency1-after.log,after,2,aztable,1,interactive,lifecycle,,81,2.220,
local-latency,latency1-after.log,after,3,aztable,1,interactive,setup,15.631,11,,
local-latency,latency1-after.log,after,3,aztable,1,interactive,lifecycle,,81,1.674,
local-latency,latency1-after.log,after,4,aztable,1,interactive,setup,15.241,11,,
local-latency,latency1-after.log,after,4,aztable,1,interactive,lifecycle,,81,1.655,
local-latency,latency1-after.log,after,5,aztable,1,interactive,setup,15.691,11,,
local-latency,latency1-after.log,after,5,aztable,1,interactive,lifecycle,,81,1.925,
local-latency,latency1-after.log,after,6,aztable,1,interactive,setup,16.105,11,,
local-latency,latency1-after.log,after,6,aztable,1,interactive,lifecycle,,81,1.681,
local-latency,latency1-after.log,after,7,aztable,1,interactive,setup,14.610,11,,
local-latency,latency1-after.log,after,7,aztable,1,interactive,lifecycle,,81,1.880,
local-latency,latency1-after.log,after,8,aztable,1,interactive,setup,15.802,11,,
local-latency,latency1-after.log,after,8,aztable,1,interactive,lifecycle,,81,2.414,
local-latency,latency1-after.log,after,9,aztable,1,interactive,setup,16.094,11,,
local-latency,latency1-after.log,after,9,aztable,1,interactive,lifecycle,,81,1.901,
local-latency,latency1-after.log,after,10,aztable,1,interactive,setup,15.622,11,,
local-latency,latency1-after.log,after,10,aztable,1,interactive,lifecycle,,81,1.901,
local-latency,latency1-before.log,before,1,aztable,1,interactive,setup,50.049,11,,
local-latency,latency1-before.log,before,1,aztable,1,interactive,lifecycle,,81,3.308,
local-latency,latency1-before.log,before,2,aztable,1,interactive,setup,16.810,11,,
local-latency,latency1-before.log,before,2,aztable,1,interactive,lifecycle,,81,2.298,
local-latency,latency1-before.log,before,3,aztable,1,interactive,setup,15.941,11,,
local-latency,latency1-before.log,before,3,aztable,1,interactive,lifecycle,,81,3.713,
local-latency,latency1-before.log,before,4,aztable,1,interactive,setup,15.034,11,,
local-latency,latency1-before.log,before,4,aztable,1,interactive,lifecycle,,81,2.071,
local-latency,latency1-before.log,before,5,aztable,1,interactive,setup,15.856,11,,
local-latency,latency1-before.log,before,5,aztable,1,interactive,lifecycle,,81,2.144,
local-latency,latency1-before.log,before,6,aztable,1,interactive,setup,15.163,11,,
local-latency,latency1-before.log,before,6,aztable,1,interactive,lifecycle,,81,2.152,
local-latency,latency1-before.log,before,7,aztable,1,interactive,setup,14.926,11,,
local-latency,latency1-before.log,before,7,aztable,1,interactive,lifecycle,,81,2.123,
local-latency,latency1-before.log,before,8,aztable,1,interactive,setup,14.955,11,,
local-latency,latency1-before.log,before,8,aztable,1,interactive,lifecycle,,81,2.100,
local-latency,latency1-before.log,before,9,aztable,1,interactive,setup,16.557,11,,
local-latency,latency1-before.log,before,9,aztable,1,interactive,lifecycle,,81,1.943,
local-latency,latency1-before.log,before,10,aztable,1,interactive,setup,14.264,11,,
local-latency,latency1-before.log,before,10,aztable,1,interactive,lifecycle,,81,2.257,
local-latency,latency2-after.log,after,1,aztable,1,interactive,setup,27.383,11,,
local-latency,latency2-after.log,after,1,aztable,1,interactive,lifecycle,,81,1.991,
local-latency,latency2-after.log,after,2,aztable,1,interactive,setup,14.294,11,,
local-latency,latency2-after.log,after,2,aztable,1,interactive,lifecycle,,81,2.358,
local-latency,latency2-after.log,after,3,aztable,1,interactive,setup,17.572,11,,
local-latency,latency2-after.log,after,3,aztable,1,interactive,lifecycle,,81,2.436,
local-latency,latency2-after.log,after,4,aztable,1,interactive,setup,15.950,11,,
local-latency,latency2-after.log,after,4,aztable,1,interactive,lifecycle,,81,1.870,
local-latency,latency2-after.log,after,5,aztable,1,interactive,setup,15.649,11,,
local-latency,latency2-after.log,after,5,aztable,1,interactive,lifecycle,,81,1.990,
local-latency,latency2-after.log,after,6,aztable,1,interactive,setup,15.914,11,,
local-latency,latency2-after.log,after,6,aztable,1,interactive,lifecycle,,81,1.845,
local-latency,latency2-after.log,after,7,aztable,1,interactive,setup,15.573,11,,
local-latency,latency2-after.log,after,7,aztable,1,interactive,lifecycle,,81,1.823,
local-latency,latency2-after.log,after,8,aztable,1,interactive,setup,14.056,11,,
local-latency,latency2-after.log,after,8,aztable,1,interactive,lifecycle,,81,1.831,
local-latency,latency2-after.log,after,9,aztable,1,interactive,setup,15.822,11,,
local-latency,latency2-after.log,after,9,aztable,1,interactive,lifecycle,,81,3.267,
local-latency,latency2-after.log,after,10,aztable,1,interactive,setup,14.878,11,,
local-latency,latency2-after.log,after,10,aztable,1,interactive,lifecycle,,81,1.864,
local-latency,latency2-before.log,before,1,aztable,1,interactive,setup,25.459,11,,
local-latency,latency2-before.log,before,1,aztable,1,interactive,lifecycle,,81,1.622,
local-latency,latency2-before.log,before,2,aztable,1,interactive,setup,14.873,11,,
local-latency,latency2-before.log,before,2,aztable,1,interactive,lifecycle,,81,1.752,
local-latency,latency2-before.log,before,3,aztable,1,interactive,setup,15.048,11,,
local-latency,latency2-before.log,before,3,aztable,1,interactive,lifecycle,,81,1.395,
local-latency,latency2-before.log,before,4,aztable,1,interactive,setup,14.587,11,,
local-latency,latency2-before.log,before,4,aztable,1,interactive,lifecycle,,81,1.547,
local-latency,latency2-before.log,before,5,aztable,1,interactive,setup,15.235,11,,
local-latency,latency2-before.log,before,5,aztable,1,interactive,lifecycle,,81,1.903,
local-latency,latency2-before.log,before,6,aztable,1,interactive,setup,15.940,11,,
local-latency,latency2-before.log,before,6,aztable,1,interactive,lifecycle,,81,1.894,
local-latency,latency2-before.log,before,7,aztable,1,interactive,setup,15.588,11,,
local-latency,latency2-before.log,before,7,aztable,1,interactive,lifecycle,,81,1.856,
local-latency,latency2-before.log,before,8,aztable,1,interactive,setup,15.244,11,,
local-latency,latency2-before.log,before,8,aztable,1,interactive,lifecycle,,81,2.026,
local-latency,latency2-before.log,before,9,aztable,1,interactive,setup,15.957,11,,
local-latency,latency2-before.log,before,9,aztable,1,interactive,lifecycle,,81,1.925,
local-latency,latency2-before.log,before,10,aztable,1,interactive,setup,16.658,11,,
local-latency,latency2-before.log,before,10,aztable,1,interactive,lifecycle,,81,1.848,
local-latency,latency3-after.log,after,1,aztable,1,interactive,setup,30.262,11,,
local-latency,latency3-after.log,after,1,aztable,1,interactive,lifecycle,,81,1.772,
local-latency,latency3-after.log,after,2,aztable,1,interactive,setup,14.930,11,,
local-latency,latency3-after.log,after,2,aztable,1,interactive,lifecycle,,81,1.767,
local-latency,latency3-after.log,after,3,aztable,1,interactive,setup,14.684,11,,
local-latency,latency3-after.log,after,3,aztable,1,interactive,lifecycle,,81,1.642,
local-latency,latency3-after.log,after,4,aztable,1,interactive,setup,15.435,11,,
local-latency,latency3-after.log,after,4,aztable,1,interactive,lifecycle,,81,2.076,
local-latency,latency3-after.log,after,5,aztable,1,interactive,setup,16.222,11,,
local-latency,latency3-after.log,after,5,aztable,1,interactive,lifecycle,,81,1.890,
local-latency,latency3-after.log,after,6,aztable,1,interactive,setup,16.394,11,,
local-latency,latency3-after.log,after,6,aztable,1,interactive,lifecycle,,81,1.832,
local-latency,latency3-after.log,after,7,aztable,1,interactive,setup,16.366,11,,
local-latency,latency3-after.log,after,7,aztable,1,interactive,lifecycle,,81,2.242,
local-latency,latency3-after.log,after,8,aztable,1,interactive,setup,15.964,11,,
local-latency,latency3-after.log,after,8,aztable,1,interactive,lifecycle,,81,1.950,
local-latency,latency3-after.log,after,9,aztable,1,interactive,setup,16.308,11,,
local-latency,latency3-after.log,after,9,aztable,1,interactive,lifecycle,,81,1.922,
local-latency,latency3-after.log,after,10,aztable,1,interactive,setup,13.989,11,,
local-latency,latency3-after.log,after,10,aztable,1,interactive,lifecycle,,81,1.574,
local-latency,latency3-before.log,before,1,aztable,1,interactive,setup,28.892,11,,
local-latency,latency3-before.log,before,1,aztable,1,interactive,lifecycle,,81,2.206,
local-latency,latency3-before.log,before,2,aztable,1,interactive,setup,15.869,11,,
local-latency,latency3-before.log,before,2,aztable,1,interactive,lifecycle,,81,1.943,
local-latency,latency3-before.log,before,3,aztable,1,interactive,setup,15.869,11,,
local-latency,latency3-before.log,before,3,aztable,1,interactive,lifecycle,,81,1.834,
local-latency,latency3-before.log,before,4,aztable,1,interactive,setup,16.796,11,,
local-latency,latency3-before.log,before,4,aztable,1,interactive,lifecycle,,81,2.321,
local-latency,latency3-before.log,before,5,aztable,1,interactive,setup,15.483,11,,
local-latency,latency3-before.log,before,5,aztable,1,interactive,lifecycle,,81,2.718,
local-latency,latency3-before.log,before,6,aztable,1,interactive,setup,16.701,11,,
local-latency,latency3-before.log,before,6,aztable,1,interactive,lifecycle,,81,3.723,
local-latency,latency3-before.log,before,7,aztable,1,interactive,setup,15.046,11,,
local-latency,latency3-before.log,before,7,aztable,1,interactive,lifecycle,,81,2.460,
local-latency,latency3-before.log,before,8,aztable,1,interactive,setup,15.454,11,,
local-latency,latency3-before.log,before,8,aztable,1,interactive,lifecycle,,81,2.960,
local-latency,latency3-before.log,before,9,aztable,1,interactive,setup,17.487,11,,
local-latency,latency3-before.log,before,9,aztable,1,interactive,lifecycle,,81,2.503,
local-latency,latency3-before.log,before,10,aztable,1,interactive,setup,14.885,11,,
local-latency,latency3-before.log,before,10,aztable,1,interactive,lifecycle,,81,2.178,
local-latency,latency4-after.log,after,1,aztable,1,interactive,setup,23.554,11,,
local-latency,latency4-after.log,after,1,aztable,1,interactive,lifecycle,,81,1.666,
local-latency,latency4-after.log,after,2,aztable,1,interactive,setup,14.935,11,,
local-latency,latency4-after.log,after,2,aztable,1,interactive,lifecycle,,81,1.628,
local-latency,latency4-after.log,after,3,aztable,1,interactive,setup,15.626,11,,
local-latency,latency4-after.log,after,3,aztable,1,interactive,lifecycle,,81,1.852,
local-latency,latency4-after.log,after,4,aztable,1,interactive,setup,14.823,11,,
local-latency,latency4-after.log,after,4,aztable,1,interactive,lifecycle,,81,2.677,
local-latency,latency4-after.log,after,5,aztable,1,interactive,setup,14.587,11,,
local-latency,latency4-after.log,after,5,aztable,1,interactive,lifecycle,,81,1.937,
local-latency,latency4-after.log,after,6,aztable,1,interactive,setup,16.126,11,,
local-latency,latency4-after.log,after,6,aztable,1,interactive,lifecycle,,81,1.804,
local-latency,latency4-after.log,after,7,aztable,1,interactive,setup,16.448,11,,
local-latency,latency4-after.log,after,7,aztable,1,interactive,lifecycle,,81,1.894,
local-latency,latency4-after.log,after,8,aztable,1,interactive,setup,15.489,11,,
local-latency,latency4-after.log,after,8,aztable,1,interactive,lifecycle,,81,1.802,
local-latency,latency4-after.log,after,9,aztable,1,interactive,setup,14.276,11,,
local-latency,latency4-after.log,after,9,aztable,1,interactive,lifecycle,,81,2.130,
local-latency,latency4-after.log,after,10,aztable,1,interactive,setup,16.890,11,,
local-latency,latency4-after.log,after,10,aztable,1,interactive,lifecycle,,81,2.301,
local-latency,latency4-before.log,before,1,aztable,1,interactive,setup,25.010,11,,
local-latency,latency4-before.log,before,1,aztable,1,interactive,lifecycle,,81,2.151,
local-latency,latency4-before.log,before,2,aztable,1,interactive,setup,15.143,11,,
local-latency,latency4-before.log,before,2,aztable,1,interactive,lifecycle,,81,1.705,
local-latency,latency4-before.log,before,3,aztable,1,interactive,setup,13.630,11,,
local-latency,latency4-before.log,before,3,aztable,1,interactive,lifecycle,,81,1.867,
local-latency,latency4-before.log,before,4,aztable,1,interactive,setup,15.182,11,,
local-latency,latency4-before.log,before,4,aztable,1,interactive,lifecycle,,81,1.907,
local-latency,latency4-before.log,before,5,aztable,1,interactive,setup,15.367,11,,
local-latency,latency4-before.log,before,5,aztable,1,interactive,lifecycle,,81,1.986,
local-latency,latency4-before.log,before,6,aztable,1,interactive,setup,15.915,11,,
local-latency,latency4-before.log,before,6,aztable,1,interactive,lifecycle,,81,1.892,
local-latency,latency4-before.log,before,7,aztable,1,interactive,setup,15.637,11,,
local-latency,latency4-before.log,before,7,aztable,1,interactive,lifecycle,,81,1.915,
local-latency,latency4-before.log,before,8,aztable,1,interactive,setup,15.868,11,,
local-latency,latency4-before.log,before,8,aztable,1,interactive,lifecycle,,81,1.824,
local-latency,latency4-before.log,before,9,aztable,1,interactive,setup,15.687,11,,
local-latency,latency4-before.log,before,9,aztable,1,interactive,lifecycle,,81,1.752,
local-latency,latency4-before.log,before,10,aztable,1,interactive,setup,15.677,11,,
local-latency,latency4-before.log,before,10,aztable,1,interactive,lifecycle,,81,1.864,
local-latency,latency5-after.log,after,1,aztable,1,interactive,setup,28.444,11,,
local-latency,latency5-after.log,after,1,aztable,1,interactive,lifecycle,,81,2.316,
local-latency,latency5-after.log,after,2,aztable,1,interactive,setup,15.675,11,,
local-latency,latency5-after.log,after,2,aztable,1,interactive,lifecycle,,81,1.767,
local-latency,latency5-after.log,after,3,aztable,1,interactive,setup,15.049,11,,
local-latency,latency5-after.log,after,3,aztable,1,interactive,lifecycle,,81,1.843,
local-latency,latency5-after.log,after,4,aztable,1,interactive,setup,15.399,11,,
local-latency,latency5-after.log,after,4,aztable,1,interactive,lifecycle,,81,1.658,
local-latency,latency5-after.log,after,5,aztable,1,interactive,setup,15.116,11,,
local-latency,latency5-after.log,after,5,aztable,1,interactive,lifecycle,,81,1.559,
local-latency,latency5-after.log,after,6,aztable,1,interactive,setup,14.840,11,,
local-latency,latency5-after.log,after,6,aztable,1,interactive,lifecycle,,81,1.599,
local-latency,latency5-after.log,after,7,aztable,1,interactive,setup,14.929,11,,
local-latency,latency5-after.log,after,7,aztable,1,interactive,lifecycle,,81,1.692,
local-latency,latency5-after.log,after,8,aztable,1,interactive,setup,13.482,11,,
local-latency,latency5-after.log,after,8,aztable,1,interactive,lifecycle,,81,1.733,
local-latency,latency5-after.log,after,9,aztable,1,interactive,setup,14.900,11,,
local-latency,latency5-after.log,after,9,aztable,1,interactive,lifecycle,,81,1.517,
local-latency,latency5-after.log,after,10,aztable,1,interactive,setup,14.775,11,,
local-latency,latency5-after.log,after,10,aztable,1,interactive,lifecycle,,81,1.668,
local-latency,latency5-before.log,before,1,aztable,1,interactive,setup,27.535,11,,
local-latency,latency5-before.log,before,1,aztable,1,interactive,lifecycle,,81,2.050,
local-latency,latency5-before.log,before,2,aztable,1,interactive,setup,16.138,11,,
local-latency,latency5-before.log,before,2,aztable,1,interactive,lifecycle,,81,1.961,
local-latency,latency5-before.log,before,3,aztable,1,interactive,setup,16.239,11,,
local-latency,latency5-before.log,before,3,aztable,1,interactive,lifecycle,,81,1.969,
local-latency,latency5-before.log,before,4,aztable,1,interactive,setup,15.585,11,,
local-latency,latency5-before.log,before,4,aztable,1,interactive,lifecycle,,81,2.474,
local-latency,latency5-before.log,before,5,aztable,1,interactive,setup,16.243,11,,
local-latency,latency5-before.log,before,5,aztable,1,interactive,lifecycle,,81,2.284,
local-latency,latency5-before.log,before,6,aztable,1,interactive,setup,14.650,11,,
local-latency,latency5-before.log,before,6,aztable,1,interactive,lifecycle,,81,1.861,
local-latency,latency5-before.log,before,7,aztable,1,interactive,setup,15.679,11,,
local-latency,latency5-before.log,before,7,aztable,1,interactive,lifecycle,,81,2.220,
local-latency,latency5-before.log,before,8,aztable,1,interactive,setup,14.680,11,,
local-latency,latency5-before.log,before,8,aztable,1,interactive,lifecycle,,81,1.909,
local-latency,latency5-before.log,before,9,aztable,1,interactive,setup,14.820,11,,
local-latency,latency5-before.log,before,9,aztable,1,interactive,lifecycle,,81,1.824,
local-latency,latency5-before.log,before,10,aztable,1,interactive,setup,15.009,11,,
local-latency,latency5-before.log,before,10,aztable,1,interactive,lifecycle,,81,1.843,
local-long,sustained1-after.log,after,1,aztable,1,stream,setup,32.905,11,,
local-long,sustained1-after.log,after,1,aztable,1,stream,lifecycle,,343,,2.409
local-long,sustained1-after.log,after,2,aztable,4,stream,setup,59.885,38,,
local-long,sustained1-after.log,after,2,aztable,4,stream,lifecycle,,1494,,3.263
local-long,sustained1-before.log,before,1,aztable,1,stream,setup,30.092,11,,
local-long,sustained1-before.log,before,1,aztable,1,stream,lifecycle,,346,,5.226
local-long,sustained1-before.log,before,2,aztable,4,stream,setup,65.158,38,,
local-long,sustained1-before.log,before,2,aztable,4,stream,lifecycle,,1865,,3.068
local-long,sustained2-after.log,after,1,aztable,1,stream,setup,33.278,11,,
local-long,sustained2-after.log,after,1,aztable,1,stream,lifecycle,,344,,4.505
local-long,sustained2-after.log,after,2,aztable,4,stream,setup,66.205,38,,
local-long,sustained2-after.log,after,2,aztable,4,stream,lifecycle,,1533,,3.390
local-long,sustained2-before.log,before,1,aztable,1,stream,setup,33.038,11,,
local-long,sustained2-before.log,before,1,aztable,1,stream,lifecycle,,345,,2.619
local-long,sustained2-before.log,before,2,aztable,4,stream,setup,57.847,38,,
local-long,sustained2-before.log,before,2,aztable,4,stream,lifecycle,,1902,,3.183
local-long,sustained3-after.log,after,1,aztable,1,stream,setup,34.087,11,,
local-long,sustained3-after.log,after,1,aztable,1,stream,lifecycle,,343,,4.823
local-long,sustained3-after.log,after,2,aztable,4,stream,setup,69.479,38,,
local-long,sustained3-after.log,after,2,aztable,4,stream,lifecycle,,1523,,3.335
local-long,sustained3-before.log,before,1,aztable,1,stream,setup,33.543,11,,
local-long,sustained3-before.log,before,1,aztable,1,stream,lifecycle,,347,,2.292
local-long,sustained3-before.log,before,2,aztable,4,stream,setup,57.191,38,,
local-long,sustained3-before.log,before,2,aztable,4,stream,lifecycle,,1862,,3.079
local-paired,round1-after.log,after,1,aztable,1,idle,setup,40.989,11,,
local-paired,round1-after.log,after,1,aztable,1,idle,lifecycle,,93,12.162,
local-paired,round1-after.log,after,2,aztable,1,interactive,setup,27.224,11,,
local-paired,round1-after.log,after,2,aztable,1,interactive,lifecycle,,81,9.580,
local-paired,round1-after.log,after,3,aztable,1,stream,setup,26.528,11,,
local-paired,round1-after.log,after,3,aztable,1,stream,lifecycle,,100,1.828,
local-paired,round1-after.log,after,4,aztable,1,duplex,setup,14.273,11,,
local-paired,round1-after.log,after,4,aztable,1,duplex,lifecycle,,183,2.346,
local-paired,round1-after.log,after,5,aztable,1,wake,setup,15.087,11,,
local-paired,round1-after.log,after,5,aztable,1,wake,lifecycle,,97,6.560,
local-paired,round1-after.log,after,6,aztable,4,idle,setup,76.390,38,,
local-paired,round1-after.log,after,6,aztable,4,idle,lifecycle,,378,17.396,
local-paired,round1-after.log,after,7,aztable,4,interactive,setup,72.175,38,,
local-paired,round1-after.log,after,7,aztable,4,interactive,lifecycle,,312,2.378,
local-paired,round1-after.log,after,8,aztable,4,stream,setup,54.817,38,,
local-paired,round1-after.log,after,8,aztable,4,stream,lifecycle,,456,2.417,
local-paired,round1-after.log,after,9,aztable,4,duplex,setup,55.211,38,,
local-paired,round1-after.log,after,9,aztable,4,duplex,lifecycle,,993,2.748,
local-paired,round1-after.log,after,10,aztable,4,wake,setup,53.191,38,,
local-paired,round1-after.log,after,10,aztable,4,wake,lifecycle,,401,14.725,
local-paired,round1-after.log,after,11,aztable,16,idle,setup,255.854,145,,
local-paired,round1-after.log,after,11,aztable,16,idle,lifecycle,,1634,21.110,
local-paired,round1-after.log,after,12,aztable,16,interactive,setup,269.838,146,,
local-paired,round1-after.log,after,12,aztable,16,interactive,lifecycle,,1236,7.708,
local-paired,round1-after.log,after,13,aztable,16,stream,setup,213.174,146,,
local-paired,round1-after.log,after,13,aztable,16,stream,lifecycle,,2118,9.060,
local-paired,round1-after.log,after,14,aztable,16,duplex,setup,217.642,146,,
local-paired,round1-after.log,after,14,aztable,16,duplex,lifecycle,,4092,302.997,
local-paired,round1-after.log,after,15,aztable,16,wake,setup,249.585,144,,
local-paired,round1-after.log,after,15,aztable,16,wake,lifecycle,,1695,10.487,
local-paired,round1-before.log,before,1,aztable,1,idle,setup,46.218,11,,
local-paired,round1-before.log,before,1,aztable,1,idle,lifecycle,,88,9.142,
local-paired,round1-before.log,before,2,aztable,1,interactive,setup,23.026,11,,
local-paired,round1-before.log,before,2,aztable,1,interactive,lifecycle,,81,2.960,
local-paired,round1-before.log,before,3,aztable,1,stream,setup,15.558,11,,
local-paired,round1-before.log,before,3,aztable,1,stream,lifecycle,,116,5.030,
local-paired,round1-before.log,before,4,aztable,1,duplex,setup,15.208,11,,
local-paired,round1-before.log,before,4,aztable,1,duplex,lifecycle,,224,1.836,
local-paired,round1-before.log,before,5,aztable,1,wake,setup,14.885,11,,
local-paired,round1-before.log,before,5,aztable,1,wake,lifecycle,,97,12.725,
local-paired,round1-before.log,before,6,aztable,4,idle,setup,109.508,39,,
local-paired,round1-before.log,before,6,aztable,4,idle,lifecycle,,376,9.033,
local-paired,round1-before.log,before,7,aztable,4,interactive,setup,67.917,38,,
local-paired,round1-before.log,before,7,aztable,4,interactive,lifecycle,,312,2.646,
local-paired,round1-before.log,before,8,aztable,4,stream,setup,53.257,38,,
local-paired,round1-before.log,before,8,aztable,4,stream,lifecycle,,521,2.846,
local-paired,round1-before.log,before,9,aztable,4,duplex,setup,56.215,38,,
local-paired,round1-before.log,before,9,aztable,4,duplex,lifecycle,,1064,4.099,
local-paired,round1-before.log,before,10,aztable,4,wake,setup,55.601,38,,
local-paired,round1-before.log,before,10,aztable,4,wake,lifecycle,,394,9.286,
local-paired,round1-before.log,before,11,aztable,16,idle,setup,287.002,146,,
local-paired,round1-before.log,before,11,aztable,16,idle,lifecycle,,1639,18.692,
local-paired,round1-before.log,before,12,aztable,16,interactive,setup,256.793,146,,
local-paired,round1-before.log,before,12,aztable,16,interactive,lifecycle,,1236,8.239,
local-paired,round1-before.log,before,13,aztable,16,stream,setup,216.294,146,,
local-paired,round1-before.log,before,13,aztable,16,stream,lifecycle,,2257,8.564,
local-paired,round1-before.log,before,14,aztable,16,duplex,setup,222.851,146,,
local-paired,round1-before.log,before,14,aztable,16,duplex,lifecycle,,4305,10.514,
local-paired,round1-before.log,before,15,aztable,16,wake,setup,238.705,145,,
local-paired,round1-before.log,before,15,aztable,16,wake,lifecycle,,1688,11.557,
local-paired,round2-after.log,after,1,aztable,1,idle,setup,34.161,11,,
local-paired,round2-after.log,after,1,aztable,1,idle,lifecycle,,88,8.874,
local-paired,round2-after.log,after,2,aztable,1,interactive,setup,24.665,11,,
local-paired,round2-after.log,after,2,aztable,1,interactive,lifecycle,,81,10.781,
local-paired,round2-after.log,after,3,aztable,1,stream,setup,25.791,11,,
local-paired,round2-after.log,after,3,aztable,1,stream,lifecycle,,100,2.029,
local-paired,round2-after.log,after,4,aztable,1,duplex,setup,15.116,11,,
local-paired,round2-after.log,after,4,aztable,1,duplex,lifecycle,,184,2.080,
local-paired,round2-after.log,after,5,aztable,1,wake,setup,15.118,11,,
local-paired,round2-after.log,after,5,aztable,1,wake,lifecycle,,98,9.248,
local-paired,round2-after.log,after,6,aztable,4,idle,setup,106.427,39,,
local-paired,round2-after.log,after,6,aztable,4,idle,lifecycle,,374,20.649,
local-paired,round2-after.log,after,7,aztable,4,interactive,setup,71.549,38,,
local-paired,round2-after.log,after,7,aztable,4,interactive,lifecycle,,312,2.560,
local-paired,round2-after.log,after,8,aztable,4,stream,setup,53.031,38,,
local-paired,round2-after.log,after,8,aztable,4,stream,lifecycle,,438,2.971,
local-paired,round2-after.log,after,9,aztable,4,duplex,setup,54.929,38,,
local-paired,round2-after.log,after,9,aztable,4,duplex,lifecycle,,1003,2.698,
local-paired,round2-after.log,after,10,aztable,4,wake,setup,52.921,38,,
local-paired,round2-after.log,after,10,aztable,4,wake,lifecycle,,391,10.533,
local-paired,round2-after.log,after,11,aztable,16,idle,setup,280.132,146,,
local-paired,round2-after.log,after,11,aztable,16,idle,lifecycle,,1636,21.401,
local-paired,round2-after.log,after,12,aztable,16,interactive,setup,288.977,147,,
local-paired,round2-after.log,after,12,aztable,16,interactive,lifecycle,,1237,8.696,
local-paired,round2-after.log,after,13,aztable,16,stream,setup,206.535,146,,
local-paired,round2-after.log,after,13,aztable,16,stream,lifecycle,,2193,10.552,
local-paired,round2-after.log,after,14,aztable,16,duplex,setup,215.688,146,,
local-paired,round2-after.log,after,14,aztable,16,duplex,lifecycle,,4042,8.319,
local-paired,round2-after.log,after,15,aztable,16,wake,setup,220.885,146,,
local-paired,round2-after.log,after,15,aztable,16,wake,lifecycle,,1683,13.997,
local-paired,round2-before.log,before,1,aztable,1,idle,setup,39.059,11,,
local-paired,round2-before.log,before,1,aztable,1,idle,lifecycle,,92,11.681,
local-paired,round2-before.log,before,2,aztable,1,interactive,setup,25.385,11,,
local-paired,round2-before.log,before,2,aztable,1,interactive,lifecycle,,81,8.246,
local-paired,round2-before.log,before,3,aztable,1,stream,setup,27.899,11,,
local-paired,round2-before.log,before,3,aztable,1,stream,lifecycle,,113,3.520,
local-paired,round2-before.log,before,4,aztable,1,duplex,setup,17.912,11,,
local-paired,round2-before.log,before,4,aztable,1,duplex,lifecycle,,216,1.784,
local-paired,round2-before.log,before,5,aztable,1,wake,setup,14.737,11,,
local-paired,round2-before.log,before,5,aztable,1,wake,lifecycle,,96,4.577,
local-paired,round2-before.log,before,6,aztable,4,idle,setup,64.365,38,,
local-paired,round2-before.log,before,6,aztable,4,idle,lifecycle,,380,19.646,
local-paired,round2-before.log,before,7,aztable,4,interactive,setup,71.181,38,,
local-paired,round2-before.log,before,7,aztable,4,interactive,lifecycle,,312,2.683,
local-paired,round2-before.log,before,8,aztable,4,stream,setup,53.979,38,,
local-paired,round2-before.log,before,8,aztable,4,stream,lifecycle,,550,2.722,
local-paired,round2-before.log,before,9,aztable,4,duplex,setup,53.521,38,,
local-paired,round2-before.log,before,9,aztable,4,duplex,lifecycle,,1069,3.251,
local-paired,round2-before.log,before,10,aztable,4,wake,setup,55.052,38,,
local-paired,round2-before.log,before,10,aztable,4,wake,lifecycle,,386,14.788,
local-paired,round2-before.log,before,11,aztable,16,idle,setup,291.793,146,,
local-paired,round2-before.log,before,11,aztable,16,idle,lifecycle,,1641,20.852,
local-paired,round2-before.log,before,12,aztable,16,interactive,setup,252.683,146,,
local-paired,round2-before.log,before,12,aztable,16,interactive,lifecycle,,1236,8.287,
local-paired,round2-before.log,before,13,aztable,16,stream,setup,207.697,146,,
local-paired,round2-before.log,before,13,aztable,16,stream,lifecycle,,2163,10.309,
local-paired,round2-before.log,before,14,aztable,16,duplex,setup,221.907,146,,
local-paired,round2-before.log,before,14,aztable,16,duplex,lifecycle,,4334,20.222,
local-paired,round2-before.log,before,15,aztable,16,wake,setup,225.479,146,,
local-paired,round2-before.log,before,15,aztable,16,wake,lifecycle,,1665,13.522,
local-paired,round3-after.log,after,1,aztable,1,idle,setup,36.435,11,,
local-paired,round3-after.log,after,1,aztable,1,idle,lifecycle,,91,15.127,
local-paired,round3-after.log,after,2,aztable,1,interactive,setup,40.164,12,,
local-paired,round3-after.log,after,2,aztable,1,interactive,lifecycle,,82,4.480,
local-paired,round3-after.log,after,3,aztable,1,stream,setup,19.962,11,,
local-paired,round3-after.log,after,3,aztable,1,stream,lifecycle,,101,2.733,
local-paired,round3-after.log,after,4,aztable,1,duplex,setup,16.366,11,,
local-paired,round3-after.log,after,4,aztable,1,duplex,lifecycle,,183,2.211,
local-paired,round3-after.log,after,5,aztable,1,wake,setup,15.161,11,,
local-paired,round3-after.log,after,5,aztable,1,wake,lifecycle,,96,9.908,
local-paired,round3-after.log,after,6,aztable,4,idle,setup,82.455,38,,
local-paired,round3-after.log,after,6,aztable,4,idle,lifecycle,,369,11.652,
local-paired,round3-after.log,after,7,aztable,4,interactive,setup,72.175,38,,
local-paired,round3-after.log,after,7,aztable,4,interactive,lifecycle,,312,2.519,
local-paired,round3-after.log,after,8,aztable,4,stream,setup,54.128,38,,
local-paired,round3-after.log,after,8,aztable,4,stream,lifecycle,,437,3.074,
local-paired,round3-after.log,after,9,aztable,4,duplex,setup,56.372,38,,
local-paired,round3-after.log,after,9,aztable,4,duplex,lifecycle,,998,2.752,
local-paired,round3-after.log,after,10,aztable,4,wake,setup,54.301,38,,
local-paired,round3-after.log,after,10,aztable,4,wake,lifecycle,,391,6.779,
local-paired,round3-after.log,after,11,aztable,16,idle,setup,291.030,145,,
local-paired,round3-after.log,after,11,aztable,16,idle,lifecycle,,1629,19.394,
local-paired,round3-after.log,after,12,aztable,16,interactive,setup,269.500,146,,
local-paired,round3-after.log,after,12,aztable,16,interactive,lifecycle,,1236,8.987,
local-paired,round3-after.log,after,13,aztable,16,stream,setup,216.143,146,,
local-paired,round3-after.log,after,13,aztable,16,stream,lifecycle,,2201,11.339,
local-paired,round3-after.log,after,14,aztable,16,duplex,setup,222.290,146,,
local-paired,round3-after.log,after,14,aztable,16,duplex,lifecycle,,4284,10.390,
local-paired,round3-after.log,after,15,aztable,16,wake,setup,225.041,146,,
local-paired,round3-after.log,after,15,aztable,16,wake,lifecycle,,1704,11.597,
local-paired,round3-before.log,before,1,aztable,1,idle,setup,25.676,11,,
local-paired,round3-before.log,before,1,aztable,1,idle,lifecycle,,92,12.244,
local-paired,round3-before.log,before,2,aztable,1,interactive,setup,27.509,11,,
local-paired,round3-before.log,before,2,aztable,1,interactive,lifecycle,,81,3.079,
local-paired,round3-before.log,before,3,aztable,1,stream,setup,15.207,11,,
local-paired,round3-before.log,before,3,aztable,1,stream,lifecycle,,108,2.211,
local-paired,round3-before.log,before,4,aztable,1,duplex,setup,15.338,11,,
local-paired,round3-before.log,before,4,aztable,1,duplex,lifecycle,,207,2.205,
local-paired,round3-before.log,before,5,aztable,1,wake,setup,14.801,11,,
local-paired,round3-before.log,before,5,aztable,1,wake,lifecycle,,97,15.381,
local-paired,round3-before.log,before,6,aztable,4,idle,setup,97.563,39,,
local-paired,round3-before.log,before,6,aztable,4,idle,lifecycle,,371,18.737,
local-paired,round3-before.log,before,7,aztable,4,interactive,setup,70.816,38,,
local-paired,round3-before.log,before,7,aztable,4,interactive,lifecycle,,312,2.297,
local-paired,round3-before.log,before,8,aztable,4,stream,setup,52.889,38,,
local-paired,round3-before.log,before,8,aztable,4,stream,lifecycle,,523,4.724,
local-paired,round3-before.log,before,9,aztable,4,duplex,setup,55.785,38,,
local-paired,round3-before.log,before,9,aztable,4,duplex,lifecycle,,1071,2.979,
local-paired,round3-before.log,before,10,aztable,4,wake,setup,54.251,38,,
local-paired,round3-before.log,before,10,aztable,4,wake,lifecycle,,389,6.125,
local-paired,round3-before.log,before,11,aztable,16,idle,setup,295.508,146,,
local-paired,round3-before.log,before,11,aztable,16,idle,lifecycle,,1654,18.713,
local-paired,round3-before.log,before,12,aztable,16,interactive,setup,275.326,146,,
local-paired,round3-before.log,before,12,aztable,16,interactive,lifecycle,,1236,8.709,
local-paired,round3-before.log,before,13,aztable,16,stream,setup,216.293,146,,
local-paired,round3-before.log,before,13,aztable,16,stream,lifecycle,,2204,9.020,
local-paired,round3-before.log,before,14,aztable,16,duplex,setup,224.098,146,,
local-paired,round3-before.log,before,14,aztable,16,duplex,lifecycle,,4266,14.525,
local-paired,round3-before.log,before,15,aztable,16,wake,setup,225.120,146,,
local-paired,round3-before.log,before,15,aztable,16,wake,lifecycle,,1696,13.280,
local-sweep,sweep-1024-after.log,after,1,aztable,1,stream,setup,31.498,11,,
local-sweep,sweep-1024-after.log,after,1,aztable,1,stream,lifecycle,,8071,,1.496
local-sweep,sweep-1024-before.log,before,1,azblob,1,stream,setup,63.745,13,,
local-sweep,sweep-1024-before.log,before,1,azblob,1,stream,lifecycle,,12093,,1.662
local-sweep,sweep-1024-before.log,before,2,azqueue,1,stream,setup,20.003,12,,
local-sweep,sweep-1024-before.log,before,2,azqueue,1,stream,lifecycle,,15067,,1.447
local-sweep,sweep-1024-before.log,before,3,aztable,1,stream,setup,19.082,11,,
local-sweep,sweep-1024-before.log,before,3,aztable,1,stream,lifecycle,,8124,,1.602
local-sweep,sweep-1048576-after.log,after,1,aztable,1,stream,setup,30.281,11,,
local-sweep,sweep-1048576-after.log,after,1,aztable,1,stream,lifecycle,,32,,2.855
local-sweep,sweep-1048576-before.log,before,1,azblob,1,stream,setup,35.858,14,,
local-sweep,sweep-1048576-before.log,before,1,azblob,1,stream,lifecycle,,30,,1.618
local-sweep,sweep-1048576-before.log,before,2,azqueue,1,stream,setup,19.843,12,,
local-sweep,sweep-1048576-before.log,before,2,azqueue,1,stream,lifecycle,,406,,1.351
local-sweep,sweep-1048576-before.log,before,3,aztable,1,stream,setup,16.134,11,,
local-sweep,sweep-1048576-before.log,before,3,aztable,1,stream,lifecycle,,34,,2.440
local-sweep,sweep-16384-after.log,after,1,aztable,1,stream,setup,27.939,11,,
local-sweep,sweep-16384-after.log,after,1,aztable,1,stream,lifecycle,,345,,2.158
local-sweep,sweep-16384-before.log,before,1,azblob,1,stream,setup,33.981,14,,
local-sweep,sweep-16384-before.log,before,1,azblob,1,stream,lifecycle,,792,,0.931
local-sweep,sweep-16384-before.log,before,2,azqueue,1,stream,setup,15.562,11,,
local-sweep,sweep-16384-before.log,before,2,azqueue,1,stream,lifecycle,,1025,,1.360
local-sweep,sweep-16384-before.log,before,3,aztable,1,stream,setup,16.846,11,,
local-sweep,sweep-16384-before.log,before,3,aztable,1,stream,lifecycle,,437,,1.941
local-sweep,sweep-262144-after.log,after,1,aztable,1,stream,setup,29.938,11,,
local-sweep,sweep-262144-after.log,after,1,aztable,1,stream,lifecycle,,41,,2.632
local-sweep,sweep-262144-before.log,before,1,azblob,1,stream,setup,32.447,14,,
local-sweep,sweep-262144-before.log,before,1,azblob,1,stream,lifecycle,,74,,1.530
local-sweep,sweep-262144-before.log,before,2,azqueue,1,stream,setup,19.714,12,,
local-sweep,sweep-262144-before.log,before,2,azqueue,1,stream,lifecycle,,441,,1.422
local-sweep,sweep-262144-before.log,before,3,aztable,1,stream,setup,16.717,11,,
local-sweep,sweep-262144-before.log,before,3,aztable,1,stream,lifecycle,,44,,1.908
local-sweep,sweep-65536-after.log,after,1,aztable,1,stream,setup,31.732,11,,
local-sweep,sweep-65536-after.log,after,1,aztable,1,stream,lifecycle,,100,,2.227
local-sweep,sweep-65536-before.log,before,1,azblob,1,stream,setup,26.383,14,,
local-sweep,sweep-65536-before.log,before,1,azblob,1,stream,lifecycle,,263,,1.212
local-sweep,sweep-65536-before.log,before,2,azqueue,1,stream,setup,17.238,12,,
local-sweep,sweep-65536-before.log,before,2,azqueue,1,stream,lifecycle,,568,,1.330
local-sweep,sweep-65536-before.log,before,3,aztable,1,stream,setup,16.579,11,,
local-sweep,sweep-65536-before.log,before,3,aztable,1,stream,lifecycle,,116,,2.210
