source,account,write_size,phase,operation,method,status,retry,failed,attempts
round1-write1048576-standardacct.log,standardacct,1048576,workload,AppendBlock,PUT,201,false,false,5
round1-write1048576-standardacct.log,standardacct,1048576,workload,DeleteBlob,DELETE,202,false,false,1
round1-write1048576-standardacct.log,standardacct,1048576,workload,DownloadBlob,GET,206,false,false,3
round1-write1048576-standardacct.log,standardacct,1048576,workload,DownloadBlob,GET,416,false,true,5
round1-write1048576-standardacct.log,standardacct,1048576,lifecycle,AppendBlock,PUT,201,false,false,5
round1-write1048576-standardacct.log,standardacct,1048576,lifecycle,CreateContainer,PUT,201,false,false,3
round1-write1048576-standardacct.log,standardacct,1048576,lifecycle,DeleteBlob,DELETE,202,false,false,2
round1-write1048576-standardacct.log,standardacct,1048576,lifecycle,DeleteContainer,DELETE,202,false,false,3
round1-write1048576-standardacct.log,standardacct,1048576,lifecycle,DownloadBlob,GET,200,false,false,1
round1-write1048576-standardacct.log,standardacct,1048576,lifecycle,DownloadBlob,GET,206,false,false,3
round1-write1048576-standardacct.log,standardacct,1048576,lifecycle,DownloadBlob,GET,404,false,true,4
round1-write1048576-standardacct.log,standardacct,1048576,lifecycle,DownloadBlob,GET,416,false,true,5
round1-write1048576-standardacct.log,standardacct,1048576,lifecycle,ListBlobs,GET,200,false,false,2
round1-write1048576-standardacct.log,standardacct,1048576,lifecycle,PutBlob,PUT,201,false,false,4
round1-write1048576-premiumblob.log,premiumblob,1048576,workload,AppendBlock,PUT,201,false,false,5
round1-write1048576-premiumblob.log,premiumblob,1048576,workload,DeleteBlob,DELETE,202,false,false,1
round1-write1048576-premiumblob.log,premiumblob,1048576,workload,DownloadBlob,GET,206,false,false,4
round1-write1048576-premiumblob.log,premiumblob,1048576,workload,DownloadBlob,GET,416,false,true,5
round1-write1048576-premiumblob.log,premiumblob,1048576,lifecycle,AppendBlock,PUT,201,false,false,5
round1-write1048576-premiumblob.log,premiumblob,1048576,lifecycle,CreateContainer,PUT,201,false,false,3
round1-write1048576-premiumblob.log,premiumblob,1048576,lifecycle,DeleteBlob,DELETE,202,false,false,2
round1-write1048576-premiumblob.log,premiumblob,1048576,lifecycle,DeleteContainer,DELETE,202,false,false,3
round1-write1048576-premiumblob.log,premiumblob,1048576,lifecycle,DownloadBlob,GET,200,false,false,1
round1-write1048576-premiumblob.log,premiumblob,1048576,lifecycle,DownloadBlob,GET,206,false,false,4
round1-write1048576-premiumblob.log,premiumblob,1048576,lifecycle,DownloadBlob,GET,404,false,true,4
round1-write1048576-premiumblob.log,premiumblob,1048576,lifecycle,DownloadBlob,GET,416,false,true,5
round1-write1048576-premiumblob.log,premiumblob,1048576,lifecycle,ListBlobs,GET,200,false,false,2
round1-write1048576-premiumblob.log,premiumblob,1048576,lifecycle,PutBlob,PUT,201,false,false,4
round1-write262144-standardacct.log,standardacct,262144,workload,AppendBlock,PUT,201,false,false,17
round1-write262144-standardacct.log,standardacct,262144,workload,DeleteBlob,DELETE,202,false,false,1
round1-write262144-standardacct.log,standardacct,262144,workload,DownloadBlob,GET,206,false,false,16
round1-write262144-standardacct.log,standardacct,262144,workload,DownloadBlob,GET,416,false,true,9
round1-write262144-standardacct.log,standardacct,262144,lifecycle,AppendBlock,PUT,201,false,false,17
round1-write262144-standardacct.log,standardacct,262144,lifecycle,CreateContainer,PUT,201,false,false,3
round1-write262144-standardacct.log,standardacct,262144,lifecycle,DeleteBlob,DELETE,202,false,false,2
round1-write262144-standardacct.log,standardacct,262144,lifecycle,DeleteContainer,DELETE,202,false,false,3
round1-write262144-standardacct.log,standardacct,262144,lifecycle,DownloadBlob,GET,200,false,false,1
round1-write262144-standardacct.log,standardacct,262144,lifecycle,DownloadBlob,GET,206,false,false,16
round1-write262144-standardacct.log,standardacct,262144,lifecycle,DownloadBlob,GET,404,false,true,4
round1-write262144-standardacct.log,standardacct,262144,lifecycle,DownloadBlob,GET,416,false,true,9
round1-write262144-standardacct.log,standardacct,262144,lifecycle,ListBlobs,GET,200,false,false,2
round1-write262144-standardacct.log,standardacct,262144,lifecycle,PutBlob,PUT,201,false,false,4
round1-write262144-premiumblob.log,premiumblob,262144,workload,AppendBlock,PUT,201,false,false,17
round1-write262144-premiumblob.log,premiumblob,262144,workload,DeleteBlob,DELETE,202,false,false,1
round1-write262144-premiumblob.log,premiumblob,262144,workload,DownloadBlob,GET,206,false,false,6
round1-write262144-premiumblob.log,premiumblob,262144,workload,DownloadBlob,GET,416,false,true,4
round1-write262144-premiumblob.log,premiumblob,262144,lifecycle,AppendBlock,PUT,201,false,false,17
round1-write262144-premiumblob.log,premiumblob,262144,lifecycle,CreateContainer,PUT,201,false,false,3
round1-write262144-premiumblob.log,premiumblob,262144,lifecycle,DeleteBlob,DELETE,202,false,false,2
round1-write262144-premiumblob.log,premiumblob,262144,lifecycle,DeleteContainer,DELETE,202,false,false,3
round1-write262144-premiumblob.log,premiumblob,262144,lifecycle,DownloadBlob,GET,200,false,false,1
round1-write262144-premiumblob.log,premiumblob,262144,lifecycle,DownloadBlob,GET,206,false,false,6
round1-write262144-premiumblob.log,premiumblob,262144,lifecycle,DownloadBlob,GET,404,false,true,4
round1-write262144-premiumblob.log,premiumblob,262144,lifecycle,DownloadBlob,GET,416,false,true,4
round1-write262144-premiumblob.log,premiumblob,262144,lifecycle,ListBlobs,GET,200,false,false,2
round1-write262144-premiumblob.log,premiumblob,262144,lifecycle,PutBlob,PUT,201,false,false,4
round1-write65536-standardacct.log,standardacct,65536,workload,AppendBlock,PUT,201,false,false,65
round1-write65536-standardacct.log,standardacct,65536,workload,DeleteBlob,DELETE,202,false,false,1
round1-write65536-standardacct.log,standardacct,65536,workload,DownloadBlob,GET,206,false,false,65
round1-write65536-standardacct.log,standardacct,65536,workload,DownloadBlob,GET,416,false,true,11
round1-write65536-standardacct.log,standardacct,65536,lifecycle,AppendBlock,PUT,201,false,false,65
round1-write65536-standardacct.log,standardacct,65536,lifecycle,CreateContainer,PUT,201,false,false,3
round1-write65536-standardacct.log,standardacct,65536,lifecycle,DeleteBlob,DELETE,202,false,false,2
round1-write65536-standardacct.log,standardacct,65536,lifecycle,DeleteContainer,DELETE,202,false,false,3
round1-write65536-standardacct.log,standardacct,65536,lifecycle,DownloadBlob,GET,200,false,false,1
round1-write65536-standardacct.log,standardacct,65536,lifecycle,DownloadBlob,GET,206,false,false,65
round1-write65536-standardacct.log,standardacct,65536,lifecycle,DownloadBlob,GET,404,false,true,4
round1-write65536-standardacct.log,standardacct,65536,lifecycle,DownloadBlob,GET,416,false,true,11
round1-write65536-standardacct.log,standardacct,65536,lifecycle,ListBlobs,GET,200,false,false,2
round1-write65536-standardacct.log,standardacct,65536,lifecycle,PutBlob,PUT,201,false,false,4
round1-write65536-premiumblob.log,premiumblob,65536,workload,AppendBlock,PUT,201,false,false,65
round1-write65536-premiumblob.log,premiumblob,65536,workload,DeleteBlob,DELETE,202,false,false,1
round1-write65536-premiumblob.log,premiumblob,65536,workload,DownloadBlob,GET,206,false,false,65
round1-write65536-premiumblob.log,premiumblob,65536,workload,DownloadBlob,GET,416,false,true,8
round1-write65536-premiumblob.log,premiumblob,65536,lifecycle,AppendBlock,PUT,201,false,false,65
round1-write65536-premiumblob.log,premiumblob,65536,lifecycle,CreateContainer,PUT,201,false,false,3
round1-write65536-premiumblob.log,premiumblob,65536,lifecycle,DeleteBlob,DELETE,202,false,false,2
round1-write65536-premiumblob.log,premiumblob,65536,lifecycle,DeleteContainer,DELETE,202,false,false,3
round1-write65536-premiumblob.log,premiumblob,65536,lifecycle,DownloadBlob,GET,200,false,false,1
round1-write65536-premiumblob.log,premiumblob,65536,lifecycle,DownloadBlob,GET,206,false,false,65
round1-write65536-premiumblob.log,premiumblob,65536,lifecycle,DownloadBlob,GET,404,false,true,5
round1-write65536-premiumblob.log,premiumblob,65536,lifecycle,DownloadBlob,GET,416,false,true,8
round1-write65536-premiumblob.log,premiumblob,65536,lifecycle,ListBlobs,GET,200,false,false,2
round1-write65536-premiumblob.log,premiumblob,65536,lifecycle,PutBlob,PUT,201,false,false,4
round2-write1048576-standardacct.log,standardacct,1048576,workload,AppendBlock,PUT,201,false,false,5
round2-write1048576-standardacct.log,standardacct,1048576,workload,DeleteBlob,DELETE,202,false,false,1
round2-write1048576-standardacct.log,standardacct,1048576,workload,DownloadBlob,GET,206,false,false,3
round2-write1048576-standardacct.log,standardacct,1048576,workload,DownloadBlob,GET,416,false,true,5
round2-write1048576-standardacct.log,standardacct,1048576,lifecycle,AppendBlock,PUT,201,false,false,5
round2-write1048576-standardacct.log,standardacct,1048576,lifecycle,CreateContainer,PUT,201,false,false,3
round2-write1048576-standardacct.log,standardacct,1048576,lifecycle,DeleteBlob,DELETE,202,false,false,2
round2-write1048576-standardacct.log,standardacct,1048576,lifecycle,DeleteContainer,DELETE,202,false,false,3
round2-write1048576-standardacct.log,standardacct,1048576,lifecycle,DownloadBlob,GET,200,false,false,1
round2-write1048576-standardacct.log,standardacct,1048576,lifecycle,DownloadBlob,GET,206,false,false,3
round2-write1048576-standardacct.log,standardacct,1048576,lifecycle,DownloadBlob,GET,404,false,true,4
round2-write1048576-standardacct.log,standardacct,1048576,lifecycle,DownloadBlob,GET,416,false,true,5
round2-write1048576-standardacct.log,standardacct,1048576,lifecycle,ListBlobs,GET,200,false,false,2
round2-write1048576-standardacct.log,standardacct,1048576,lifecycle,PutBlob,PUT,201,false,false,4
round2-write1048576-premiumblob.log,premiumblob,1048576,workload,AppendBlock,PUT,201,false,false,5
round2-write1048576-premiumblob.log,premiumblob,1048576,workload,DeleteBlob,DELETE,202,false,false,1
round2-write1048576-premiumblob.log,premiumblob,1048576,workload,DownloadBlob,GET,206,false,false,2
round2-write1048576-premiumblob.log,premiumblob,1048576,workload,DownloadBlob,GET,416,false,true,5
round2-write1048576-premiumblob.log,premiumblob,1048576,lifecycle,AppendBlock,PUT,201,false,false,5
round2-write1048576-premiumblob.log,premiumblob,1048576,lifecycle,CreateContainer,PUT,201,false,false,3
round2-write1048576-premiumblob.log,premiumblob,1048576,lifecycle,DeleteBlob,DELETE,202,false,false,2
round2-write1048576-premiumblob.log,premiumblob,1048576,lifecycle,DeleteContainer,DELETE,202,false,false,3
round2-write1048576-premiumblob.log,premiumblob,1048576,lifecycle,DownloadBlob,GET,200,false,false,1
round2-write1048576-premiumblob.log,premiumblob,1048576,lifecycle,DownloadBlob,GET,206,false,false,2
round2-write1048576-premiumblob.log,premiumblob,1048576,lifecycle,DownloadBlob,GET,404,false,true,4
round2-write1048576-premiumblob.log,premiumblob,1048576,lifecycle,DownloadBlob,GET,416,false,true,5
round2-write1048576-premiumblob.log,premiumblob,1048576,lifecycle,ListBlobs,GET,200,false,false,2
round2-write1048576-premiumblob.log,premiumblob,1048576,lifecycle,PutBlob,PUT,201,false,false,4
round2-write262144-standardacct.log,standardacct,262144,workload,AppendBlock,PUT,201,false,false,17
round2-write262144-standardacct.log,standardacct,262144,workload,DeleteBlob,DELETE,202,false,false,1
round2-write262144-standardacct.log,standardacct,262144,workload,DownloadBlob,GET,206,false,false,14
round2-write262144-standardacct.log,standardacct,262144,workload,DownloadBlob,GET,416,false,true,6
round2-write262144-standardacct.log,standardacct,262144,lifecycle,AppendBlock,PUT,201,false,false,17
round2-write262144-standardacct.log,standardacct,262144,lifecycle,CreateContainer,PUT,201,false,false,3
round2-write262144-standardacct.log,standardacct,262144,lifecycle,DeleteBlob,DELETE,202,false,false,2
round2-write262144-standardacct.log,standardacct,262144,lifecycle,DeleteContainer,DELETE,202,false,false,3
round2-write262144-standardacct.log,standardacct,262144,lifecycle,DownloadBlob,GET,200,false,false,1
round2-write262144-standardacct.log,standardacct,262144,lifecycle,DownloadBlob,GET,206,false,false,14
round2-write262144-standardacct.log,standardacct,262144,lifecycle,DownloadBlob,GET,404,false,true,4
round2-write262144-standardacct.log,standardacct,262144,lifecycle,DownloadBlob,GET,416,false,true,6
round2-write262144-standardacct.log,standardacct,262144,lifecycle,ListBlobs,GET,200,false,false,2
round2-write262144-standardacct.log,standardacct,262144,lifecycle,PutBlob,PUT,201,false,false,4
round2-write262144-premiumblob.log,premiumblob,262144,workload,AppendBlock,PUT,201,false,false,17
round2-write262144-premiumblob.log,premiumblob,262144,workload,DeleteBlob,DELETE,202,false,false,1
round2-write262144-premiumblob.log,premiumblob,262144,workload,DownloadBlob,GET,206,false,false,6
round2-write262144-premiumblob.log,premiumblob,262144,workload,DownloadBlob,GET,416,false,true,4
round2-write262144-premiumblob.log,premiumblob,262144,lifecycle,AppendBlock,PUT,201,false,false,17
round2-write262144-premiumblob.log,premiumblob,262144,lifecycle,CreateContainer,PUT,201,false,false,3
round2-write262144-premiumblob.log,premiumblob,262144,lifecycle,DeleteBlob,DELETE,202,false,false,2
round2-write262144-premiumblob.log,premiumblob,262144,lifecycle,DeleteContainer,DELETE,202,false,false,3
round2-write262144-premiumblob.log,premiumblob,262144,lifecycle,DownloadBlob,GET,200,false,false,1
round2-write262144-premiumblob.log,premiumblob,262144,lifecycle,DownloadBlob,GET,206,false,false,6
round2-write262144-premiumblob.log,premiumblob,262144,lifecycle,DownloadBlob,GET,404,false,true,5
round2-write262144-premiumblob.log,premiumblob,262144,lifecycle,DownloadBlob,GET,416,false,true,4
round2-write262144-premiumblob.log,premiumblob,262144,lifecycle,ListBlobs,GET,200,false,false,2
round2-write262144-premiumblob.log,premiumblob,262144,lifecycle,PutBlob,PUT,201,false,false,4
round2-write65536-standardacct.log,standardacct,65536,workload,AppendBlock,PUT,201,false,false,65
round2-write65536-standardacct.log,standardacct,65536,workload,DeleteBlob,DELETE,202,false,false,1
round2-write65536-standardacct.log,standardacct,65536,workload,DownloadBlob,GET,206,false,false,65
round2-write65536-standardacct.log,standardacct,65536,workload,DownloadBlob,GET,416,false,true,14
round2-write65536-standardacct.log,standardacct,65536,lifecycle,AppendBlock,PUT,201,false,false,65
round2-write65536-standardacct.log,standardacct,65536,lifecycle,CreateContainer,PUT,201,false,false,3
round2-write65536-standardacct.log,standardacct,65536,lifecycle,DeleteBlob,DELETE,202,false,false,2
round2-write65536-standardacct.log,standardacct,65536,lifecycle,DeleteContainer,DELETE,202,false,false,3
round2-write65536-standardacct.log,standardacct,65536,lifecycle,DownloadBlob,GET,200,false,false,1
round2-write65536-standardacct.log,standardacct,65536,lifecycle,DownloadBlob,GET,206,false,false,65
round2-write65536-standardacct.log,standardacct,65536,lifecycle,DownloadBlob,GET,404,false,true,4
round2-write65536-standardacct.log,standardacct,65536,lifecycle,DownloadBlob,GET,416,false,true,14
round2-write65536-standardacct.log,standardacct,65536,lifecycle,ListBlobs,GET,200,false,false,2
round2-write65536-standardacct.log,standardacct,65536,lifecycle,PutBlob,PUT,201,false,false,4
round2-write65536-premiumblob.log,premiumblob,65536,workload,AppendBlock,PUT,201,false,false,65
round2-write65536-premiumblob.log,premiumblob,65536,workload,DeleteBlob,DELETE,202,false,false,1
round2-write65536-premiumblob.log,premiumblob,65536,workload,DownloadBlob,GET,206,false,false,65
round2-write65536-premiumblob.log,premiumblob,65536,workload,DownloadBlob,GET,416,false,true,8
round2-write65536-premiumblob.log,premiumblob,65536,lifecycle,AppendBlock,PUT,201,false,false,65
round2-write65536-premiumblob.log,premiumblob,65536,lifecycle,CreateContainer,PUT,201,false,false,3
round2-write65536-premiumblob.log,premiumblob,65536,lifecycle,DeleteBlob,DELETE,202,false,false,2
round2-write65536-premiumblob.log,premiumblob,65536,lifecycle,DeleteContainer,DELETE,202,false,false,3
round2-write65536-premiumblob.log,premiumblob,65536,lifecycle,DownloadBlob,GET,200,false,false,1
round2-write65536-premiumblob.log,premiumblob,65536,lifecycle,DownloadBlob,GET,206,false,false,65
round2-write65536-premiumblob.log,premiumblob,65536,lifecycle,DownloadBlob,GET,404,false,true,4
round2-write65536-premiumblob.log,premiumblob,65536,lifecycle,DownloadBlob,GET,416,false,true,8
round2-write65536-premiumblob.log,premiumblob,65536,lifecycle,ListBlobs,GET,200,false,false,2
round2-write65536-premiumblob.log,premiumblob,65536,lifecycle,PutBlob,PUT,201,false,false,4
round3-write1048576-standardacct.log,standardacct,1048576,workload,AppendBlock,PUT,201,false,false,5
round3-write1048576-standardacct.log,standardacct,1048576,workload,DeleteBlob,DELETE,202,false,false,1
round3-write1048576-standardacct.log,standardacct,1048576,workload,DownloadBlob,GET,206,false,false,3
round3-write1048576-standardacct.log,standardacct,1048576,workload,DownloadBlob,GET,416,false,true,5
round3-write1048576-standardacct.log,standardacct,1048576,lifecycle,AppendBlock,PUT,201,false,false,5
round3-write1048576-standardacct.log,standardacct,1048576,lifecycle,CreateContainer,PUT,201,false,false,3
round3-write1048576-standardacct.log,standardacct,1048576,lifecycle,DeleteBlob,DELETE,202,false,false,2
round3-write1048576-standardacct.log,standardacct,1048576,lifecycle,DeleteContainer,DELETE,202,false,false,3
round3-write1048576-standardacct.log,standardacct,1048576,lifecycle,DownloadBlob,GET,200,false,false,1
round3-write1048576-standardacct.log,standardacct,1048576,lifecycle,DownloadBlob,GET,206,false,false,3
round3-write1048576-standardacct.log,standardacct,1048576,lifecycle,DownloadBlob,GET,404,false,true,4
round3-write1048576-standardacct.log,standardacct,1048576,lifecycle,DownloadBlob,GET,416,false,true,5
round3-write1048576-standardacct.log,standardacct,1048576,lifecycle,ListBlobs,GET,200,false,false,2
round3-write1048576-standardacct.log,standardacct,1048576,lifecycle,PutBlob,PUT,201,false,false,4
round3-write1048576-premiumblob.log,premiumblob,1048576,workload,AppendBlock,PUT,201,false,false,5
round3-write1048576-premiumblob.log,premiumblob,1048576,workload,DeleteBlob,DELETE,202,false,false,1
round3-write1048576-premiumblob.log,premiumblob,1048576,workload,DownloadBlob,GET,206,false,false,2
round3-write1048576-premiumblob.log,premiumblob,1048576,workload,DownloadBlob,GET,416,false,true,6
round3-write1048576-premiumblob.log,premiumblob,1048576,lifecycle,AppendBlock,PUT,201,false,false,5
round3-write1048576-premiumblob.log,premiumblob,1048576,lifecycle,CreateContainer,PUT,201,false,false,3
round3-write1048576-premiumblob.log,premiumblob,1048576,lifecycle,DeleteBlob,DELETE,202,false,false,2
round3-write1048576-premiumblob.log,premiumblob,1048576,lifecycle,DeleteContainer,DELETE,202,false,false,3
round3-write1048576-premiumblob.log,premiumblob,1048576,lifecycle,DownloadBlob,GET,200,false,false,1
round3-write1048576-premiumblob.log,premiumblob,1048576,lifecycle,DownloadBlob,GET,206,false,false,2
round3-write1048576-premiumblob.log,premiumblob,1048576,lifecycle,DownloadBlob,GET,404,false,true,5
round3-write1048576-premiumblob.log,premiumblob,1048576,lifecycle,DownloadBlob,GET,416,false,true,6
round3-write1048576-premiumblob.log,premiumblob,1048576,lifecycle,ListBlobs,GET,200,false,false,2
round3-write1048576-premiumblob.log,premiumblob,1048576,lifecycle,PutBlob,PUT,201,false,false,4
round3-write262144-standardacct.log,standardacct,262144,workload,AppendBlock,PUT,201,false,false,17
round3-write262144-standardacct.log,standardacct,262144,workload,DeleteBlob,DELETE,202,false,false,1
round3-write262144-standardacct.log,standardacct,262144,workload,DownloadBlob,GET,206,false,false,13
round3-write262144-standardacct.log,standardacct,262144,workload,DownloadBlob,GET,416,false,true,7
round3-write262144-standardacct.log,standardacct,262144,lifecycle,AppendBlock,PUT,201,false,false,17
round3-write262144-standardacct.log,standardacct,262144,lifecycle,CreateContainer,PUT,201,false,false,3
round3-write262144-standardacct.log,standardacct,262144,lifecycle,DeleteBlob,DELETE,202,false,false,2
round3-write262144-standardacct.log,standardacct,262144,lifecycle,DeleteContainer,DELETE,202,false,false,3
round3-write262144-standardacct.log,standardacct,262144,lifecycle,DownloadBlob,GET,200,false,false,1
round3-write262144-standardacct.log,standardacct,262144,lifecycle,DownloadBlob,GET,206,false,false,13
round3-write262144-standardacct.log,standardacct,262144,lifecycle,DownloadBlob,GET,404,false,true,4
round3-write262144-standardacct.log,standardacct,262144,lifecycle,DownloadBlob,GET,416,false,true,7
round3-write262144-standardacct.log,standardacct,262144,lifecycle,ListBlobs,GET,200,false,false,2
round3-write262144-standardacct.log,standardacct,262144,lifecycle,PutBlob,PUT,201,false,false,4
round3-write262144-premiumblob.log,premiumblob,262144,workload,AppendBlock,PUT,201,false,false,17
round3-write262144-premiumblob.log,premiumblob,262144,workload,DeleteBlob,DELETE,202,false,false,1
round3-write262144-premiumblob.log,premiumblob,262144,workload,DownloadBlob,GET,206,false,false,7
round3-write262144-premiumblob.log,premiumblob,262144,workload,DownloadBlob,GET,416,false,true,3
round3-write262144-premiumblob.log,premiumblob,262144,lifecycle,AppendBlock,PUT,201,false,false,17
round3-write262144-premiumblob.log,premiumblob,262144,lifecycle,CreateContainer,PUT,201,false,false,3
round3-write262144-premiumblob.log,premiumblob,262144,lifecycle,DeleteBlob,DELETE,202,false,false,2
round3-write262144-premiumblob.log,premiumblob,262144,lifecycle,DeleteContainer,DELETE,202,false,false,3
round3-write262144-premiumblob.log,premiumblob,262144,lifecycle,DownloadBlob,GET,200,false,false,1
round3-write262144-premiumblob.log,premiumblob,262144,lifecycle,DownloadBlob,GET,206,false,false,7
round3-write262144-premiumblob.log,premiumblob,262144,lifecycle,DownloadBlob,GET,404,false,true,5
round3-write262144-premiumblob.log,premiumblob,262144,lifecycle,DownloadBlob,GET,416,false,true,3
round3-write262144-premiumblob.log,premiumblob,262144,lifecycle,ListBlobs,GET,200,false,false,2
round3-write262144-premiumblob.log,premiumblob,262144,lifecycle,PutBlob,PUT,201,false,false,4
round3-write65536-standardacct.log,standardacct,65536,workload,AppendBlock,PUT,201,false,false,65
round3-write65536-standardacct.log,standardacct,65536,workload,DeleteBlob,DELETE,202,false,false,1
round3-write65536-standardacct.log,standardacct,65536,workload,DownloadBlob,GET,206,false,false,65
round3-write65536-standardacct.log,standardacct,65536,workload,DownloadBlob,GET,416,false,true,16
round3-write65536-standardacct.log,standardacct,65536,lifecycle,AppendBlock,PUT,201,false,false,65
round3-write65536-standardacct.log,standardacct,65536,lifecycle,CreateContainer,PUT,201,false,false,3
round3-write65536-standardacct.log,standardacct,65536,lifecycle,DeleteBlob,DELETE,202,false,false,2
round3-write65536-standardacct.log,standardacct,65536,lifecycle,DeleteContainer,DELETE,202,false,false,3
round3-write65536-standardacct.log,standardacct,65536,lifecycle,DownloadBlob,GET,200,false,false,1
round3-write65536-standardacct.log,standardacct,65536,lifecycle,DownloadBlob,GET,206,false,false,65
round3-write65536-standardacct.log,standardacct,65536,lifecycle,DownloadBlob,GET,404,false,true,5
round3-write65536-standardacct.log,standardacct,65536,lifecycle,DownloadBlob,GET,416,false,true,16
round3-write65536-standardacct.log,standardacct,65536,lifecycle,ListBlobs,GET,200,false,false,2
round3-write65536-standardacct.log,standardacct,65536,lifecycle,PutBlob,PUT,201,false,false,4
round3-write65536-premiumblob.log,premiumblob,65536,workload,AppendBlock,PUT,201,false,false,65
round3-write65536-premiumblob.log,premiumblob,65536,workload,DeleteBlob,DELETE,202,false,false,1
round3-write65536-premiumblob.log,premiumblob,65536,workload,DownloadBlob,GET,206,false,false,55
round3-write65536-premiumblob.log,premiumblob,65536,workload,DownloadBlob,GET,416,false,true,9
round3-write65536-premiumblob.log,premiumblob,65536,lifecycle,AppendBlock,PUT,201,false,false,65
round3-write65536-premiumblob.log,premiumblob,65536,lifecycle,CreateContainer,PUT,201,false,false,3
round3-write65536-premiumblob.log,premiumblob,65536,lifecycle,DeleteBlob,DELETE,202,false,false,2
round3-write65536-premiumblob.log,premiumblob,65536,lifecycle,DeleteContainer,DELETE,202,false,false,3
round3-write65536-premiumblob.log,premiumblob,65536,lifecycle,DownloadBlob,GET,200,false,false,1
round3-write65536-premiumblob.log,premiumblob,65536,lifecycle,DownloadBlob,GET,206,false,false,55
round3-write65536-premiumblob.log,premiumblob,65536,lifecycle,DownloadBlob,GET,404,false,true,5
round3-write65536-premiumblob.log,premiumblob,65536,lifecycle,DownloadBlob,GET,416,false,true,9
round3-write65536-premiumblob.log,premiumblob,65536,lifecycle,ListBlobs,GET,200,false,false,2
round3-write65536-premiumblob.log,premiumblob,65536,lifecycle,PutBlob,PUT,201,false,false,4
