source,driver,connections,workload,write_size,phase,operation,method,status,retry,failed,attempts
round1-write1048576.log,azblob,1,stream,1048576,workload,AppendBlock,PUT,201,false,false,5
round1-write1048576.log,azblob,1,stream,1048576,workload,DeleteBlob,DELETE,202,false,false,1
round1-write1048576.log,azblob,1,stream,1048576,workload,DownloadBlob,GET,206,false,false,2
round1-write1048576.log,azblob,1,stream,1048576,workload,DownloadBlob,GET,416,false,true,6
round1-write1048576.log,azblob,1,stream,1048576,lifecycle,AppendBlock,PUT,201,false,false,5
round1-write1048576.log,azblob,1,stream,1048576,lifecycle,CreateContainer,PUT,201,false,false,3
round1-write1048576.log,azblob,1,stream,1048576,lifecycle,DeleteBlob,DELETE,202,false,false,2
round1-write1048576.log,azblob,1,stream,1048576,lifecycle,DeleteContainer,DELETE,202,false,false,3
round1-write1048576.log,azblob,1,stream,1048576,lifecycle,DownloadBlob,GET,200,false,false,1
round1-write1048576.log,azblob,1,stream,1048576,lifecycle,DownloadBlob,GET,206,false,false,2
round1-write1048576.log,azblob,1,stream,1048576,lifecycle,DownloadBlob,GET,404,false,true,5
round1-write1048576.log,azblob,1,stream,1048576,lifecycle,DownloadBlob,GET,416,false,true,6
round1-write1048576.log,azblob,1,stream,1048576,lifecycle,ListBlobs,GET,200,false,false,2
round1-write1048576.log,azblob,1,stream,1048576,lifecycle,PutBlob,PUT,201,false,false,4
round1-write1048576.log,azqueue,1,stream,1048576,workload,DeleteMessage,DELETE,204,false,false,90
round1-write1048576.log,azqueue,1,stream,1048576,workload,DequeueMessages,GET,200,false,false,38
round1-write1048576.log,azqueue,1,stream,1048576,workload,EnqueueMessage,POST,201,false,false,89
round1-write1048576.log,azqueue,1,stream,1048576,lifecycle,CreateQueue,PUT,201,false,false,4
round1-write1048576.log,azqueue,1,stream,1048576,lifecycle,DeleteMessage,DELETE,204,false,false,91
round1-write1048576.log,azqueue,1,stream,1048576,lifecycle,DeleteQueue,DELETE,204,false,false,4
round1-write1048576.log,azqueue,1,stream,1048576,lifecycle,DequeueMessages,GET,200,false,false,40
round1-write1048576.log,azqueue,1,stream,1048576,lifecycle,EnqueueMessage,POST,201,false,false,91
round1-write1048576.log,azqueue,1,stream,1048576,lifecycle,PeekMessages,GET,200,false,false,4
round1-write1048576.log,aztable,1,stream,1048576,workload,AddEntity,POST,204,false,false,9
round1-write1048576.log,aztable,1,stream,1048576,workload,DeleteEntity,DELETE,204,false,false,1
round1-write1048576.log,aztable,1,stream,1048576,workload,QueryEntities,GET,200,false,false,10
round1-write1048576.log,aztable,1,stream,1048576,lifecycle,AddEntity,POST,201,false,false,2
round1-write1048576.log,aztable,1,stream,1048576,lifecycle,AddEntity,POST,204,false,false,9
round1-write1048576.log,aztable,1,stream,1048576,lifecycle,CreateTable,POST,201,false,false,4
round1-write1048576.log,aztable,1,stream,1048576,lifecycle,DeleteEntity,DELETE,204,false,false,2
round1-write1048576.log,aztable,1,stream,1048576,lifecycle,DeleteTable,DELETE,204,false,false,4
round1-write1048576.log,aztable,1,stream,1048576,lifecycle,GetEntity,GET,200,false,false,1
round1-write1048576.log,aztable,1,stream,1048576,lifecycle,GetEntity,GET,404,false,true,3
round1-write1048576.log,aztable,1,stream,1048576,lifecycle,QueryEntities,GET,200,false,false,12
round1-write262144.log,azblob,1,stream,262144,workload,AppendBlock,PUT,201,false,false,17
round1-write262144.log,azblob,1,stream,262144,workload,DeleteBlob,DELETE,202,false,false,1
round1-write262144.log,azblob,1,stream,262144,workload,DownloadBlob,GET,206,false,false,14
round1-write262144.log,azblob,1,stream,262144,workload,DownloadBlob,GET,416,false,true,5
round1-write262144.log,azblob,1,stream,262144,lifecycle,AppendBlock,PUT,201,false,false,17
round1-write262144.log,azblob,1,stream,262144,lifecycle,CreateContainer,PUT,201,false,false,3
round1-write262144.log,azblob,1,stream,262144,lifecycle,DeleteBlob,DELETE,202,false,false,2
round1-write262144.log,azblob,1,stream,262144,lifecycle,DeleteContainer,DELETE,202,false,false,3
round1-write262144.log,azblob,1,stream,262144,lifecycle,DownloadBlob,GET,200,false,false,1
round1-write262144.log,azblob,1,stream,262144,lifecycle,DownloadBlob,GET,206,false,false,14
round1-write262144.log,azblob,1,stream,262144,lifecycle,DownloadBlob,GET,404,false,true,5
round1-write262144.log,azblob,1,stream,262144,lifecycle,DownloadBlob,GET,416,false,true,5
round1-write262144.log,azblob,1,stream,262144,lifecycle,ListBlobs,GET,200,false,false,2
round1-write262144.log,azblob,1,stream,262144,lifecycle,PutBlob,PUT,201,false,false,4
round1-write262144.log,azqueue,1,stream,262144,workload,DeleteMessage,DELETE,204,false,false,98
round1-write262144.log,azqueue,1,stream,262144,workload,DequeueMessages,GET,200,false,false,39
round1-write262144.log,azqueue,1,stream,262144,workload,EnqueueMessage,POST,201,false,false,97
round1-write262144.log,azqueue,1,stream,262144,lifecycle,CreateQueue,PUT,201,false,false,4
round1-write262144.log,azqueue,1,stream,262144,lifecycle,DeleteMessage,DELETE,204,false,false,99
round1-write262144.log,azqueue,1,stream,262144,lifecycle,DeleteQueue,DELETE,204,false,false,4
round1-write262144.log,azqueue,1,stream,262144,lifecycle,DequeueMessages,GET,200,false,false,41
round1-write262144.log,azqueue,1,stream,262144,lifecycle,EnqueueMessage,POST,201,false,false,99
round1-write262144.log,azqueue,1,stream,262144,lifecycle,PeekMessages,GET,200,false,false,4
round1-write262144.log,aztable,1,stream,262144,workload,AddEntity,POST,204,false,false,17
round1-write262144.log,aztable,1,stream,262144,workload,DeleteEntity,DELETE,204,false,false,1
round1-write262144.log,aztable,1,stream,262144,workload,QueryEntities,GET,200,false,false,17
round1-write262144.log,aztable,1,stream,262144,lifecycle,AddEntity,POST,201,false,false,2
round1-write262144.log,aztable,1,stream,262144,lifecycle,AddEntity,POST,204,false,false,17
round1-write262144.log,aztable,1,stream,262144,lifecycle,CreateTable,POST,201,false,false,4
round1-write262144.log,aztable,1,stream,262144,lifecycle,DeleteEntity,DELETE,204,false,false,2
round1-write262144.log,aztable,1,stream,262144,lifecycle,DeleteTable,DELETE,204,false,false,4
round1-write262144.log,aztable,1,stream,262144,lifecycle,GetEntity,GET,200,false,false,1
round1-write262144.log,aztable,1,stream,262144,lifecycle,GetEntity,GET,404,false,true,3
round1-write262144.log,aztable,1,stream,262144,lifecycle,QueryEntities,GET,200,false,false,19
round1-write65536.log,azblob,1,stream,65536,workload,AppendBlock,PUT,201,false,false,65
round1-write65536.log,azblob,1,stream,65536,workload,DeleteBlob,DELETE,202,false,false,1
round1-write65536.log,azblob,1,stream,65536,workload,DownloadBlob,GET,206,false,false,65
round1-write65536.log,azblob,1,stream,65536,workload,DownloadBlob,GET,416,false,true,9
round1-write65536.log,azblob,1,stream,65536,lifecycle,AppendBlock,PUT,201,false,false,65
round1-write65536.log,azblob,1,stream,65536,lifecycle,CreateContainer,PUT,201,false,false,3
round1-write65536.log,azblob,1,stream,65536,lifecycle,DeleteBlob,DELETE,202,false,false,2
round1-write65536.log,azblob,1,stream,65536,lifecycle,DeleteContainer,DELETE,202,false,false,3
round1-write65536.log,azblob,1,stream,65536,lifecycle,DownloadBlob,GET,200,false,false,1
round1-write65536.log,azblob,1,stream,65536,lifecycle,DownloadBlob,GET,206,false,false,65
round1-write65536.log,azblob,1,stream,65536,lifecycle,DownloadBlob,GET,404,false,true,5
round1-write65536.log,azblob,1,stream,65536,lifecycle,DownloadBlob,GET,416,false,true,9
round1-write65536.log,azblob,1,stream,65536,lifecycle,ListBlobs,GET,200,false,false,2
round1-write65536.log,azblob,1,stream,65536,lifecycle,PutBlob,PUT,201,false,false,4
round1-write65536.log,azqueue,1,stream,65536,workload,DeleteMessage,DELETE,204,false,false,130
round1-write65536.log,azqueue,1,stream,65536,workload,DequeueMessages,GET,200,false,false,52
round1-write65536.log,azqueue,1,stream,65536,workload,EnqueueMessage,POST,201,false,false,129
round1-write65536.log,azqueue,1,stream,65536,lifecycle,CreateQueue,PUT,201,false,false,4
round1-write65536.log,azqueue,1,stream,65536,lifecycle,DeleteMessage,DELETE,204,false,false,131
round1-write65536.log,azqueue,1,stream,65536,lifecycle,DeleteQueue,DELETE,204,false,false,4
round1-write65536.log,azqueue,1,stream,65536,lifecycle,DequeueMessages,GET,200,false,false,54
round1-write65536.log,azqueue,1,stream,65536,lifecycle,EnqueueMessage,POST,201,false,false,131
round1-write65536.log,azqueue,1,stream,65536,lifecycle,PeekMessages,GET,200,false,false,5
round1-write65536.log,aztable,1,stream,65536,workload,AddEntity,POST,204,false,false,65
round1-write65536.log,aztable,1,stream,65536,workload,DeleteEntity,DELETE,204,false,false,1
round1-write65536.log,aztable,1,stream,65536,workload,QueryEntities,GET,200,false,false,47
round1-write65536.log,aztable,1,stream,65536,lifecycle,AddEntity,POST,201,false,false,2
round1-write65536.log,aztable,1,stream,65536,lifecycle,AddEntity,POST,204,false,false,65
round1-write65536.log,aztable,1,stream,65536,lifecycle,CreateTable,POST,201,false,false,4
round1-write65536.log,aztable,1,stream,65536,lifecycle,DeleteEntity,DELETE,204,false,false,2
round1-write65536.log,aztable,1,stream,65536,lifecycle,DeleteTable,DELETE,204,false,false,4
round1-write65536.log,aztable,1,stream,65536,lifecycle,GetEntity,GET,200,false,false,1
round1-write65536.log,aztable,1,stream,65536,lifecycle,GetEntity,GET,404,false,true,4
round1-write65536.log,aztable,1,stream,65536,lifecycle,QueryEntities,GET,200,false,false,49
round2-write1048576.log,azblob,1,stream,1048576,workload,AppendBlock,PUT,201,false,false,5
round2-write1048576.log,azblob,1,stream,1048576,workload,DeleteBlob,DELETE,202,false,false,1
round2-write1048576.log,azblob,1,stream,1048576,workload,DownloadBlob,GET,206,false,false,2
round2-write1048576.log,azblob,1,stream,1048576,workload,DownloadBlob,GET,416,false,true,6
round2-write1048576.log,azblob,1,stream,1048576,lifecycle,AppendBlock,PUT,201,false,false,5
round2-write1048576.log,azblob,1,stream,1048576,lifecycle,CreateContainer,PUT,201,false,false,3
round2-write1048576.log,azblob,1,stream,1048576,lifecycle,DeleteBlob,DELETE,202,false,false,2
round2-write1048576.log,azblob,1,stream,1048576,lifecycle,DeleteContainer,DELETE,202,false,false,3
round2-write1048576.log,azblob,1,stream,1048576,lifecycle,DownloadBlob,GET,200,false,false,1
round2-write1048576.log,azblob,1,stream,1048576,lifecycle,DownloadBlob,GET,206,false,false,2
round2-write1048576.log,azblob,1,stream,1048576,lifecycle,DownloadBlob,GET,404,false,true,4
round2-write1048576.log,azblob,1,stream,1048576,lifecycle,DownloadBlob,GET,416,false,true,6
round2-write1048576.log,azblob,1,stream,1048576,lifecycle,ListBlobs,GET,200,false,false,2
round2-write1048576.log,azblob,1,stream,1048576,lifecycle,PutBlob,PUT,201,false,false,4
round2-write1048576.log,azqueue,1,stream,1048576,workload,DeleteMessage,DELETE,204,false,false,90
round2-write1048576.log,azqueue,1,stream,1048576,workload,DequeueMessages,GET,200,false,false,38
round2-write1048576.log,azqueue,1,stream,1048576,workload,EnqueueMessage,POST,201,false,false,89
round2-write1048576.log,azqueue,1,stream,1048576,lifecycle,CreateQueue,PUT,201,false,false,4
round2-write1048576.log,azqueue,1,stream,1048576,lifecycle,DeleteMessage,DELETE,204,false,false,91
round2-write1048576.log,azqueue,1,stream,1048576,lifecycle,DeleteQueue,DELETE,204,false,false,4
round2-write1048576.log,azqueue,1,stream,1048576,lifecycle,DequeueMessages,GET,200,false,false,40
round2-write1048576.log,azqueue,1,stream,1048576,lifecycle,EnqueueMessage,POST,201,false,false,91
round2-write1048576.log,azqueue,1,stream,1048576,lifecycle,PeekMessages,GET,200,false,false,4
round2-write1048576.log,aztable,1,stream,1048576,workload,AddEntity,POST,204,false,false,9
round2-write1048576.log,aztable,1,stream,1048576,workload,DeleteEntity,DELETE,204,false,false,1
round2-write1048576.log,aztable,1,stream,1048576,workload,QueryEntities,GET,200,false,false,10
round2-write1048576.log,aztable,1,stream,1048576,lifecycle,AddEntity,POST,201,false,false,2
round2-write1048576.log,aztable,1,stream,1048576,lifecycle,AddEntity,POST,204,false,false,9
round2-write1048576.log,aztable,1,stream,1048576,lifecycle,CreateTable,POST,201,false,false,4
round2-write1048576.log,aztable,1,stream,1048576,lifecycle,DeleteEntity,DELETE,204,false,false,2
round2-write1048576.log,aztable,1,stream,1048576,lifecycle,DeleteTable,DELETE,204,false,false,4
round2-write1048576.log,aztable,1,stream,1048576,lifecycle,GetEntity,GET,200,false,false,1
round2-write1048576.log,aztable,1,stream,1048576,lifecycle,GetEntity,GET,404,false,true,5
round2-write1048576.log,aztable,1,stream,1048576,lifecycle,QueryEntities,GET,200,false,false,12
round2-write262144.log,azblob,1,stream,262144,workload,AppendBlock,PUT,201,false,false,17
round2-write262144.log,azblob,1,stream,262144,workload,DeleteBlob,DELETE,202,false,false,1
round2-write262144.log,azblob,1,stream,262144,workload,DownloadBlob,GET,206,false,false,7
round2-write262144.log,azblob,1,stream,262144,workload,DownloadBlob,GET,416,false,true,4
round2-write262144.log,azblob,1,stream,262144,lifecycle,AppendBlock,PUT,201,false,false,17
round2-write262144.log,azblob,1,stream,262144,lifecycle,CreateContainer,PUT,201,false,false,3
round2-write262144.log,azblob,1,stream,262144,lifecycle,DeleteBlob,DELETE,202,false,false,2
round2-write262144.log,azblob,1,stream,262144,lifecycle,DeleteContainer,DELETE,202,false,false,3
round2-write262144.log,azblob,1,stream,262144,lifecycle,DownloadBlob,GET,200,false,false,1
round2-write262144.log,azblob,1,stream,262144,lifecycle,DownloadBlob,GET,206,false,false,7
round2-write262144.log,azblob,1,stream,262144,lifecycle,DownloadBlob,GET,404,false,true,4
round2-write262144.log,azblob,1,stream,262144,lifecycle,DownloadBlob,GET,416,false,true,4
round2-write262144.log,azblob,1,stream,262144,lifecycle,ListBlobs,GET,200,false,false,2
round2-write262144.log,azblob,1,stream,262144,lifecycle,PutBlob,PUT,201,false,false,4
round2-write262144.log,azqueue,1,stream,262144,workload,DeleteMessage,DELETE,204,false,false,98
round2-write262144.log,azqueue,1,stream,262144,workload,DequeueMessages,GET,200,false,false,42
round2-write262144.log,azqueue,1,stream,262144,workload,EnqueueMessage,POST,201,false,false,97
round2-write262144.log,azqueue,1,stream,262144,lifecycle,CreateQueue,PUT,201,false,false,4
round2-write262144.log,azqueue,1,stream,262144,lifecycle,DeleteMessage,DELETE,204,false,false,99
round2-write262144.log,azqueue,1,stream,262144,lifecycle,DeleteQueue,DELETE,204,false,false,4
round2-write262144.log,azqueue,1,stream,262144,lifecycle,DequeueMessages,GET,200,false,false,44
round2-write262144.log,azqueue,1,stream,262144,lifecycle,EnqueueMessage,POST,201,false,false,99
round2-write262144.log,azqueue,1,stream,262144,lifecycle,PeekMessages,GET,200,false,false,4
round2-write262144.log,aztable,1,stream,262144,workload,AddEntity,POST,204,false,false,17
round2-write262144.log,aztable,1,stream,262144,workload,DeleteEntity,DELETE,204,false,false,1
round2-write262144.log,aztable,1,stream,262144,workload,QueryEntities,GET,200,false,false,12
round2-write262144.log,aztable,1,stream,262144,lifecycle,AddEntity,POST,201,false,false,2
round2-write262144.log,aztable,1,stream,262144,lifecycle,AddEntity,POST,204,false,false,17
round2-write262144.log,aztable,1,stream,262144,lifecycle,CreateTable,POST,201,false,false,4
round2-write262144.log,aztable,1,stream,262144,lifecycle,DeleteEntity,DELETE,204,false,false,2
round2-write262144.log,aztable,1,stream,262144,lifecycle,DeleteTable,DELETE,204,false,false,4
round2-write262144.log,aztable,1,stream,262144,lifecycle,GetEntity,GET,200,false,false,1
round2-write262144.log,aztable,1,stream,262144,lifecycle,GetEntity,GET,404,false,true,3
round2-write262144.log,aztable,1,stream,262144,lifecycle,QueryEntities,GET,200,false,false,14
round2-write65536.log,azblob,1,stream,65536,workload,AppendBlock,PUT,201,false,false,65
round2-write65536.log,azblob,1,stream,65536,workload,DeleteBlob,DELETE,202,false,false,1
round2-write65536.log,azblob,1,stream,65536,workload,DownloadBlob,GET,206,false,false,65
round2-write65536.log,azblob,1,stream,65536,workload,DownloadBlob,GET,416,false,true,5
round2-write65536.log,azblob,1,stream,65536,lifecycle,AppendBlock,PUT,201,false,false,65
round2-write65536.log,azblob,1,stream,65536,lifecycle,CreateContainer,PUT,201,false,false,3
round2-write65536.log,azblob,1,stream,65536,lifecycle,DeleteBlob,DELETE,202,false,false,2
round2-write65536.log,azblob,1,stream,65536,lifecycle,DeleteContainer,DELETE,202,false,false,3
round2-write65536.log,azblob,1,stream,65536,lifecycle,DownloadBlob,GET,200,false,false,1
round2-write65536.log,azblob,1,stream,65536,lifecycle,DownloadBlob,GET,206,false,false,65
round2-write65536.log,azblob,1,stream,65536,lifecycle,DownloadBlob,GET,404,false,true,5
round2-write65536.log,azblob,1,stream,65536,lifecycle,DownloadBlob,GET,416,false,true,5
round2-write65536.log,azblob,1,stream,65536,lifecycle,ListBlobs,GET,200,false,false,2
round2-write65536.log,azblob,1,stream,65536,lifecycle,PutBlob,PUT,201,false,false,4
round2-write65536.log,azqueue,1,stream,65536,workload,DeleteMessage,DELETE,204,false,false,130
round2-write65536.log,azqueue,1,stream,65536,workload,DequeueMessages,GET,200,false,false,51
round2-write65536.log,azqueue,1,stream,65536,workload,EnqueueMessage,POST,201,false,false,129
round2-write65536.log,azqueue,1,stream,65536,lifecycle,CreateQueue,PUT,201,false,false,4
round2-write65536.log,azqueue,1,stream,65536,lifecycle,DeleteMessage,DELETE,204,false,false,131
round2-write65536.log,azqueue,1,stream,65536,lifecycle,DeleteQueue,DELETE,204,false,false,4
round2-write65536.log,azqueue,1,stream,65536,lifecycle,DequeueMessages,GET,200,false,false,53
round2-write65536.log,azqueue,1,stream,65536,lifecycle,EnqueueMessage,POST,201,false,false,131
round2-write65536.log,azqueue,1,stream,65536,lifecycle,PeekMessages,GET,200,false,false,4
round2-write65536.log,aztable,1,stream,65536,workload,AddEntity,POST,204,false,false,65
round2-write65536.log,aztable,1,stream,65536,workload,DeleteEntity,DELETE,204,false,false,1
round2-write65536.log,aztable,1,stream,65536,workload,QueryEntities,GET,200,false,false,43
round2-write65536.log,aztable,1,stream,65536,lifecycle,AddEntity,POST,201,false,false,2
round2-write65536.log,aztable,1,stream,65536,lifecycle,AddEntity,POST,204,false,false,65
round2-write65536.log,aztable,1,stream,65536,lifecycle,CreateTable,POST,201,false,false,4
round2-write65536.log,aztable,1,stream,65536,lifecycle,DeleteEntity,DELETE,204,false,false,2
round2-write65536.log,aztable,1,stream,65536,lifecycle,DeleteTable,DELETE,204,false,false,4
round2-write65536.log,aztable,1,stream,65536,lifecycle,GetEntity,GET,200,false,false,1
round2-write65536.log,aztable,1,stream,65536,lifecycle,GetEntity,GET,404,false,true,3
round2-write65536.log,aztable,1,stream,65536,lifecycle,QueryEntities,GET,200,false,false,45
round3-write1048576.log,azblob,1,stream,1048576,workload,AppendBlock,PUT,201,false,false,5
round3-write1048576.log,azblob,1,stream,1048576,workload,DeleteBlob,DELETE,202,false,false,1
round3-write1048576.log,azblob,1,stream,1048576,workload,DownloadBlob,GET,206,false,false,3
round3-write1048576.log,azblob,1,stream,1048576,workload,DownloadBlob,GET,416,false,true,6
round3-write1048576.log,azblob,1,stream,1048576,lifecycle,AppendBlock,PUT,201,false,false,5
round3-write1048576.log,azblob,1,stream,1048576,lifecycle,CreateContainer,PUT,201,false,false,3
round3-write1048576.log,azblob,1,stream,1048576,lifecycle,DeleteBlob,DELETE,202,false,false,2
round3-write1048576.log,azblob,1,stream,1048576,lifecycle,DeleteContainer,DELETE,202,false,false,3
round3-write1048576.log,azblob,1,stream,1048576,lifecycle,DownloadBlob,GET,200,false,false,1
round3-write1048576.log,azblob,1,stream,1048576,lifecycle,DownloadBlob,GET,206,false,false,3
round3-write1048576.log,azblob,1,stream,1048576,lifecycle,DownloadBlob,GET,404,false,true,5
round3-write1048576.log,azblob,1,stream,1048576,lifecycle,DownloadBlob,GET,416,false,true,6
round3-write1048576.log,azblob,1,stream,1048576,lifecycle,ListBlobs,GET,200,false,false,2
round3-write1048576.log,azblob,1,stream,1048576,lifecycle,PutBlob,PUT,201,false,false,4
round3-write1048576.log,azqueue,1,stream,1048576,workload,DeleteMessage,DELETE,204,false,false,90
round3-write1048576.log,azqueue,1,stream,1048576,workload,DequeueMessages,GET,200,false,false,35
round3-write1048576.log,azqueue,1,stream,1048576,workload,EnqueueMessage,POST,201,false,false,89
round3-write1048576.log,azqueue,1,stream,1048576,lifecycle,CreateQueue,PUT,201,false,false,4
round3-write1048576.log,azqueue,1,stream,1048576,lifecycle,DeleteMessage,DELETE,204,false,false,91
round3-write1048576.log,azqueue,1,stream,1048576,lifecycle,DeleteQueue,DELETE,204,false,false,4
round3-write1048576.log,azqueue,1,stream,1048576,lifecycle,DequeueMessages,GET,200,false,false,37
round3-write1048576.log,azqueue,1,stream,1048576,lifecycle,EnqueueMessage,POST,201,false,false,91
round3-write1048576.log,azqueue,1,stream,1048576,lifecycle,PeekMessages,GET,200,false,false,4
round3-write1048576.log,aztable,1,stream,1048576,workload,AddEntity,POST,204,false,false,9
round3-write1048576.log,aztable,1,stream,1048576,workload,DeleteEntity,DELETE,204,false,false,1
round3-write1048576.log,aztable,1,stream,1048576,workload,QueryEntities,GET,200,false,false,10
round3-write1048576.log,aztable,1,stream,1048576,lifecycle,AddEntity,POST,201,false,false,2
round3-write1048576.log,aztable,1,stream,1048576,lifecycle,AddEntity,POST,204,false,false,9
round3-write1048576.log,aztable,1,stream,1048576,lifecycle,CreateTable,POST,201,false,false,4
round3-write1048576.log,aztable,1,stream,1048576,lifecycle,DeleteEntity,DELETE,204,false,false,2
round3-write1048576.log,aztable,1,stream,1048576,lifecycle,DeleteTable,DELETE,204,false,false,4
round3-write1048576.log,aztable,1,stream,1048576,lifecycle,GetEntity,GET,200,false,false,1
round3-write1048576.log,aztable,1,stream,1048576,lifecycle,GetEntity,GET,404,false,true,3
round3-write1048576.log,aztable,1,stream,1048576,lifecycle,QueryEntities,GET,200,false,false,12
round3-write262144.log,azblob,1,stream,262144,workload,AppendBlock,PUT,201,false,false,17
round3-write262144.log,azblob,1,stream,262144,workload,DeleteBlob,DELETE,202,false,false,1
round3-write262144.log,azblob,1,stream,262144,workload,DownloadBlob,GET,206,false,false,14
round3-write262144.log,azblob,1,stream,262144,workload,DownloadBlob,GET,416,false,true,6
round3-write262144.log,azblob,1,stream,262144,lifecycle,AppendBlock,PUT,201,false,false,17
round3-write262144.log,azblob,1,stream,262144,lifecycle,CreateContainer,PUT,201,false,false,3
round3-write262144.log,azblob,1,stream,262144,lifecycle,DeleteBlob,DELETE,202,false,false,2
round3-write262144.log,azblob,1,stream,262144,lifecycle,DeleteContainer,DELETE,202,false,false,3
round3-write262144.log,azblob,1,stream,262144,lifecycle,DownloadBlob,GET,200,false,false,1
round3-write262144.log,azblob,1,stream,262144,lifecycle,DownloadBlob,GET,206,false,false,14
round3-write262144.log,azblob,1,stream,262144,lifecycle,DownloadBlob,GET,404,false,true,5
round3-write262144.log,azblob,1,stream,262144,lifecycle,DownloadBlob,GET,416,false,true,6
round3-write262144.log,azblob,1,stream,262144,lifecycle,ListBlobs,GET,200,false,false,2
round3-write262144.log,azblob,1,stream,262144,lifecycle,PutBlob,PUT,201,false,false,4
round3-write262144.log,azqueue,1,stream,262144,workload,DeleteMessage,DELETE,204,false,false,98
round3-write262144.log,azqueue,1,stream,262144,workload,DequeueMessages,GET,200,false,false,43
round3-write262144.log,azqueue,1,stream,262144,workload,EnqueueMessage,POST,201,false,false,97
round3-write262144.log,azqueue,1,stream,262144,lifecycle,CreateQueue,PUT,201,false,false,4
round3-write262144.log,azqueue,1,stream,262144,lifecycle,DeleteMessage,DELETE,204,false,false,99
round3-write262144.log,azqueue,1,stream,262144,lifecycle,DeleteQueue,DELETE,204,false,false,4
round3-write262144.log,azqueue,1,stream,262144,lifecycle,DequeueMessages,GET,200,false,false,45
round3-write262144.log,azqueue,1,stream,262144,lifecycle,EnqueueMessage,POST,201,false,false,99
round3-write262144.log,azqueue,1,stream,262144,lifecycle,PeekMessages,GET,200,false,false,4
round3-write262144.log,aztable,1,stream,262144,workload,AddEntity,POST,204,false,false,17
round3-write262144.log,aztable,1,stream,262144,workload,DeleteEntity,DELETE,204,false,false,1
round3-write262144.log,aztable,1,stream,262144,workload,QueryEntities,GET,200,false,false,22
round3-write262144.log,aztable,1,stream,262144,lifecycle,AddEntity,POST,201,false,false,2
round3-write262144.log,aztable,1,stream,262144,lifecycle,AddEntity,POST,204,false,false,17
round3-write262144.log,aztable,1,stream,262144,lifecycle,CreateTable,POST,201,false,false,4
round3-write262144.log,aztable,1,stream,262144,lifecycle,DeleteEntity,DELETE,204,false,false,2
round3-write262144.log,aztable,1,stream,262144,lifecycle,DeleteTable,DELETE,204,false,false,4
round3-write262144.log,aztable,1,stream,262144,lifecycle,GetEntity,GET,200,false,false,1
round3-write262144.log,aztable,1,stream,262144,lifecycle,GetEntity,GET,404,false,true,4
round3-write262144.log,aztable,1,stream,262144,lifecycle,QueryEntities,GET,200,false,false,24
round3-write65536.log,azblob,1,stream,65536,workload,AppendBlock,PUT,201,false,false,65
round3-write65536.log,azblob,1,stream,65536,workload,DeleteBlob,DELETE,202,false,false,1
round3-write65536.log,azblob,1,stream,65536,workload,DownloadBlob,GET,206,false,false,61
round3-write65536.log,azblob,1,stream,65536,workload,DownloadBlob,GET,416,false,true,6
round3-write65536.log,azblob,1,stream,65536,lifecycle,AppendBlock,PUT,201,false,false,65
round3-write65536.log,azblob,1,stream,65536,lifecycle,CreateContainer,PUT,201,false,false,3
round3-write65536.log,azblob,1,stream,65536,lifecycle,DeleteBlob,DELETE,202,false,false,2
round3-write65536.log,azblob,1,stream,65536,lifecycle,DeleteContainer,DELETE,202,false,false,3
round3-write65536.log,azblob,1,stream,65536,lifecycle,DownloadBlob,GET,200,false,false,1
round3-write65536.log,azblob,1,stream,65536,lifecycle,DownloadBlob,GET,206,false,false,61
round3-write65536.log,azblob,1,stream,65536,lifecycle,DownloadBlob,GET,404,false,true,5
round3-write65536.log,azblob,1,stream,65536,lifecycle,DownloadBlob,GET,416,false,true,6
round3-write65536.log,azblob,1,stream,65536,lifecycle,ListBlobs,GET,200,false,false,2
round3-write65536.log,azblob,1,stream,65536,lifecycle,PutBlob,PUT,201,false,false,4
round3-write65536.log,azqueue,1,stream,65536,workload,DeleteMessage,DELETE,204,false,false,130
round3-write65536.log,azqueue,1,stream,65536,workload,DequeueMessages,GET,200,false,false,53
round3-write65536.log,azqueue,1,stream,65536,workload,EnqueueMessage,POST,201,false,false,129
round3-write65536.log,azqueue,1,stream,65536,lifecycle,CreateQueue,PUT,201,false,false,4
round3-write65536.log,azqueue,1,stream,65536,lifecycle,DeleteMessage,DELETE,204,false,false,131
round3-write65536.log,azqueue,1,stream,65536,lifecycle,DeleteQueue,DELETE,204,false,false,4
round3-write65536.log,azqueue,1,stream,65536,lifecycle,DequeueMessages,GET,200,false,false,55
round3-write65536.log,azqueue,1,stream,65536,lifecycle,EnqueueMessage,POST,201,false,false,131
round3-write65536.log,azqueue,1,stream,65536,lifecycle,PeekMessages,GET,200,false,false,4
round3-write65536.log,aztable,1,stream,65536,workload,AddEntity,POST,204,false,false,65
round3-write65536.log,aztable,1,stream,65536,workload,DeleteEntity,DELETE,204,false,false,1
round3-write65536.log,aztable,1,stream,65536,workload,QueryEntities,GET,200,false,false,61
round3-write65536.log,aztable,1,stream,65536,lifecycle,AddEntity,POST,201,false,false,2
round3-write65536.log,aztable,1,stream,65536,lifecycle,AddEntity,POST,204,false,false,65
round3-write65536.log,aztable,1,stream,65536,lifecycle,CreateTable,POST,201,false,false,4
round3-write65536.log,aztable,1,stream,65536,lifecycle,DeleteEntity,DELETE,204,false,false,2
round3-write65536.log,aztable,1,stream,65536,lifecycle,DeleteTable,DELETE,204,false,false,4
round3-write65536.log,aztable,1,stream,65536,lifecycle,GetEntity,GET,200,false,false,1
round3-write65536.log,aztable,1,stream,65536,lifecycle,GetEntity,GET,404,false,true,3
round3-write65536.log,aztable,1,stream,65536,lifecycle,QueryEntities,GET,200,false,false,63
