environment,source,variant,driver,connections,workload,read_size,case_status,phase,setup_ms,SDK_attempts,listener_cleanup_ms
diagnostic,diagnostic-read64-round1-after.log,after,azblob,4,wake,64,PASS,setup,4744.813,57,
diagnostic,diagnostic-read64-round1-after.log,after,azblob,4,wake,64,PASS,lifecycle,,114,390.590
diagnostic,diagnostic-read64-round1-before.log,before,azblob,4,wake,64,PASS,setup,4967.439,58,
diagnostic,diagnostic-read64-round1-before.log,before,azblob,4,wake,64,PASS,lifecycle,,112,405.121
diagnostic,diagnostic-read64-round2-after.log,after,azblob,4,wake,64,PASS,setup,4686.165,59,
diagnostic,diagnostic-read64-round2-after.log,after,azblob,4,wake,64,PASS,lifecycle,,114,418.885
diagnostic,diagnostic-read64-round2-before.log,before,azblob,4,wake,64,PASS,setup,4781.350,57,
diagnostic,diagnostic-read64-round2-before.log,before,azblob,4,wake,64,PASS,lifecycle,,111,409.056
diagnostic,diagnostic-read64-round3-after.log,after,azblob,4,wake,64,PASS,setup,4364.659,57,
diagnostic,diagnostic-read64-round3-after.log,after,azblob,4,wake,64,PASS,lifecycle,,112,440.575
diagnostic,diagnostic-read64-round3-before.log,before,azblob,4,wake,64,PASS,setup,3942.019,53,
diagnostic,diagnostic-read64-round3-before.log,before,azblob,4,wake,64,PASS,lifecycle,,110,400.973
live,live-read64-round1-after.log,after,azblob,1,idle,64,PASS,setup,1920.417,16,
live,live-read64-round1-after.log,after,azblob,1,idle,64,PASS,lifecycle,,29,483.531
live,live-read64-round1-after.log,after,azblob,1,interactive,64,PASS,setup,1243.657,16,
live,live-read64-round1-after.log,after,azblob,1,interactive,64,PASS,lifecycle,,85,405.692
live,live-read64-round1-after.log,after,azblob,1,stream,64,PASS,setup,1292.330,17,
live,live-read64-round1-after.log,after,azblob,1,stream,64,PASS,lifecycle,,155,406.751
live,live-read64-round1-after.log,after,azblob,1,duplex,64,PASS,setup,1251.004,16,
live,live-read64-round1-after.log,after,azblob,1,duplex,64,PASS,lifecycle,,291,406.129
live,live-read64-round1-after.log,after,azblob,1,wake,64,PASS,setup,1256.285,16,
live,live-read64-round1-after.log,after,azblob,1,wake,64,PASS,lifecycle,,31,413.048
live,live-read64-round1-after.log,after,azblob,4,idle,64,PASS,setup,4321.438,58,
live,live-read64-round1-after.log,after,azblob,4,idle,64,PASS,lifecycle,,105,578.194
live,live-read64-round1-after.log,after,azblob,4,interactive,64,PASS,setup,3665.937,58,
live,live-read64-round1-after.log,after,azblob,4,interactive,64,PASS,lifecycle,,328,396.666
live,live-read64-round1-after.log,after,azblob,4,stream,64,PASS,setup,4290.336,60,
live,live-read64-round1-after.log,after,azblob,4,stream,64,PASS,lifecycle,,601,405.904
live,live-read64-round1-after.log,after,azblob,4,duplex,64,PASS,setup,4236.679,58,
live,live-read64-round1-after.log,after,azblob,4,duplex,64,PASS,lifecycle,,1120,411.270
live,live-read64-round1-after.log,after,azblob,4,wake,64,PASS,setup,4207.619,58,
live,live-read64-round1-after.log,after,azblob,4,wake,64,PASS,lifecycle,,113,404.384
live,live-read64-round1-after.log,after,azqueue,1,idle,64,PASS,setup,405.830,13,
live,live-read64-round1-after.log,after,azqueue,1,idle,64,PASS,lifecycle,,49,141.880
live,live-read64-round1-after.log,after,azqueue,1,interactive,64,PASS,setup,381.431,17,
live,live-read64-round1-after.log,after,azqueue,1,interactive,64,PASS,lifecycle,,119,117.428
live,live-read64-round1-after.log,after,azqueue,1,stream,64,PASS,setup,264.206,14,
live,live-read64-round1-after.log,after,azqueue,1,stream,64,PASS,lifecycle,,328,120.068
live,live-read64-round1-after.log,after,azqueue,1,duplex,64,PASS,setup,270.066,14,
live,live-read64-round1-after.log,after,azqueue,1,duplex,64,PASS,lifecycle,,641,135.573
live,live-read64-round1-after.log,after,azqueue,1,wake,64,PASS,setup,281.973,14,
live,live-read64-round1-after.log,after,azqueue,1,wake,64,PASS,lifecycle,,52,147.819
live,live-read64-round1-after.log,after,azqueue,4,idle,64,PASS,setup,973.656,49,
live,live-read64-round1-after.log,after,azqueue,4,idle,64,PASS,lifecycle,,183,144.526
live,live-read64-round1-after.log,after,azqueue,4,interactive,64,PASS,setup,901.289,48,
live,live-read64-round1-after.log,after,azqueue,4,interactive,64,PASS,lifecycle,,450,122.675
live,live-read64-round1-after.log,after,azqueue,4,stream,64,PASS,setup,922.011,48,
live,live-read64-round1-after.log,after,azqueue,4,stream,64,PASS,lifecycle,,1297,135.799
live,live-read64-round1-after.log,after,azqueue,4,duplex,64,PASS,setup,922.545,48,
live,live-read64-round1-after.log,after,azqueue,4,duplex,64,PASS,lifecycle,,2555,123.357
live,live-read64-round1-after.log,after,azqueue,4,wake,64,PASS,setup,862.762,45,
live,live-read64-round1-after.log,after,azqueue,4,wake,64,PASS,lifecycle,,187,220.215
live,live-read64-round1-after.log,after,aztable,1,idle,64,PASS,setup,491.485,14,
live,live-read64-round1-after.log,after,aztable,1,idle,64,PASS,lifecycle,,48,157.109
live,live-read64-round1-after.log,after,aztable,1,interactive,64,PASS,setup,251.448,13,
live,live-read64-round1-after.log,after,aztable,1,interactive,64,PASS,lifecycle,,83,143.761
live,live-read64-round1-after.log,after,aztable,1,stream,64,PASS,setup,293.634,14,
live,live-read64-round1-after.log,after,aztable,1,stream,64,PASS,lifecycle,,128,127.950
live,live-read64-round1-after.log,after,aztable,1,duplex,64,PASS,setup,277.848,14,
live,live-read64-round1-after.log,after,aztable,1,duplex,64,PASS,lifecycle,,249,367.456
live,live-read64-round1-after.log,after,aztable,1,wake,64,PASS,setup,242.881,13,
live,live-read64-round1-after.log,after,aztable,1,wake,64,PASS,lifecycle,,49,126.755
live,live-read64-round1-after.log,after,aztable,4,idle,64,PASS,setup,873.527,49,
live,live-read64-round1-after.log,after,aztable,4,idle,64,PASS,lifecycle,,179,198.994
live,live-read64-round1-after.log,after,aztable,4,interactive,64,PASS,setup,1089.310,54,
live,live-read64-round1-after.log,after,aztable,4,interactive,64,PASS,lifecycle,,328,165.051
live,live-read64-round1-after.log,after,aztable,4,stream,64,PASS,setup,975.540,50,
live,live-read64-round1-after.log,after,aztable,4,stream,64,PASS,lifecycle,,506,130.646
live,live-read64-round1-after.log,after,aztable,4,duplex,64,PASS,setup,838.729,48,
live,live-read64-round1-after.log,after,aztable,4,duplex,64,PASS,lifecycle,,929,137.142
live,live-read64-round1-after.log,after,aztable,4,wake,64,PASS,setup,911.588,50,
live,live-read64-round1-after.log,after,aztable,4,wake,64,PASS,lifecycle,,186,135.176
live,live-read64-round1-before.log,before,azblob,1,idle,64,PASS,setup,1721.985,16,
live,live-read64-round1-before.log,before,azblob,1,idle,64,PASS,lifecycle,,30,516.097
live,live-read64-round1-before.log,before,azblob,1,interactive,64,PASS,setup,1265.791,16,
live,live-read64-round1-before.log,before,azblob,1,interactive,64,PASS,lifecycle,,85,423.702
live,live-read64-round1-before.log,before,azblob,1,stream,64,PASS,setup,1258.552,15,
live,live-read64-round1-before.log,before,azblob,1,stream,64,PASS,lifecycle,,149,391.917
live,live-read64-round1-before.log,before,azblob,1,duplex,64,PASS,setup,1253.059,16,
live,live-read64-round1-before.log,before,azblob,1,duplex,64,PASS,lifecycle,,289,384.885
live,live-read64-round1-before.log,before,azblob,1,wake,64,PASS,setup,1263.876,16,
live,live-read64-round1-before.log,before,azblob,1,wake,64,PASS,lifecycle,,30,415.967
live,live-read64-round1-before.log,before,azblob,4,idle,64,PASS,setup,3829.384,52,
live,live-read64-round1-before.log,before,azblob,4,idle,64,PASS,lifecycle,,98,825.433
live,live-read64-round1-before.log,before,azblob,4,interactive,64,PASS,setup,4051.932,59,
live,live-read64-round1-before.log,before,azblob,4,interactive,64,PASS,lifecycle,,329,410.023
live,live-read64-round1-before.log,before,azblob,4,stream,64,PASS,setup,4251.526,58,
live,live-read64-round1-before.log,before,azblob,4,stream,64,PASS,lifecycle,,567,404.516
live,live-read64-round1-before.log,before,azblob,4,duplex,64,PASS,setup,4070.973,56,
live,live-read64-round1-before.log,before,azblob,4,duplex,64,PASS,lifecycle,,1104,388.633
live,live-read64-round1-before.log,before,azblob,4,wake,64,PASS,setup,3958.457,58,
live,live-read64-round1-before.log,before,azblob,4,wake,64,PASS,lifecycle,,114,391.918
live,live-read64-round1-before.log,before,azqueue,1,idle,64,PASS,setup,421.639,13,
live,live-read64-round1-before.log,before,azqueue,1,idle,64,PASS,lifecycle,,48,165.078
live,live-read64-round1-before.log,before,azqueue,1,interactive,64,PASS,setup,318.343,14,
live,live-read64-round1-before.log,before,azqueue,1,interactive,64,PASS,lifecycle,,116,121.043
live,live-read64-round1-before.log,before,azqueue,1,stream,64,PASS,setup,271.698,14,
live,live-read64-round1-before.log,before,azqueue,1,stream,64,PASS,lifecycle,,326,119.623
live,live-read64-round1-before.log,before,azqueue,1,duplex,64,PASS,setup,273.709,14,
live,live-read64-round1-before.log,before,azqueue,1,duplex,64,PASS,lifecycle,,638,114.034
live,live-read64-round1-before.log,before,azqueue,1,wake,64,PASS,setup,262.681,14,
live,live-read64-round1-before.log,before,azqueue,1,wake,64,PASS,lifecycle,,52,120.610
live,live-read64-round1-before.log,before,azqueue,4,idle,64,PASS,setup,886.480,48,
live,live-read64-round1-before.log,before,azqueue,4,idle,64,PASS,lifecycle,,178,289.912
live,live-read64-round1-before.log,before,azqueue,4,interactive,64,PASS,setup,954.297,49,
live,live-read64-round1-before.log,before,azqueue,4,interactive,64,PASS,lifecycle,,451,123.679
live,live-read64-round1-before.log,before,azqueue,4,stream,64,PASS,setup,941.596,49,
live,live-read64-round1-before.log,before,azqueue,4,stream,64,PASS,lifecycle,,1303,118.016
live,live-read64-round1-before.log,before,azqueue,4,duplex,64,PASS,setup,949.565,49,
live,live-read64-round1-before.log,before,azqueue,4,duplex,64,PASS,lifecycle,,2600,121.859
live,live-read64-round1-before.log,before,azqueue,4,wake,64,PASS,setup,904.799,48,
live,live-read64-round1-before.log,before,azqueue,4,wake,64,PASS,lifecycle,,194,119.589
live,live-read64-round1-before.log,before,aztable,1,idle,64,PASS,setup,649.358,14,
live,live-read64-round1-before.log,before,aztable,1,idle,64,PASS,lifecycle,,48,169.717
live,live-read64-round1-before.log,before,aztable,1,interactive,64,PASS,setup,335.004,15,
live,live-read64-round1-before.log,before,aztable,1,interactive,64,PASS,lifecycle,,85,140.401
live,live-read64-round1-before.log,before,aztable,1,stream,64,PASS,setup,273.618,14,
live,live-read64-round1-before.log,before,aztable,1,stream,64,PASS,lifecycle,,130,126.054
live,live-read64-round1-before.log,before,aztable,1,duplex,64,PASS,setup,279.840,14,
live,live-read64-round1-before.log,before,aztable,1,duplex,64,PASS,lifecycle,,234,132.918
live,live-read64-round1-before.log,before,aztable,1,wake,64,PASS,setup,277.399,14,
live,live-read64-round1-before.log,before,aztable,1,wake,64,PASS,lifecycle,,50,141.915
live,live-read64-round1-before.log,before,aztable,4,idle,64,PASS,setup,853.262,47,
live,live-read64-round1-before.log,before,aztable,4,idle,64,PASS,lifecycle,,177,227.005
live,live-read64-round1-before.log,before,aztable,4,interactive,64,PASS,setup,867.072,49,
live,live-read64-round1-before.log,before,aztable,4,interactive,64,PASS,lifecycle,,323,135.841
live,live-read64-round1-before.log,before,aztable,4,stream,64,PASS,setup,928.506,50,
live,live-read64-round1-before.log,before,aztable,4,stream,64,PASS,lifecycle,,492,139.974
live,live-read64-round1-before.log,before,aztable,4,duplex,64,PASS,setup,901.694,49,
live,live-read64-round1-before.log,before,aztable,4,duplex,64,PASS,lifecycle,,1034,153.242
live,live-read64-round1-before.log,before,aztable,4,wake,64,PASS,setup,925.035,50,
live,live-read64-round1-before.log,before,aztable,4,wake,64,PASS,lifecycle,,184,128.926
live,live-read64-round2-after.log,after,azblob,1,idle,64,PASS,setup,1925.445,16,
live,live-read64-round2-after.log,after,azblob,1,idle,64,PASS,lifecycle,,29,541.760
live,live-read64-round2-after.log,after,azblob,1,interactive,64,PASS,setup,1400.766,16,
live,live-read64-round2-after.log,after,azblob,1,interactive,64,PASS,lifecycle,,85,408.368
live,live-read64-round2-after.log,after,azblob,1,stream,64,PASS,setup,1268.525,16,
live,live-read64-round2-after.log,after,azblob,1,stream,64,PASS,lifecycle,,151,398.819
live,live-read64-round2-after.log,after,azblob,1,duplex,64,PASS,setup,1257.260,16,
live,live-read64-round2-after.log,after,azblob,1,duplex,64,PASS,lifecycle,,281,423.613
live,live-read64-round2-after.log,after,azblob,1,wake,64,PASS,setup,1314.910,17,
live,live-read64-round2-after.log,after,azblob,1,wake,64,PASS,lifecycle,,32,408.178
live,live-read64-round2-after.log,after,azblob,4,idle,64,PASS,setup,4344.715,60,
live,live-read64-round2-after.log,after,azblob,4,idle,64,PASS,lifecycle,,106,543.023
live,live-read64-round2-after.log,after,azblob,4,interactive,64,PASS,setup,4198.349,58,
live,live-read64-round2-after.log,after,azblob,4,interactive,64,PASS,lifecycle,,328,405.936
live,live-read64-round2-after.log,after,azblob,4,stream,64,PASS,setup,4125.424,56,
live,live-read64-round2-after.log,after,azblob,4,stream,64,PASS,lifecycle,,620,463.383
live,live-read64-round2-after.log,after,azblob,4,duplex,64,PASS,setup,4094.632,58,
live,live-read64-round2-after.log,after,azblob,4,duplex,64,PASS,lifecycle,,1138,405.865
live,live-read64-round2-after.log,after,azblob,4,wake,64,PASS,setup,4006.337,54,
live,live-read64-round2-after.log,after,azblob,4,wake,64,PASS,lifecycle,,109,383.548
live,live-read64-round2-after.log,after,azqueue,1,idle,64,PASS,setup,442.217,13,
live,live-read64-round2-after.log,after,azqueue,1,idle,64,PASS,lifecycle,,48,143.719
live,live-read64-round2-after.log,after,azqueue,1,interactive,64,PASS,setup,269.618,14,
live,live-read64-round2-after.log,after,azqueue,1,interactive,64,PASS,lifecycle,,116,129.296
live,live-read64-round2-after.log,after,azqueue,1,stream,64,PASS,setup,268.606,14,
live,live-read64-round2-after.log,after,azqueue,1,stream,64,PASS,lifecycle,,329,128.665
live,live-read64-round2-after.log,after,azqueue,1,duplex,64,PASS,setup,270.565,14,
live,live-read64-round2-after.log,after,azqueue,1,duplex,64,PASS,lifecycle,,636,116.719
live,live-read64-round2-after.log,after,azqueue,1,wake,64,PASS,setup,236.514,13,
live,live-read64-round2-after.log,after,azqueue,1,wake,64,PASS,lifecycle,,51,124.805
live,live-read64-round2-after.log,after,azqueue,4,idle,64,PASS,setup,902.208,48,
live,live-read64-round2-after.log,after,azqueue,4,idle,64,PASS,lifecycle,,178,146.195
live,live-read64-round2-after.log,after,azqueue,4,interactive,64,PASS,setup,940.282,49,
live,live-read64-round2-after.log,after,azqueue,4,interactive,64,PASS,lifecycle,,451,117.976
live,live-read64-round2-after.log,after,azqueue,4,stream,64,PASS,setup,874.659,47,
live,live-read64-round2-after.log,after,azqueue,4,stream,64,PASS,lifecycle,,1296,116.810
live,live-read64-round2-after.log,after,azqueue,4,duplex,64,PASS,setup,918.852,49,
live,live-read64-round2-after.log,after,azqueue,4,duplex,64,PASS,lifecycle,,2562,119.333
live,live-read64-round2-after.log,after,azqueue,4,wake,64,PASS,setup,1063.264,51,
live,live-read64-round2-after.log,after,azqueue,4,wake,64,PASS,lifecycle,,193,121.651
live,live-read64-round2-after.log,after,aztable,1,idle,64,PASS,setup,456.094,13,
live,live-read64-round2-after.log,after,aztable,1,idle,64,PASS,lifecycle,,47,156.777
live,live-read64-round2-after.log,after,aztable,1,interactive,64,PASS,setup,277.897,14,
live,live-read64-round2-after.log,after,aztable,1,interactive,64,PASS,lifecycle,,84,134.123
live,live-read64-round2-after.log,after,aztable,1,stream,64,PASS,setup,283.120,14,
live,live-read64-round2-after.log,after,aztable,1,stream,64,PASS,lifecycle,,135,159.153
live,live-read64-round2-after.log,after,aztable,1,duplex,64,PASS,setup,284.797,14,
live,live-read64-round2-after.log,after,aztable,1,duplex,64,PASS,lifecycle,,238,248.747
live,live-read64-round2-after.log,after,aztable,1,wake,64,PASS,setup,244.516,13,
live,live-read64-round2-after.log,after,aztable,1,wake,64,PASS,lifecycle,,49,147.443
live,live-read64-round2-after.log,after,aztable,4,idle,64,PASS,setup,854.431,49,
live,live-read64-round2-after.log,after,aztable,4,idle,64,PASS,lifecycle,,177,308.731
live,live-read64-round2-after.log,after,aztable,4,interactive,64,PASS,setup,939.196,50,
live,live-read64-round2-after.log,after,aztable,4,interactive,64,PASS,lifecycle,,324,143.838
live,live-read64-round2-after.log,after,aztable,4,stream,64,PASS,setup,931.515,50,
live,live-read64-round2-after.log,after,aztable,4,stream,64,PASS,lifecycle,,498,132.167
live,live-read64-round2-after.log,after,aztable,4,duplex,64,PASS,setup,910.294,50,
live,live-read64-round2-after.log,after,aztable,4,duplex,64,PASS,lifecycle,,1103,129.931
live,live-read64-round2-after.log,after,aztable,4,wake,64,PASS,setup,928.698,50,
live,live-read64-round2-after.log,after,aztable,4,wake,64,PASS,lifecycle,,184,152.977
live,live-read64-round2-before.log,before,azblob,1,idle,64,PASS,setup,1877.948,15,
live,live-read64-round2-before.log,before,azblob,1,idle,64,PASS,lifecycle,,27,543.298
live,live-read64-round2-before.log,before,azblob,1,interactive,64,PASS,setup,1195.770,14,
live,live-read64-round2-before.log,before,azblob,1,interactive,64,PASS,lifecycle,,83,426.273
live,live-read64-round2-before.log,before,azblob,1,stream,64,PASS,setup,1209.176,15,
live,live-read64-round2-before.log,before,azblob,1,stream,64,PASS,lifecycle,,157,362.155
live,live-read64-round2-before.log,before,azblob,1,duplex,64,PASS,setup,1107.705,15,
live,live-read64-round2-before.log,before,azblob,1,duplex,64,PASS,lifecycle,,287,383.440
live,live-read64-round2-before.log,before,azblob,1,wake,64,PASS,setup,1197.054,16,
live,live-read64-round2-before.log,before,azblob,1,wake,64,PASS,lifecycle,,31,382.718
live,live-read64-round2-before.log,before,azblob,4,idle,64,PASS,setup,4072.822,58,
live,live-read64-round2-before.log,before,azblob,4,idle,64,PASS,lifecycle,,104,546.840
live,live-read64-round2-before.log,before,azblob,4,interactive,64,PASS,setup,4223.879,58,
live,live-read64-round2-before.log,before,azblob,4,interactive,64,PASS,lifecycle,,328,398.350
live,live-read64-round2-before.log,before,azblob,4,stream,64,PASS,setup,3989.822,56,
live,live-read64-round2-before.log,before,azblob,4,stream,64,PASS,lifecycle,,595,411.790
live,live-read64-round2-before.log,before,azblob,4,duplex,64,PASS,setup,4388.353,58,
live,live-read64-round2-before.log,before,azblob,4,duplex,64,PASS,lifecycle,,1112,398.581
live,live-read64-round2-before.log,before,azblob,4,wake,64,PASS,setup,4380.657,61,
live,live-read64-round2-before.log,before,azblob,4,wake,64,PASS,lifecycle,,116,415.418
live,live-read64-round2-before.log,before,azqueue,1,idle,64,PASS,setup,454.083,14,
live,live-read64-round2-before.log,before,azqueue,1,idle,64,PASS,lifecycle,,50,144.328
live,live-read64-round2-before.log,before,azqueue,1,interactive,64,PASS,setup,269.635,14,
live,live-read64-round2-before.log,before,azqueue,1,interactive,64,PASS,lifecycle,,116,112.343
live,live-read64-round2-before.log,before,azqueue,1,stream,64,PASS,setup,258.332,14,
live,live-read64-round2-before.log,before,azqueue,1,stream,64,PASS,lifecycle,,325,115.833
live,live-read64-round2-before.log,before,azqueue,1,duplex,64,PASS,setup,265.121,14,
live,live-read64-round2-before.log,before,azqueue,1,duplex,64,PASS,lifecycle,,639,127.037
live,live-read64-round2-before.log,before,azqueue,1,wake,64,PASS,setup,267.094,14,
live,live-read64-round2-before.log,before,azqueue,1,wake,64,PASS,lifecycle,,52,121.669
live,live-read64-round2-before.log,before,azqueue,4,idle,64,PASS,setup,955.880,48,
live,live-read64-round2-before.log,before,azqueue,4,idle,64,PASS,lifecycle,,178,148.942
live,live-read64-round2-before.log,before,azqueue,4,interactive,64,PASS,setup,947.376,49,
live,live-read64-round2-before.log,before,azqueue,4,interactive,64,PASS,lifecycle,,451,121.647
live,live-read64-round2-before.log,before,azqueue,4,stream,64,PASS,setup,979.229,49,
live,live-read64-round2-before.log,before,azqueue,4,stream,64,PASS,lifecycle,,1283,121.042
live,live-read64-round2-before.log,before,azqueue,4,duplex,64,PASS,setup,953.272,49,
live,live-read64-round2-before.log,before,azqueue,4,duplex,64,PASS,lifecycle,,2611,129.352
live,live-read64-round2-before.log,before,azqueue,4,wake,64,PASS,setup,889.208,48,
live,live-read64-round2-before.log,before,azqueue,4,wake,64,PASS,lifecycle,,194,118.716
live,live-read64-round2-before.log,before,aztable,1,idle,64,PASS,setup,477.179,13,
live,live-read64-round2-before.log,before,aztable,1,idle,64,PASS,lifecycle,,46,159.511
live,live-read64-round2-before.log,before,aztable,1,interactive,64,PASS,setup,297.037,14,
live,live-read64-round2-before.log,before,aztable,1,interactive,64,PASS,lifecycle,,84,135.467
live,live-read64-round2-before.log,before,aztable,1,stream,64,PASS,setup,295.360,14,
live,live-read64-round2-before.log,before,aztable,1,stream,64,PASS,lifecycle,,126,134.996
live,live-read64-round2-before.log,before,aztable,1,duplex,64,PASS,setup,243.550,13,
live,live-read64-round2-before.log,before,aztable,1,duplex,64,PASS,lifecycle,,232,176.649
live,live-read64-round2-before.log,before,aztable,1,wake,64,PASS,setup,277.727,14,
live,live-read64-round2-before.log,before,aztable,1,wake,64,PASS,lifecycle,,50,141.454
live,live-read64-round2-before.log,before,aztable,4,idle,64,PASS,setup,930.579,48,
live,live-read64-round2-before.log,before,aztable,4,idle,64,PASS,lifecycle,,177,221.890
live,live-read64-round2-before.log,before,aztable,4,interactive,64,PASS,setup,874.211,49,
live,live-read64-round2-before.log,before,aztable,4,interactive,64,PASS,lifecycle,,323,141.522
live,live-read64-round2-before.log,before,aztable,4,stream,64,PASS,setup,851.351,48,
live,live-read64-round2-before.log,before,aztable,4,stream,64,PASS,lifecycle,,491,131.788
live,live-read64-round2-before.log,before,aztable,4,duplex,64,PASS,setup,904.418,50,
live,live-read64-round2-before.log,before,aztable,4,duplex,64,PASS,lifecycle,,1072,216.094
live,live-read64-round2-before.log,before,aztable,4,wake,64,PASS,setup,888.232,48,
live,live-read64-round2-before.log,before,aztable,4,wake,64,PASS,lifecycle,,182,133.168
live,live-read64-round3-after.log,after,azblob,1,idle,64,PASS,setup,1839.954,15,
live,live-read64-round3-after.log,after,azblob,1,idle,64,PASS,lifecycle,,27,541.401
live,live-read64-round3-after.log,after,azblob,1,interactive,64,PASS,setup,1269.287,16,
live,live-read64-round3-after.log,after,azblob,1,interactive,64,PASS,lifecycle,,85,506.894
live,live-read64-round3-after.log,after,azblob,1,stream,64,PASS,setup,1304.774,16,
live,live-read64-round3-after.log,after,azblob,1,stream,64,PASS,lifecycle,,153,415.585
live,live-read64-round3-after.log,after,azblob,1,duplex,64,PASS,setup,1268.581,16,
live,live-read64-round3-after.log,after,azblob,1,duplex,64,PASS,lifecycle,,289,410.043
live,live-read64-round3-after.log,after,azblob,1,wake,64,PASS,setup,1271.019,16,
live,live-read64-round3-after.log,after,azblob,1,wake,64,PASS,lifecycle,,31,413.807
live,live-read64-round3-after.log,after,azblob,4,idle,64,PASS,setup,4364.493,58,
live,live-read64-round3-after.log,after,azblob,4,idle,64,PASS,lifecycle,,104,612.264
live,live-read64-round3-after.log,after,azblob,4,interactive,64,PASS,setup,4071.184,56,
live,live-read64-round3-after.log,after,azblob,4,interactive,64,PASS,lifecycle,,326,463.597
live,live-read64-round3-after.log,after,azblob,4,stream,64,PASS,setup,4329.662,58,
live,live-read64-round3-after.log,after,azblob,4,stream,64,PASS,lifecycle,,594,396.236
live,live-read64-round3-after.log,after,azblob,4,duplex,64,PASS,setup,4135.781,58,
live,live-read64-round3-after.log,after,azblob,4,duplex,64,PASS,lifecycle,,1150,408.358
live,live-read64-round3-after.log,after,azblob,4,wake,64,PASS,setup,4191.144,58,
live,live-read64-round3-after.log,after,azblob,4,wake,64,PASS,lifecycle,,114,398.914
live,live-read64-round3-after.log,after,azqueue,1,idle,64,PASS,setup,452.306,14,
live,live-read64-round3-after.log,after,azqueue,1,idle,64,PASS,lifecycle,,49,144.542
live,live-read64-round3-after.log,after,azqueue,1,interactive,64,PASS,setup,268.842,14,
live,live-read64-round3-after.log,after,azqueue,1,interactive,64,PASS,lifecycle,,116,121.566
live,live-read64-round3-after.log,after,azqueue,1,stream,64,PASS,setup,276.349,14,
live,live-read64-round3-after.log,after,azqueue,1,stream,64,PASS,lifecycle,,327,117.345
live,live-read64-round3-after.log,after,azqueue,1,duplex,64,PASS,setup,266.746,14,
live,live-read64-round3-after.log,after,azqueue,1,duplex,64,PASS,lifecycle,,641,117.291
live,live-read64-round3-after.log,after,azqueue,1,wake,64,PASS,setup,271.906,14,
live,live-read64-round3-after.log,after,azqueue,1,wake,64,PASS,lifecycle,,52,115.308
live,live-read64-round3-after.log,after,azqueue,4,idle,64,PASS,setup,900.568,48,
live,live-read64-round3-after.log,after,azqueue,4,idle,64,PASS,lifecycle,,178,144.435
live,live-read64-round3-after.log,after,azqueue,4,interactive,64,PASS,setup,944.597,49,
live,live-read64-round3-after.log,after,azqueue,4,interactive,64,PASS,lifecycle,,451,119.667
live,live-read64-round3-after.log,after,azqueue,4,stream,64,PASS,setup,1048.155,52,
live,live-read64-round3-after.log,after,azqueue,4,stream,64,PASS,lifecycle,,1297,134.085
live,live-read64-round3-after.log,after,azqueue,4,duplex,64,PASS,setup,1005.096,51,
live,live-read64-round3-after.log,after,azqueue,4,duplex,64,PASS,lifecycle,,2577,131.182
live,live-read64-round3-after.log,after,azqueue,4,wake,64,PASS,setup,991.055,50,
live,live-read64-round3-after.log,after,azqueue,4,wake,64,PASS,lifecycle,,192,123.518
live,live-read64-round3-after.log,after,aztable,1,idle,64,PASS,setup,457.689,13,
live,live-read64-round3-after.log,after,aztable,1,idle,64,PASS,lifecycle,,47,159.212
live,live-read64-round3-after.log,after,aztable,1,interactive,64,PASS,setup,278.245,14,
live,live-read64-round3-after.log,after,aztable,1,interactive,64,PASS,lifecycle,,84,128.357
live,live-read64-round3-after.log,after,aztable,1,stream,64,PASS,setup,280.234,14,
live,live-read64-round3-after.log,after,aztable,1,stream,64,PASS,lifecycle,,130,127.751
live,live-read64-round3-after.log,after,aztable,1,duplex,64,PASS,setup,277.635,14,
live,live-read64-round3-after.log,after,aztable,1,duplex,64,PASS,lifecycle,,235,139.621
live,live-read64-round3-after.log,after,aztable,1,wake,64,PASS,setup,281.757,14,
live,live-read64-round3-after.log,after,aztable,1,wake,64,PASS,lifecycle,,50,150.996
live,live-read64-round3-after.log,after,aztable,4,idle,64,PASS,setup,971.977,50,
live,live-read64-round3-after.log,after,aztable,4,idle,64,PASS,lifecycle,,180,223.893
live,live-read64-round3-after.log,after,aztable,4,interactive,64,PASS,setup,978.199,52,
live,live-read64-round3-after.log,after,aztable,4,interactive,64,PASS,lifecycle,,326,132.736
live,live-read64-round3-after.log,after,aztable,4,stream,64,PASS,setup,940.562,51,
live,live-read64-round3-after.log,after,aztable,4,stream,64,PASS,lifecycle,,521,127.353
live,live-read64-round3-after.log,after,aztable,4,duplex,64,PASS,setup,912.866,50,
live,live-read64-round3-after.log,after,aztable,4,duplex,64,PASS,lifecycle,,990,160.707
live,live-read64-round3-after.log,after,aztable,4,wake,64,PASS,setup,922.762,50,
live,live-read64-round3-after.log,after,aztable,4,wake,64,PASS,lifecycle,,184,130.186
live,live-read64-round3-before.log,before,azblob,1,idle,64,PASS,setup,1998.773,16,
live,live-read64-round3-before.log,before,azblob,1,idle,64,PASS,lifecycle,,29,540.049
live,live-read64-round3-before.log,before,azblob,1,interactive,64,PASS,setup,1252.361,16,
live,live-read64-round3-before.log,before,azblob,1,interactive,64,PASS,lifecycle,,85,397.379
live,live-read64-round3-before.log,before,azblob,1,stream,64,PASS,setup,1301.911,16,
live,live-read64-round3-before.log,before,azblob,1,stream,64,PASS,lifecycle,,151,397.437
live,live-read64-round3-before.log,before,azblob,1,duplex,64,PASS,setup,1270.311,16,
live,live-read64-round3-before.log,before,azblob,1,duplex,64,PASS,lifecycle,,288,366.548
live,live-read64-round3-before.log,before,azblob,1,wake,64,PASS,setup,1220.549,16,
live,live-read64-round3-before.log,before,azblob,1,wake,64,PASS,lifecycle,,31,409.607
live,live-read64-round3-before.log,before,azblob,4,idle,64,PASS,setup,4365.825,60,
live,live-read64-round3-before.log,before,azblob,4,idle,64,PASS,lifecycle,,106,753.913
live,live-read64-round3-before.log,before,azblob,4,interactive,64,PASS,setup,3885.534,55,
live,live-read64-round3-before.log,before,azblob,4,interactive,64,PASS,lifecycle,,325,398.219
live,live-read64-round3-before.log,before,azblob,4,stream,64,PASS,setup,4262.330,60,
live,live-read64-round3-before.log,before,azblob,4,stream,64,PASS,lifecycle,,595,401.046
live,live-read64-round3-before.log,before,azblob,4,duplex,64,PASS,setup,4184.065,58,
live,live-read64-round3-before.log,before,azblob,4,duplex,64,PASS,lifecycle,,1158,400.179
live,live-read64-round3-before.log,before,azblob,4,wake,64,FAIL,setup,4342.716,60,
live,live-read64-round3-before.log,before,azblob,4,wake,64,FAIL,lifecycle,,1304,614.731
live,live-read64-round3-before.log,before,azqueue,1,idle,64,PASS,setup,469.811,13,
live,live-read64-round3-before.log,before,azqueue,1,idle,64,PASS,lifecycle,,48,147.423
live,live-read64-round3-before.log,before,azqueue,1,interactive,64,PASS,setup,266.813,14,
live,live-read64-round3-before.log,before,azqueue,1,interactive,64,PASS,lifecycle,,116,119.869
live,live-read64-round3-before.log,before,azqueue,1,stream,64,PASS,setup,268.519,14,
live,live-read64-round3-before.log,before,azqueue,1,stream,64,PASS,lifecycle,,326,118.362
live,live-read64-round3-before.log,before,azqueue,1,duplex,64,PASS,setup,300.138,15,
live,live-read64-round3-before.log,before,azqueue,1,duplex,64,PASS,lifecycle,,639,115.190
live,live-read64-round3-before.log,before,azqueue,1,wake,64,PASS,setup,275.786,14,
live,live-read64-round3-before.log,before,azqueue,1,wake,64,PASS,lifecycle,,52,115.547
live,live-read64-round3-before.log,before,azqueue,4,idle,64,PASS,setup,920.804,48,
live,live-read64-round3-before.log,before,azqueue,4,idle,64,PASS,lifecycle,,178,149.731
live,live-read64-round3-before.log,before,azqueue,4,interactive,64,PASS,setup,957.670,49,
live,live-read64-round3-before.log,before,azqueue,4,interactive,64,PASS,lifecycle,,451,125.263
live,live-read64-round3-before.log,before,azqueue,4,stream,64,PASS,setup,845.957,47,
live,live-read64-round3-before.log,before,azqueue,4,stream,64,PASS,lifecycle,,1285,139.189
live,live-read64-round3-before.log,before,azqueue,4,duplex,64,PASS,setup,967.021,49,
live,live-read64-round3-before.log,before,azqueue,4,duplex,64,PASS,lifecycle,,2545,118.481
live,live-read64-round3-before.log,before,azqueue,4,wake,64,PASS,setup,982.958,49,
live,live-read64-round3-before.log,before,azqueue,4,wake,64,PASS,lifecycle,,195,123.527
live,live-read64-round3-before.log,before,aztable,1,idle,64,PASS,setup,470.844,13,
live,live-read64-round3-before.log,before,aztable,1,idle,64,PASS,lifecycle,,48,166.943
live,live-read64-round3-before.log,before,aztable,1,interactive,64,PASS,setup,276.449,14,
live,live-read64-round3-before.log,before,aztable,1,interactive,64,PASS,lifecycle,,84,128.640
live,live-read64-round3-before.log,before,aztable,1,stream,64,PASS,setup,278.812,14,
live,live-read64-round3-before.log,before,aztable,1,stream,64,PASS,lifecycle,,128,133.079
live,live-read64-round3-before.log,before,aztable,1,duplex,64,PASS,setup,282.370,14,
live,live-read64-round3-before.log,before,aztable,1,duplex,64,PASS,lifecycle,,235,128.780
live,live-read64-round3-before.log,before,aztable,1,wake,64,PASS,setup,279.539,14,
live,live-read64-round3-before.log,before,aztable,1,wake,64,PASS,lifecycle,,49,129.385
live,live-read64-round3-before.log,before,aztable,4,idle,64,PASS,setup,903.736,50,
live,live-read64-round3-before.log,before,aztable,4,idle,64,PASS,lifecycle,,176,198.333
live,live-read64-round3-before.log,before,aztable,4,interactive,64,PASS,setup,846.720,48,
live,live-read64-round3-before.log,before,aztable,4,interactive,64,PASS,lifecycle,,322,126.973
live,live-read64-round3-before.log,before,aztable,4,stream,64,PASS,setup,871.847,49,
live,live-read64-round3-before.log,before,aztable,4,stream,64,PASS,lifecycle,,505,129.568
live,live-read64-round3-before.log,before,aztable,4,duplex,64,PASS,setup,920.648,49,
live,live-read64-round3-before.log,before,aztable,4,duplex,64,PASS,lifecycle,,1114,172.901
live,live-read64-round3-before.log,before,aztable,4,wake,64,PASS,setup,905.355,50,
live,live-read64-round3-before.log,before,aztable,4,wake,64,PASS,lifecycle,,189,149.865
local,local-read1024-round1-after.log,after,azblob,1,stream,1024,PASS,setup,32.023,13,
local,local-read1024-round1-after.log,after,azblob,1,stream,1024,PASS,lifecycle,,242,1.212
local,local-read1024-round1-after.log,after,azblob,4,stream,1024,PASS,setup,62.451,46,
local,local-read1024-round1-after.log,after,azblob,4,stream,1024,PASS,lifecycle,,705,1.397
local,local-read1024-round1-after.log,after,azqueue,1,stream,1024,PASS,setup,15.867,11,
local,local-read1024-round1-after.log,after,azqueue,1,stream,1024,PASS,lifecycle,,465,1.087
local,local-read1024-round1-after.log,after,azqueue,4,stream,1024,PASS,setup,65.980,41,
local,local-read1024-round1-after.log,after,azqueue,4,stream,1024,PASS,lifecycle,,2899,1.498
local,local-read1024-round1-after.log,after,aztable,1,stream,1024,PASS,setup,15.514,11,
local,local-read1024-round1-after.log,after,aztable,1,stream,1024,PASS,lifecycle,,100,1.685
local,local-read1024-round1-after.log,after,aztable,4,stream,1024,PASS,setup,54.148,38,
local,local-read1024-round1-after.log,after,aztable,4,stream,1024,PASS,lifecycle,,447,2.968
local,local-read1024-round1-before.log,before,azblob,1,stream,1024,PASS,setup,68.610,13,
local,local-read1024-round1-before.log,before,azblob,1,stream,1024,PASS,lifecycle,,223,1.205
local,local-read1024-round1-before.log,before,azblob,4,stream,1024,PASS,setup,63.519,44,
local,local-read1024-round1-before.log,before,azblob,4,stream,1024,PASS,lifecycle,,615,1.643
local,local-read1024-round1-before.log,before,azqueue,1,stream,1024,PASS,setup,16.969,12,
local,local-read1024-round1-before.log,before,azqueue,1,stream,1024,PASS,lifecycle,,541,1.391
local,local-read1024-round1-before.log,before,azqueue,4,stream,1024,PASS,setup,68.454,42,
local,local-read1024-round1-before.log,before,azqueue,4,stream,1024,PASS,lifecycle,,2920,1.732
local,local-read1024-round1-before.log,before,aztable,1,stream,1024,PASS,setup,13.639,11,
local,local-read1024-round1-before.log,before,aztable,1,stream,1024,PASS,lifecycle,,100,1.957
local,local-read1024-round1-before.log,before,aztable,4,stream,1024,PASS,setup,56.198,38,
local,local-read1024-round1-before.log,before,aztable,4,stream,1024,PASS,lifecycle,,439,3.040
local,local-read1024-round2-after.log,after,azblob,1,stream,1024,PASS,setup,32.011,15,
local,local-read1024-round2-after.log,after,azblob,1,stream,1024,PASS,lifecycle,,255,1.189
local,local-read1024-round2-after.log,after,azblob,4,stream,1024,PASS,setup,62.927,46,
local,local-read1024-round2-after.log,after,azblob,4,stream,1024,PASS,lifecycle,,654,1.841
local,local-read1024-round2-after.log,after,azqueue,1,stream,1024,PASS,setup,17.109,11,
local,local-read1024-round2-after.log,after,azqueue,1,stream,1024,PASS,lifecycle,,528,1.574
local,local-read1024-round2-after.log,after,azqueue,4,stream,1024,PASS,setup,65.948,42,
local,local-read1024-round2-after.log,after,azqueue,4,stream,1024,PASS,lifecycle,,2931,1.617
local,local-read1024-round2-after.log,after,aztable,1,stream,1024,PASS,setup,15.734,11,
local,local-read1024-round2-after.log,after,aztable,1,stream,1024,PASS,lifecycle,,100,1.614
local,local-read1024-round2-after.log,after,aztable,4,stream,1024,PASS,setup,54.378,38,
local,local-read1024-round2-after.log,after,aztable,4,stream,1024,PASS,lifecycle,,440,3.597
local,local-read1024-round2-before.log,before,azblob,1,stream,1024,PASS,setup,30.831,13,
local,local-read1024-round2-before.log,before,azblob,1,stream,1024,PASS,lifecycle,,246,1.016
local,local-read1024-round2-before.log,before,azblob,4,stream,1024,PASS,setup,59.837,46,
local,local-read1024-round2-before.log,before,azblob,4,stream,1024,PASS,lifecycle,,649,1.817
local,local-read1024-round2-before.log,before,azqueue,1,stream,1024,PASS,setup,15.034,11,
local,local-read1024-round2-before.log,before,azqueue,1,stream,1024,PASS,lifecycle,,525,1.534
local,local-read1024-round2-before.log,before,azqueue,4,stream,1024,PASS,setup,67.674,42,
local,local-read1024-round2-before.log,before,azqueue,4,stream,1024,PASS,lifecycle,,2886,1.798
local,local-read1024-round2-before.log,before,aztable,1,stream,1024,PASS,setup,15.642,11,
local,local-read1024-round2-before.log,before,aztable,1,stream,1024,PASS,lifecycle,,100,2.278
local,local-read1024-round2-before.log,before,aztable,4,stream,1024,PASS,setup,57.023,38,
local,local-read1024-round2-before.log,before,aztable,4,stream,1024,PASS,lifecycle,,435,3.006
local,local-read1024-round3-after.log,after,azblob,1,stream,1024,PASS,setup,31.678,14,
local,local-read1024-round3-after.log,after,azblob,1,stream,1024,PASS,lifecycle,,262,1.178
local,local-read1024-round3-after.log,after,azblob,4,stream,1024,PASS,setup,64.090,45,
local,local-read1024-round3-after.log,after,azblob,4,stream,1024,PASS,lifecycle,,677,1.684
local,local-read1024-round3-after.log,after,azqueue,1,stream,1024,PASS,setup,15.545,12,
local,local-read1024-round3-after.log,after,azqueue,1,stream,1024,PASS,lifecycle,,449,1.344
local,local-read1024-round3-after.log,after,azqueue,4,stream,1024,PASS,setup,68.322,42,
local,local-read1024-round3-after.log,after,azqueue,4,stream,1024,PASS,lifecycle,,2919,1.836
local,local-read1024-round3-after.log,after,aztable,1,stream,1024,PASS,setup,14.600,11,
local,local-read1024-round3-after.log,after,aztable,1,stream,1024,PASS,lifecycle,,100,2.054
local,local-read1024-round3-after.log,after,aztable,4,stream,1024,PASS,setup,56.362,38,
local,local-read1024-round3-after.log,after,aztable,4,stream,1024,PASS,lifecycle,,440,2.844
local,local-read1024-round3-before.log,before,azblob,1,stream,1024,PASS,setup,33.603,15,
local,local-read1024-round3-before.log,before,azblob,1,stream,1024,PASS,lifecycle,,252,1.413
local,local-read1024-round3-before.log,before,azblob,4,stream,1024,PASS,setup,60.474,45,
local,local-read1024-round3-before.log,before,azblob,4,stream,1024,PASS,lifecycle,,695,2.133
local,local-read1024-round3-before.log,before,azqueue,1,stream,1024,PASS,setup,17.793,11,
local,local-read1024-round3-before.log,before,azqueue,1,stream,1024,PASS,lifecycle,,554,1.495
local,local-read1024-round3-before.log,before,azqueue,4,stream,1024,PASS,setup,71.048,42,
local,local-read1024-round3-before.log,before,azqueue,4,stream,1024,PASS,lifecycle,,2896,1.637
local,local-read1024-round3-before.log,before,aztable,1,stream,1024,PASS,setup,16.347,11,
local,local-read1024-round3-before.log,before,aztable,1,stream,1024,PASS,lifecycle,,100,1.859
local,local-read1024-round3-before.log,before,aztable,4,stream,1024,PASS,setup,52.888,38,
local,local-read1024-round3-before.log,before,aztable,4,stream,1024,PASS,lifecycle,,442,2.871
local,local-read64-round1-after.log,after,azblob,1,idle,64,PASS,setup,54.616,13,
local,local-read64-round1-after.log,after,azblob,1,idle,64,PASS,lifecycle,,88,11.953
local,local-read64-round1-after.log,after,azblob,1,interactive,64,PASS,setup,47.126,13,
local,local-read64-round1-after.log,after,azblob,1,interactive,64,PASS,lifecycle,,82,3.720
local,local-read64-round1-after.log,after,azblob,1,stream,64,PASS,setup,24.019,13,
local,local-read64-round1-after.log,after,azblob,1,stream,64,PASS,lifecycle,,229,1.254
local,local-read64-round1-after.log,after,azblob,1,duplex,64,PASS,setup,16.348,12,
local,local-read64-round1-after.log,after,azblob,1,duplex,64,PASS,lifecycle,,363,1.631
local,local-read64-round1-after.log,after,azblob,1,wake,64,PASS,setup,16.173,12,
local,local-read64-round1-after.log,after,azblob,1,wake,64,PASS,lifecycle,,93,8.713
local,local-read64-round1-after.log,after,azblob,4,idle,64,PASS,setup,139.110,48,
local,local-read64-round1-after.log,after,azblob,4,idle,64,PASS,lifecycle,,384,10.529
local,local-read64-round1-after.log,after,azblob,4,interactive,64,PASS,setup,74.882,45,
local,local-read64-round1-after.log,after,azblob,4,interactive,64,PASS,lifecycle,,315,2.851
local,local-read64-round1-after.log,after,azblob,4,stream,64,PASS,setup,62.802,43,
local,local-read64-round1-after.log,after,azblob,4,stream,64,PASS,lifecycle,,576,2.060
local,local-read64-round1-after.log,after,azblob,4,duplex,64,PASS,setup,64.266,42,
local,local-read64-round1-after.log,after,azblob,4,duplex,64,PASS,lifecycle,,860,1.919
local,local-read64-round1-after.log,after,azblob,4,wake,64,PASS,setup,61.871,42,
local,local-read64-round1-after.log,after,azblob,4,wake,64,PASS,lifecycle,,388,4.135
local,local-read64-round1-after.log,after,azqueue,1,idle,64,PASS,setup,24.158,12,
local,local-read64-round1-after.log,after,azqueue,1,idle,64,PASS,lifecycle,,90,22.701
local,local-read64-round1-after.log,after,azqueue,1,interactive,64,PASS,setup,46.311,13,
local,local-read64-round1-after.log,after,azqueue,1,interactive,64,PASS,lifecycle,,115,2.654
local,local-read64-round1-after.log,after,azqueue,1,stream,64,PASS,setup,27.165,15,
local,local-read64-round1-after.log,after,azqueue,1,stream,64,PASS,lifecycle,,573,1.412
local,local-read64-round1-after.log,after,azqueue,1,duplex,64,PASS,setup,16.329,11,
local,local-read64-round1-after.log,after,azqueue,1,duplex,64,PASS,lifecycle,,1016,1.039
local,local-read64-round1-after.log,after,azqueue,1,wake,64,PASS,setup,15.277,11,
local,local-read64-round1-after.log,after,azqueue,1,wake,64,PASS,lifecycle,,97,10.016
local,local-read64-round1-after.log,after,azqueue,4,idle,64,PASS,setup,120.288,44,
local,local-read64-round1-after.log,after,azqueue,4,idle,64,PASS,lifecycle,,374,7.128
local,local-read64-round1-after.log,after,azqueue,4,interactive,64,PASS,setup,91.036,42,
local,local-read64-round1-after.log,after,azqueue,4,interactive,64,PASS,lifecycle,,444,2.318
local,local-read64-round1-after.log,after,azqueue,4,stream,64,PASS,setup,66.512,39,
local,local-read64-round1-after.log,after,azqueue,4,stream,64,PASS,lifecycle,,2954,1.967
local,local-read64-round1-after.log,after,azqueue,4,duplex,64,PASS,setup,57.833,39,
local,local-read64-round1-after.log,after,azqueue,4,duplex,64,PASS,lifecycle,,9475,2.780
local,local-read64-round1-after.log,after,azqueue,4,wake,64,PASS,setup,61.033,40,
local,local-read64-round1-after.log,after,azqueue,4,wake,64,PASS,lifecycle,,403,8.632
local,local-read64-round1-after.log,after,aztable,1,idle,64,PASS,setup,25.651,11,
local,local-read64-round1-after.log,after,aztable,1,idle,64,PASS,lifecycle,,89,12.885
local,local-read64-round1-after.log,after,aztable,1,interactive,64,PASS,setup,29.487,11,
local,local-read64-round1-after.log,after,aztable,1,interactive,64,PASS,lifecycle,,81,7.484
local,local-read64-round1-after.log,after,aztable,1,stream,64,PASS,setup,21.171,11,
local,local-read64-round1-after.log,after,aztable,1,stream,64,PASS,lifecycle,,100,1.995
local,local-read64-round1-after.log,after,aztable,1,duplex,64,PASS,setup,15.241,11,
local,local-read64-round1-after.log,after,aztable,1,duplex,64,PASS,lifecycle,,184,2.205
local,local-read64-round1-after.log,after,aztable,1,wake,64,PASS,setup,15.119,11,
local,local-read64-round1-after.log,after,aztable,1,wake,64,PASS,lifecycle,,95,12.828
local,local-read64-round1-after.log,after,aztable,4,idle,64,PASS,setup,93.469,37,
local,local-read64-round1-after.log,after,aztable,4,idle,64,PASS,lifecycle,,378,18.983
local,local-read64-round1-after.log,after,aztable,4,interactive,64,PASS,setup,67.730,38,
local,local-read64-round1-after.log,after,aztable,4,interactive,64,PASS,lifecycle,,312,2.490
local,local-read64-round1-after.log,after,aztable,4,stream,64,PASS,setup,53.381,38,
local,local-read64-round1-after.log,after,aztable,4,stream,64,PASS,lifecycle,,448,2.805
local,local-read64-round1-after.log,after,aztable,4,duplex,64,PASS,setup,53.777,38,
local,local-read64-round1-after.log,after,aztable,4,duplex,64,PASS,lifecycle,,975,3.672
local,local-read64-round1-after.log,after,aztable,4,wake,64,PASS,setup,54.827,38,
local,local-read64-round1-after.log,after,aztable,4,wake,64,PASS,lifecycle,,393,2.920
local,local-read64-round1-before.log,before,azblob,1,idle,64,PASS,setup,172.243,23,
local,local-read64-round1-before.log,before,azblob,1,idle,64,PASS,lifecycle,,100,17.816
local,local-read64-round1-before.log,before,azblob,1,interactive,64,PASS,setup,56.793,14,
local,local-read64-round1-before.log,before,azblob,1,interactive,64,PASS,lifecycle,,83,3.725
local,local-read64-round1-before.log,before,azblob,1,stream,64,PASS,setup,23.745,13,
local,local-read64-round1-before.log,before,azblob,1,stream,64,PASS,lifecycle,,183,1.909
local,local-read64-round1-before.log,before,azblob,1,duplex,64,PASS,setup,17.576,12,
local,local-read64-round1-before.log,before,azblob,1,duplex,64,PASS,lifecycle,,336,1.355
local,local-read64-round1-before.log,before,azblob,1,wake,64,PASS,setup,17.328,12,
local,local-read64-round1-before.log,before,azblob,1,wake,64,PASS,lifecycle,,94,7.653
local,local-read64-round1-before.log,before,azblob,4,idle,64,PASS,setup,155.638,49,
local,local-read64-round1-before.log,before,azblob,4,idle,64,PASS,lifecycle,,388,12.128
local,local-read64-round1-before.log,before,azblob,4,interactive,64,PASS,setup,157.159,50,
local,local-read64-round1-before.log,before,azblob,4,interactive,64,PASS,lifecycle,,320,2.383
local,local-read64-round1-before.log,before,azblob,4,stream,64,PASS,setup,63.919,45,
local,local-read64-round1-before.log,before,azblob,4,stream,64,PASS,lifecycle,,554,1.828
local,local-read64-round1-before.log,before,azblob,4,duplex,64,PASS,setup,65.363,44,
local,local-read64-round1-before.log,before,azblob,4,duplex,64,PASS,lifecycle,,812,2.397
local,local-read64-round1-before.log,before,azblob,4,wake,64,PASS,setup,61.319,45,
local,local-read64-round1-before.log,before,azblob,4,wake,64,PASS,lifecycle,,401,4.039
local,local-read64-round1-before.log,before,azqueue,1,idle,64,PASS,setup,30.396,13,
local,local-read64-round1-before.log,before,azqueue,1,idle,64,PASS,lifecycle,,90,15.302
local,local-read64-round1-before.log,before,azqueue,1,interactive,64,PASS,setup,59.185,14,
local,local-read64-round1-before.log,before,azqueue,1,interactive,64,PASS,lifecycle,,116,3.481
local,local-read64-round1-before.log,before,azqueue,1,stream,64,PASS,setup,22.300,12,
local,local-read64-round1-before.log,before,azqueue,1,stream,64,PASS,lifecycle,,471,1.632
local,local-read64-round1-before.log,before,azqueue,1,duplex,64,PASS,setup,16.581,12,
local,local-read64-round1-before.log,before,azqueue,1,duplex,64,PASS,lifecycle,,1051,1.105
local,local-read64-round1-before.log,before,azqueue,1,wake,64,PASS,setup,15.761,11,
local,local-read64-round1-before.log,before,azqueue,1,wake,64,PASS,lifecycle,,93,9.666
local,local-read64-round1-before.log,before,azqueue,4,idle,64,PASS,setup,129.209,44,
local,local-read64-round1-before.log,before,azqueue,4,idle,64,PASS,lifecycle,,365,14.147
local,local-read64-round1-before.log,before,azqueue,4,interactive,64,PASS,setup,95.387,43,
local,local-read64-round1-before.log,before,azqueue,4,interactive,64,PASS,lifecycle,,445,2.245
local,local-read64-round1-before.log,before,azqueue,4,stream,64,PASS,setup,69.048,38,
local,local-read64-round1-before.log,before,azqueue,4,stream,64,PASS,lifecycle,,2741,1.742
local,local-read64-round1-before.log,before,azqueue,4,duplex,64,PASS,setup,61.993,40,
local,local-read64-round1-before.log,before,azqueue,4,duplex,64,PASS,lifecycle,,8840,1.740
local,local-read64-round1-before.log,before,azqueue,4,wake,64,PASS,setup,58.371,38,
local,local-read64-round1-before.log,before,azqueue,4,wake,64,PASS,lifecycle,,397,5.485
local,local-read64-round1-before.log,before,aztable,1,idle,64,PASS,setup,34.738,11,
local,local-read64-round1-before.log,before,aztable,1,idle,64,PASS,lifecycle,,88,18.693
local,local-read64-round1-before.log,before,aztable,1,interactive,64,PASS,setup,36.085,11,
local,local-read64-round1-before.log,before,aztable,1,interactive,64,PASS,lifecycle,,81,4.799
local,local-read64-round1-before.log,before,aztable,1,stream,64,PASS,setup,20.515,11,
local,local-read64-round1-before.log,before,aztable,1,stream,64,PASS,lifecycle,,100,2.191
local,local-read64-round1-before.log,before,aztable,1,duplex,64,PASS,setup,17.320,11,
local,local-read64-round1-before.log,before,aztable,1,duplex,64,PASS,lifecycle,,186,2.352
local,local-read64-round1-before.log,before,aztable,1,wake,64,PASS,setup,15.600,11,
local,local-read64-round1-before.log,before,aztable,1,wake,64,PASS,lifecycle,,95,12.395
local,local-read64-round1-before.log,before,aztable,4,idle,64,PASS,setup,88.069,38,
local,local-read64-round1-before.log,before,aztable,4,idle,64,PASS,lifecycle,,376,14.411
local,local-read64-round1-before.log,before,aztable,4,interactive,64,PASS,setup,68.071,38,
local,local-read64-round1-before.log,before,aztable,4,interactive,64,PASS,lifecycle,,312,3.025
local,local-read64-round1-before.log,before,aztable,4,stream,64,PASS,setup,54.140,38,
local,local-read64-round1-before.log,before,aztable,4,stream,64,PASS,lifecycle,,442,3.083
local,local-read64-round1-before.log,before,aztable,4,duplex,64,PASS,setup,55.956,38,
local,local-read64-round1-before.log,before,aztable,4,duplex,64,PASS,lifecycle,,968,3.528
local,local-read64-round1-before.log,before,aztable,4,wake,64,PASS,setup,55.112,38,
local,local-read64-round1-before.log,before,aztable,4,wake,64,PASS,lifecycle,,392,8.023
local,local-read64-round2-after.log,after,azblob,1,idle,64,PASS,setup,42.530,13,
local,local-read64-round2-after.log,after,azblob,1,idle,64,PASS,lifecycle,,90,14.937
local,local-read64-round2-after.log,after,azblob,1,interactive,64,PASS,setup,45.158,13,
local,local-read64-round2-after.log,after,azblob,1,interactive,64,PASS,lifecycle,,82,6.898
local,local-read64-round2-after.log,after,azblob,1,stream,64,PASS,setup,39.274,13,
local,local-read64-round2-after.log,after,azblob,1,stream,64,PASS,lifecycle,,216,1.748
local,local-read64-round2-after.log,after,azblob,1,duplex,64,PASS,setup,17.045,13,
local,local-read64-round2-after.log,after,azblob,1,duplex,64,PASS,lifecycle,,336,1.435
local,local-read64-round2-after.log,after,azblob,1,wake,64,PASS,setup,16.211,12,
local,local-read64-round2-after.log,after,azblob,1,wake,64,PASS,lifecycle,,96,8.884
local,local-read64-round2-after.log,after,azblob,4,idle,64,PASS,setup,144.277,48,
local,local-read64-round2-after.log,after,azblob,4,idle,64,PASS,lifecycle,,380,8.126
local,local-read64-round2-after.log,after,azblob,4,interactive,64,PASS,setup,82.842,45,
local,local-read64-round2-after.log,after,azblob,4,interactive,64,PASS,lifecycle,,315,2.023
local,local-read64-round2-after.log,after,azblob,4,stream,64,PASS,setup,60.125,44,
local,local-read64-round2-after.log,after,azblob,4,stream,64,PASS,lifecycle,,597,2.875
local,local-read64-round2-after.log,after,azblob,4,duplex,64,PASS,setup,64.017,42,
local,local-read64-round2-after.log,after,azblob,4,duplex,64,PASS,lifecycle,,881,1.730
local,local-read64-round2-after.log,after,azblob,4,wake,64,PASS,setup,63.431,42,
local,local-read64-round2-after.log,after,azblob,4,wake,64,PASS,lifecycle,,397,5.750
local,local-read64-round2-after.log,after,azqueue,1,idle,64,PASS,setup,28.630,13,
local,local-read64-round2-after.log,after,azqueue,1,idle,64,PASS,lifecycle,,92,13.296
local,local-read64-round2-after.log,after,azqueue,1,interactive,64,PASS,setup,48.888,13,
local,local-read64-round2-after.log,after,azqueue,1,interactive,64,PASS,lifecycle,,115,6.326
local,local-read64-round2-after.log,after,azqueue,1,stream,64,PASS,setup,24.212,12,
local,local-read64-round2-after.log,after,azqueue,1,stream,64,PASS,lifecycle,,569,1.618
local,local-read64-round2-after.log,after,azqueue,1,duplex,64,PASS,setup,16.432,12,
local,local-read64-round2-after.log,after,azqueue,1,duplex,64,PASS,lifecycle,,1124,1.199
local,local-read64-round2-after.log,after,azqueue,1,wake,64,PASS,setup,14.171,11,
local,local-read64-round2-after.log,after,azqueue,1,wake,64,PASS,lifecycle,,97,8.189
local,local-read64-round2-after.log,after,azqueue,4,idle,64,PASS,setup,145.061,44,
local,local-read64-round2-after.log,after,azqueue,4,idle,64,PASS,lifecycle,,373,13.045
local,local-read64-round2-after.log,after,azqueue,4,interactive,64,PASS,setup,104.955,43,
local,local-read64-round2-after.log,after,azqueue,4,interactive,64,PASS,lifecycle,,445,2.110
local,local-read64-round2-after.log,after,azqueue,4,stream,64,PASS,setup,63.719,38,
local,local-read64-round2-after.log,after,azqueue,4,stream,64,PASS,lifecycle,,2922,1.695
local,local-read64-round2-after.log,after,azqueue,4,duplex,64,PASS,setup,60.935,38,
local,local-read64-round2-after.log,after,azqueue,4,duplex,64,PASS,lifecycle,,9290,1.765
local,local-read64-round2-after.log,after,azqueue,4,wake,64,PASS,setup,59.221,40,
local,local-read64-round2-after.log,after,azqueue,4,wake,64,PASS,lifecycle,,423,6.217
local,local-read64-round2-after.log,after,aztable,1,idle,64,PASS,setup,22.008,11,
local,local-read64-round2-after.log,after,aztable,1,idle,64,PASS,lifecycle,,91,10.561
local,local-read64-round2-after.log,after,aztable,1,interactive,64,PASS,setup,24.704,11,
local,local-read64-round2-after.log,after,aztable,1,interactive,64,PASS,lifecycle,,81,4.624
local,local-read64-round2-after.log,after,aztable,1,stream,64,PASS,setup,19.036,11,
local,local-read64-round2-after.log,after,aztable,1,stream,64,PASS,lifecycle,,100,5.010
local,local-read64-round2-after.log,after,aztable,1,duplex,64,PASS,setup,19.405,11,
local,local-read64-round2-after.log,after,aztable,1,duplex,64,PASS,lifecycle,,187,2.232
local,local-read64-round2-after.log,after,aztable,1,wake,64,PASS,setup,15.370,11,
local,local-read64-round2-after.log,after,aztable,1,wake,64,PASS,lifecycle,,95,9.399
local,local-read64-round2-after.log,after,aztable,4,idle,64,PASS,setup,88.574,38,
local,local-read64-round2-after.log,after,aztable,4,idle,64,PASS,lifecycle,,373,11.519
local,local-read64-round2-after.log,after,aztable,4,interactive,64,PASS,setup,73.952,38,
local,local-read64-round2-after.log,after,aztable,4,interactive,64,PASS,lifecycle,,312,3.803
local,local-read64-round2-after.log,after,aztable,4,stream,64,PASS,setup,53.561,38,
local,local-read64-round2-after.log,after,aztable,4,stream,64,PASS,lifecycle,,437,2.872
local,local-read64-round2-after.log,after,aztable,4,duplex,64,PASS,setup,55.742,38,
local,local-read64-round2-after.log,after,aztable,4,duplex,64,PASS,lifecycle,,964,2.955
local,local-read64-round2-after.log,after,aztable,4,wake,64,PASS,setup,55.458,38,
local,local-read64-round2-after.log,after,aztable,4,wake,64,PASS,lifecycle,,392,12.181
local,local-read64-round2-before.log,before,azblob,1,idle,64,PASS,setup,70.953,14,
local,local-read64-round2-before.log,before,azblob,1,idle,64,PASS,lifecycle,,89,14.725
local,local-read64-round2-before.log,before,azblob,1,interactive,64,PASS,setup,52.570,14,
local,local-read64-round2-before.log,before,azblob,1,interactive,64,PASS,lifecycle,,83,5.979
local,local-read64-round2-before.log,before,azblob,1,stream,64,PASS,setup,25.548,12,
local,local-read64-round2-before.log,before,azblob,1,stream,64,PASS,lifecycle,,173,2.242
local,local-read64-round2-before.log,before,azblob,1,duplex,64,PASS,setup,20.567,13,
local,local-read64-round2-before.log,before,azblob,1,duplex,64,PASS,lifecycle,,329,1.105
local,local-read64-round2-before.log,before,azblob,1,wake,64,PASS,setup,15.000,12,
local,local-read64-round2-before.log,before,azblob,1,wake,64,PASS,lifecycle,,94,6.529
local,local-read64-round2-before.log,before,azblob,4,idle,64,PASS,setup,133.136,47,
local,local-read64-round2-before.log,before,azblob,4,idle,64,PASS,lifecycle,,384,7.286
local,local-read64-round2-before.log,before,azblob,4,interactive,64,PASS,setup,87.210,46,
local,local-read64-round2-before.log,before,azblob,4,interactive,64,PASS,lifecycle,,316,2.536
local,local-read64-round2-before.log,before,azblob,4,stream,64,PASS,setup,64.591,44,
local,local-read64-round2-before.log,before,azblob,4,stream,64,PASS,lifecycle,,557,1.611
local,local-read64-round2-before.log,before,azblob,4,duplex,64,PASS,setup,57.477,45,
local,local-read64-round2-before.log,before,azblob,4,duplex,64,PASS,lifecycle,,805,1.735
local,local-read64-round2-before.log,before,azblob,4,wake,64,PASS,setup,58.892,42,
local,local-read64-round2-before.log,before,azblob,4,wake,64,PASS,lifecycle,,396,4.818
local,local-read64-round2-before.log,before,azqueue,1,idle,64,PASS,setup,24.906,12,
local,local-read64-round2-before.log,before,azqueue,1,idle,64,PASS,lifecycle,,92,10.952
local,local-read64-round2-before.log,before,azqueue,1,interactive,64,PASS,setup,46.107,13,
local,local-read64-round2-before.log,before,azqueue,1,interactive,64,PASS,lifecycle,,115,5.742
local,local-read64-round2-before.log,before,azqueue,1,stream,64,PASS,setup,45.321,13,
local,local-read64-round2-before.log,before,azqueue,1,stream,64,PASS,lifecycle,,509,1.381
local,local-read64-round2-before.log,before,azqueue,1,duplex,64,PASS,setup,15.303,12,
local,local-read64-round2-before.log,before,azqueue,1,duplex,64,PASS,lifecycle,,1027,1.082
local,local-read64-round2-before.log,before,azqueue,1,wake,64,PASS,setup,15.315,11,
local,local-read64-round2-before.log,before,azqueue,1,wake,64,PASS,lifecycle,,97,14.500
local,local-read64-round2-before.log,before,azqueue,4,idle,64,PASS,setup,128.568,43,
local,local-read64-round2-before.log,before,azqueue,4,idle,64,PASS,lifecycle,,374,16.069
local,local-read64-round2-before.log,before,azqueue,4,interactive,64,PASS,setup,87.975,42,
local,local-read64-round2-before.log,before,azqueue,4,interactive,64,PASS,lifecycle,,444,2.394
local,local-read64-round2-before.log,before,azqueue,4,stream,64,PASS,setup,63.457,38,
local,local-read64-round2-before.log,before,azqueue,4,stream,64,PASS,lifecycle,,2716,1.702
local,local-read64-round2-before.log,before,azqueue,4,duplex,64,PASS,setup,55.065,38,
local,local-read64-round2-before.log,before,azqueue,4,duplex,64,PASS,lifecycle,,9180,2.369
local,local-read64-round2-before.log,before,azqueue,4,wake,64,PASS,setup,61.266,38,
local,local-read64-round2-before.log,before,azqueue,4,wake,64,PASS,lifecycle,,398,5.613
local,local-read64-round2-before.log,before,aztable,1,idle,64,PASS,setup,30.142,11,
local,local-read64-round2-before.log,before,aztable,1,idle,64,PASS,lifecycle,,92,12.565
local,local-read64-round2-before.log,before,aztable,1,interactive,64,PASS,setup,35.392,11,
local,local-read64-round2-before.log,before,aztable,1,interactive,64,PASS,lifecycle,,81,10.705
local,local-read64-round2-before.log,before,aztable,1,stream,64,PASS,setup,28.025,11,
local,local-read64-round2-before.log,before,aztable,1,stream,64,PASS,lifecycle,,101,5.031
local,local-read64-round2-before.log,before,aztable,1,duplex,64,PASS,setup,20.650,10,
local,local-read64-round2-before.log,before,aztable,1,duplex,64,PASS,lifecycle,,184,1.960
local,local-read64-round2-before.log,before,aztable,1,wake,64,PASS,setup,15.390,11,
local,local-read64-round2-before.log,before,aztable,1,wake,64,PASS,lifecycle,,96,11.509
local,local-read64-round2-before.log,before,aztable,4,idle,64,PASS,setup,88.369,38,
local,local-read64-round2-before.log,before,aztable,4,idle,64,PASS,lifecycle,,359,11.443
local,local-read64-round2-before.log,before,aztable,4,interactive,64,PASS,setup,99.696,39,
local,local-read64-round2-before.log,before,aztable,4,interactive,64,PASS,lifecycle,,313,2.822
local,local-read64-round2-before.log,before,aztable,4,stream,64,PASS,setup,50.790,38,
local,local-read64-round2-before.log,before,aztable,4,stream,64,PASS,lifecycle,,418,2.968
local,local-read64-round2-before.log,before,aztable,4,duplex,64,PASS,setup,55.372,38,
local,local-read64-round2-before.log,before,aztable,4,duplex,64,PASS,lifecycle,,1006,5.841
local,local-read64-round2-before.log,before,aztable,4,wake,64,PASS,setup,58.802,38,
local,local-read64-round2-before.log,before,aztable,4,wake,64,PASS,lifecycle,,376,17.789
local,local-read64-round3-after.log,after,azblob,1,idle,64,PASS,setup,72.467,16,
local,local-read64-round3-after.log,after,azblob,1,idle,64,PASS,lifecycle,,95,8.710
local,local-read64-round3-after.log,after,azblob,1,interactive,64,PASS,setup,43.760,14,
local,local-read64-round3-after.log,after,azblob,1,interactive,64,PASS,lifecycle,,83,3.389
local,local-read64-round3-after.log,after,azblob,1,stream,64,PASS,setup,23.069,13,
local,local-read64-round3-after.log,after,azblob,1,stream,64,PASS,lifecycle,,239,2.307
local,local-read64-round3-after.log,after,azblob,1,duplex,64,PASS,setup,18.984,13,
local,local-read64-round3-after.log,after,azblob,1,duplex,64,PASS,lifecycle,,369,1.383
local,local-read64-round3-after.log,after,azblob,1,wake,64,PASS,setup,17.115,12,
local,local-read64-round3-after.log,after,azblob,1,wake,64,PASS,lifecycle,,95,6.919
local,local-read64-round3-after.log,after,azblob,4,idle,64,PASS,setup,144.141,48,
local,local-read64-round3-after.log,after,azblob,4,idle,64,PASS,lifecycle,,386,6.511
local,local-read64-round3-after.log,after,azblob,4,interactive,64,PASS,setup,85.883,45,
local,local-read64-round3-after.log,after,azblob,4,interactive,64,PASS,lifecycle,,315,1.977
local,local-read64-round3-after.log,after,azblob,4,stream,64,PASS,setup,62.452,43,
local,local-read64-round3-after.log,after,azblob,4,stream,64,PASS,lifecycle,,613,1.916
local,local-read64-round3-after.log,after,azblob,4,duplex,64,PASS,setup,64.473,42,
local,local-read64-round3-after.log,after,azblob,4,duplex,64,PASS,lifecycle,,935,2.374
local,local-read64-round3-after.log,after,azblob,4,wake,64,PASS,setup,63.577,42,
local,local-read64-round3-after.log,after,azblob,4,wake,64,PASS,lifecycle,,393,3.822
local,local-read64-round3-after.log,after,azqueue,1,idle,64,PASS,setup,23.488,12,
local,local-read64-round3-after.log,after,azqueue,1,idle,64,PASS,lifecycle,,95,8.016
local,local-read64-round3-after.log,after,azqueue,1,interactive,64,PASS,setup,45.352,14,
local,local-read64-round3-after.log,after,azqueue,1,interactive,64,PASS,lifecycle,,116,3.970
local,local-read64-round3-after.log,after,azqueue,1,stream,64,PASS,setup,20.584,12,
local,local-read64-round3-after.log,after,azqueue,1,stream,64,PASS,lifecycle,,551,1.475
local,local-read64-round3-after.log,after,azqueue,1,duplex,64,PASS,setup,17.030,12,
local,local-read64-round3-after.log,after,azqueue,1,duplex,64,PASS,lifecycle,,1079,1.010
local,local-read64-round3-after.log,after,azqueue,1,wake,64,PASS,setup,15.173,12,
local,local-read64-round3-after.log,after,azqueue,1,wake,64,PASS,lifecycle,,102,7.664
local,local-read64-round3-after.log,after,azqueue,4,idle,64,PASS,setup,120.049,43,
local,local-read64-round3-after.log,after,azqueue,4,idle,64,PASS,lifecycle,,374,13.681
local,local-read64-round3-after.log,after,azqueue,4,interactive,64,PASS,setup,115.442,43,
local,local-read64-round3-after.log,after,azqueue,4,interactive,64,PASS,lifecycle,,445,1.788
local,local-read64-round3-after.log,after,azqueue,4,stream,64,PASS,setup,63.306,38,
local,local-read64-round3-after.log,after,azqueue,4,stream,64,PASS,lifecycle,,2898,1.522
local,local-read64-round3-after.log,after,azqueue,4,duplex,64,PASS,setup,60.770,38,
local,local-read64-round3-after.log,after,azqueue,4,duplex,64,PASS,lifecycle,,9389,1.709
local,local-read64-round3-after.log,after,azqueue,4,wake,64,PASS,setup,55.683,38,
local,local-read64-round3-after.log,after,azqueue,4,wake,64,PASS,lifecycle,,380,5.458
local,local-read64-round3-after.log,after,aztable,1,idle,64,PASS,setup,23.407,11,
local,local-read64-round3-after.log,after,aztable,1,idle,64,PASS,lifecycle,,84,9.931
local,local-read64-round3-after.log,after,aztable,1,interactive,64,PASS,setup,27.612,11,
local,local-read64-round3-after.log,after,aztable,1,interactive,64,PASS,lifecycle,,81,10.595
local,local-read64-round3-after.log,after,aztable,1,stream,64,PASS,setup,22.851,11,
local,local-read64-round3-after.log,after,aztable,1,stream,64,PASS,lifecycle,,101,4.151
local,local-read64-round3-after.log,after,aztable,1,duplex,64,PASS,setup,20.263,11,
local,local-read64-round3-after.log,after,aztable,1,duplex,64,PASS,lifecycle,,186,1.818
local,local-read64-round3-after.log,after,aztable,1,wake,64,PASS,setup,14.906,11,
local,local-read64-round3-after.log,after,aztable,1,wake,64,PASS,lifecycle,,97,8.350
local,local-read64-round3-after.log,after,aztable,4,idle,64,PASS,setup,89.974,38,
local,local-read64-round3-after.log,after,aztable,4,idle,64,PASS,lifecycle,,375,24.471
local,local-read64-round3-after.log,after,aztable,4,interactive,64,PASS,setup,80.633,38,
local,local-read64-round3-after.log,after,aztable,4,interactive,64,PASS,lifecycle,,312,2.695
local,local-read64-round3-after.log,after,aztable,4,stream,64,PASS,setup,53.625,38,
local,local-read64-round3-after.log,after,aztable,4,stream,64,PASS,lifecycle,,436,4.163
local,local-read64-round3-after.log,after,aztable,4,duplex,64,PASS,setup,54.233,38,
local,local-read64-round3-after.log,after,aztable,4,duplex,64,PASS,lifecycle,,996,3.501
local,local-read64-round3-after.log,after,aztable,4,wake,64,PASS,setup,55.977,38,
local,local-read64-round3-after.log,after,aztable,4,wake,64,PASS,lifecycle,,392,16.129
local,local-read64-round3-before.log,before,azblob,1,idle,64,PASS,setup,71.005,14,
local,local-read64-round3-before.log,before,azblob,1,idle,64,PASS,lifecycle,,96,7.939
local,local-read64-round3-before.log,before,azblob,1,interactive,64,PASS,setup,45.085,14,
local,local-read64-round3-before.log,before,azblob,1,interactive,64,PASS,lifecycle,,83,5.133
local,local-read64-round3-before.log,before,azblob,1,stream,64,PASS,setup,27.065,12,
local,local-read64-round3-before.log,before,azblob,1,stream,64,PASS,lifecycle,,179,1.491
local,local-read64-round3-before.log,before,azblob,1,duplex,64,PASS,setup,16.215,13,
local,local-read64-round3-before.log,before,azblob,1,duplex,64,PASS,lifecycle,,331,1.001
local,local-read64-round3-before.log,before,azblob,1,wake,64,PASS,setup,15.715,13,
local,local-read64-round3-before.log,before,azblob,1,wake,64,PASS,lifecycle,,94,7.680
local,local-read64-round3-before.log,before,azblob,4,idle,64,PASS,setup,112.034,46,
local,local-read64-round3-before.log,before,azblob,4,idle,64,PASS,lifecycle,,385,9.832
local,local-read64-round3-before.log,before,azblob,4,interactive,64,PASS,setup,75.063,45,
local,local-read64-round3-before.log,before,azblob,4,interactive,64,PASS,lifecycle,,315,2.021
local,local-read64-round3-before.log,before,azblob,4,stream,64,PASS,setup,59.992,44,
local,local-read64-round3-before.log,before,azblob,4,stream,64,PASS,lifecycle,,522,1.705
local,local-read64-round3-before.log,before,azblob,4,duplex,64,PASS,setup,62.153,44,
local,local-read64-round3-before.log,before,azblob,4,duplex,64,PASS,lifecycle,,835,1.826
local,local-read64-round3-before.log,before,azblob,4,wake,64,PASS,setup,57.133,42,
local,local-read64-round3-before.log,before,azblob,4,wake,64,PASS,lifecycle,,390,3.529
local,local-read64-round3-before.log,before,azqueue,1,idle,64,PASS,setup,24.051,12,
local,local-read64-round3-before.log,before,azqueue,1,idle,64,PASS,lifecycle,,95,10.685
local,local-read64-round3-before.log,before,azqueue,1,interactive,64,PASS,setup,30.426,12,
local,local-read64-round3-before.log,before,azqueue,1,interactive,64,PASS,lifecycle,,114,2.558
local,local-read64-round3-before.log,before,azqueue,1,stream,64,PASS,setup,19.475,12,
local,local-read64-round3-before.log,before,azqueue,1,stream,64,PASS,lifecycle,,482,1.325
local,local-read64-round3-before.log,before,azqueue,1,duplex,64,PASS,setup,15.843,12,
local,local-read64-round3-before.log,before,azqueue,1,duplex,64,PASS,lifecycle,,951,1.239
local,local-read64-round3-before.log,before,azqueue,1,wake,64,PASS,setup,15.190,11,
local,local-read64-round3-before.log,before,azqueue,1,wake,64,PASS,lifecycle,,98,8.286
local,local-read64-round3-before.log,before,azqueue,4,idle,64,PASS,setup,105.098,42,
local,local-read64-round3-before.log,before,azqueue,4,idle,64,PASS,lifecycle,,372,11.275
local,local-read64-round3-before.log,before,azqueue,4,interactive,64,PASS,setup,113.734,44,
local,local-read64-round3-before.log,before,azqueue,4,interactive,64,PASS,lifecycle,,446,1.771
local,local-read64-round3-before.log,before,azqueue,4,stream,64,PASS,setup,60.143,38,
local,local-read64-round3-before.log,before,azqueue,4,stream,64,PASS,lifecycle,,2746,1.693
local,local-read64-round3-before.log,before,azqueue,4,duplex,64,PASS,setup,59.046,38,
local,local-read64-round3-before.log,before,azqueue,4,duplex,64,PASS,lifecycle,,9523,1.951
local,local-read64-round3-before.log,before,azqueue,4,wake,64,PASS,setup,59.299,38,
local,local-read64-round3-before.log,before,azqueue,4,wake,64,PASS,lifecycle,,397,4.183
local,local-read64-round3-before.log,before,aztable,1,idle,64,PASS,setup,23.377,11,
local,local-read64-round3-before.log,before,aztable,1,idle,64,PASS,lifecycle,,96,17.116
local,local-read64-round3-before.log,before,aztable,1,interactive,64,PASS,setup,27.090,11,
local,local-read64-round3-before.log,before,aztable,1,interactive,64,PASS,lifecycle,,81,8.836
local,local-read64-round3-before.log,before,aztable,1,stream,64,PASS,setup,24.969,11,
local,local-read64-round3-before.log,before,aztable,1,stream,64,PASS,lifecycle,,100,3.127
local,local-read64-round3-before.log,before,aztable,1,duplex,64,PASS,setup,18.790,11,
local,local-read64-round3-before.log,before,aztable,1,duplex,64,PASS,lifecycle,,184,1.986
local,local-read64-round3-before.log,before,aztable,1,wake,64,PASS,setup,14.647,11,
local,local-read64-round3-before.log,before,aztable,1,wake,64,PASS,lifecycle,,100,8.115
local,local-read64-round3-before.log,before,aztable,4,idle,64,PASS,setup,88.597,38,
local,local-read64-round3-before.log,before,aztable,4,idle,64,PASS,lifecycle,,371,18.614
local,local-read64-round3-before.log,before,aztable,4,interactive,64,PASS,setup,71.602,38,
local,local-read64-round3-before.log,before,aztable,4,interactive,64,PASS,lifecycle,,312,2.600
local,local-read64-round3-before.log,before,aztable,4,stream,64,PASS,setup,52.637,38,
local,local-read64-round3-before.log,before,aztable,4,stream,64,PASS,lifecycle,,418,3.016
local,local-read64-round3-before.log,before,aztable,4,duplex,64,PASS,setup,52.554,38,
local,local-read64-round3-before.log,before,aztable,4,duplex,64,PASS,lifecycle,,987,3.025
local,local-read64-round3-before.log,before,aztable,4,wake,64,PASS,setup,56.281,38,
local,local-read64-round3-before.log,before,aztable,4,wake,64,PASS,lifecycle,,388,10.630
local,local-read65536-round1-after.log,after,azblob,1,stream,65536,PASS,setup,32.925,14,
local,local-read65536-round1-after.log,after,azblob,1,stream,65536,PASS,lifecycle,,244,1.340
local,local-read65536-round1-after.log,after,azblob,4,stream,65536,PASS,setup,62.061,46,
local,local-read65536-round1-after.log,after,azblob,4,stream,65536,PASS,lifecycle,,668,2.333
local,local-read65536-round1-after.log,after,azqueue,1,stream,65536,PASS,setup,17.346,12,
local,local-read65536-round1-after.log,after,azqueue,1,stream,65536,PASS,lifecycle,,491,1.494
local,local-read65536-round1-after.log,after,azqueue,4,stream,65536,PASS,setup,69.003,42,
local,local-read65536-round1-after.log,after,azqueue,4,stream,65536,PASS,lifecycle,,2921,1.454
local,local-read65536-round1-after.log,after,aztable,1,stream,65536,PASS,setup,16.138,11,
local,local-read65536-round1-after.log,after,aztable,1,stream,65536,PASS,lifecycle,,100,1.826
local,local-read65536-round1-after.log,after,aztable,4,stream,65536,PASS,setup,55.716,38,
local,local-read65536-round1-after.log,after,aztable,4,stream,65536,PASS,lifecycle,,434,3.763
local,local-read65536-round1-before.log,before,azblob,1,stream,65536,PASS,setup,26.942,14,
local,local-read65536-round1-before.log,before,azblob,1,stream,65536,PASS,lifecycle,,247,1.305
local,local-read65536-round1-before.log,before,azblob,4,stream,65536,PASS,setup,62.242,46,
local,local-read65536-round1-before.log,before,azblob,4,stream,65536,PASS,lifecycle,,706,2.095
local,local-read65536-round1-before.log,before,azqueue,1,stream,65536,PASS,setup,17.405,11,
local,local-read65536-round1-before.log,before,azqueue,1,stream,65536,PASS,lifecycle,,479,1.392
local,local-read65536-round1-before.log,before,azqueue,4,stream,65536,PASS,setup,68.786,42,
local,local-read65536-round1-before.log,before,azqueue,4,stream,65536,PASS,lifecycle,,2969,1.719
local,local-read65536-round1-before.log,before,aztable,1,stream,65536,PASS,setup,16.673,11,
local,local-read65536-round1-before.log,before,aztable,1,stream,65536,PASS,lifecycle,,100,1.625
local,local-read65536-round1-before.log,before,aztable,4,stream,65536,PASS,setup,56.738,38,
local,local-read65536-round1-before.log,before,aztable,4,stream,65536,PASS,lifecycle,,442,2.967
local,local-read65536-round2-after.log,after,azblob,1,stream,65536,PASS,setup,28.535,13,
local,local-read65536-round2-after.log,after,azblob,1,stream,65536,PASS,lifecycle,,250,1.383
local,local-read65536-round2-after.log,after,azblob,4,stream,65536,PASS,setup,62.735,46,
local,local-read65536-round2-after.log,after,azblob,4,stream,65536,PASS,lifecycle,,727,2.329
local,local-read65536-round2-after.log,after,azqueue,1,stream,65536,PASS,setup,17.691,12,
local,local-read65536-round2-after.log,after,azqueue,1,stream,65536,PASS,lifecycle,,519,1.371
local,local-read65536-round2-after.log,after,azqueue,4,stream,65536,PASS,setup,66.749,41,
local,local-read65536-round2-after.log,after,azqueue,4,stream,65536,PASS,lifecycle,,2882,1.879
local,local-read65536-round2-after.log,after,aztable,1,stream,65536,PASS,setup,15.035,11,
local,local-read65536-round2-after.log,after,aztable,1,stream,65536,PASS,lifecycle,,100,1.999
local,local-read65536-round2-after.log,after,aztable,4,stream,65536,PASS,setup,57.709,38,
local,local-read65536-round2-after.log,after,aztable,4,stream,65536,PASS,lifecycle,,428,2.719
local,local-read65536-round2-before.log,before,azblob,1,stream,65536,PASS,setup,30.310,14,
local,local-read65536-round2-before.log,before,azblob,1,stream,65536,PASS,lifecycle,,246,1.163
local,local-read65536-round2-before.log,before,azblob,4,stream,65536,PASS,setup,60.866,45,
local,local-read65536-round2-before.log,before,azblob,4,stream,65536,PASS,lifecycle,,662,1.572
local,local-read65536-round2-before.log,before,azqueue,1,stream,65536,PASS,setup,16.953,11,
local,local-read65536-round2-before.log,before,azqueue,1,stream,65536,PASS,lifecycle,,438,1.716
local,local-read65536-round2-before.log,before,azqueue,4,stream,65536,PASS,setup,69.218,41,
local,local-read65536-round2-before.log,before,azqueue,4,stream,65536,PASS,lifecycle,,2922,1.762
local,local-read65536-round2-before.log,before,aztable,1,stream,65536,PASS,setup,15.340,11,
local,local-read65536-round2-before.log,before,aztable,1,stream,65536,PASS,lifecycle,,100,1.604
local,local-read65536-round2-before.log,before,aztable,4,stream,65536,PASS,setup,53.474,38,
local,local-read65536-round2-before.log,before,aztable,4,stream,65536,PASS,lifecycle,,434,2.811
local,local-read65536-round3-after.log,after,azblob,1,stream,65536,PASS,setup,35.704,15,
local,local-read65536-round3-after.log,after,azblob,1,stream,65536,PASS,lifecycle,,245,1.206
local,local-read65536-round3-after.log,after,azblob,4,stream,65536,PASS,setup,60.517,44,
local,local-read65536-round3-after.log,after,azblob,4,stream,65536,PASS,lifecycle,,641,1.901
local,local-read65536-round3-after.log,after,azqueue,1,stream,65536,PASS,setup,17.433,12,
local,local-read65536-round3-after.log,after,azqueue,1,stream,65536,PASS,lifecycle,,472,1.547
local,local-read65536-round3-after.log,after,azqueue,4,stream,65536,PASS,setup,65.973,41,
local,local-read65536-round3-after.log,after,azqueue,4,stream,65536,PASS,lifecycle,,2890,1.871
local,local-read65536-round3-after.log,after,aztable,1,stream,65536,PASS,setup,16.428,11,
local,local-read65536-round3-after.log,after,aztable,1,stream,65536,PASS,lifecycle,,100,1.889
local,local-read65536-round3-after.log,after,aztable,4,stream,65536,PASS,setup,53.727,38,
local,local-read65536-round3-after.log,after,aztable,4,stream,65536,PASS,lifecycle,,431,2.471
local,local-read65536-round3-before.log,before,azblob,1,stream,65536,PASS,setup,29.483,15,
local,local-read65536-round3-before.log,before,azblob,1,stream,65536,PASS,lifecycle,,247,1.255
local,local-read65536-round3-before.log,before,azblob,4,stream,65536,PASS,setup,60.451,46,
local,local-read65536-round3-before.log,before,azblob,4,stream,65536,PASS,lifecycle,,696,1.909
local,local-read65536-round3-before.log,before,azqueue,1,stream,65536,PASS,setup,17.115,12,
local,local-read65536-round3-before.log,before,azqueue,1,stream,65536,PASS,lifecycle,,455,1.141
local,local-read65536-round3-before.log,before,azqueue,4,stream,65536,PASS,setup,65.330,41,
local,local-read65536-round3-before.log,before,azqueue,4,stream,65536,PASS,lifecycle,,2929,1.754
local,local-read65536-round3-before.log,before,aztable,1,stream,65536,PASS,setup,16.139,11,
local,local-read65536-round3-before.log,before,aztable,1,stream,65536,PASS,lifecycle,,100,2.729
local,local-read65536-round3-before.log,before,aztable,4,stream,65536,PASS,setup,56.829,38,
local,local-read65536-round3-before.log,before,aztable,4,stream,65536,PASS,lifecycle,,428,2.348
sustained,sustained-read64-round1-after.log,after,azblob,1,stream,64,PASS,setup,52.649,19,
sustained,sustained-read64-round1-after.log,after,azblob,1,stream,64,PASS,lifecycle,,1590,1.496
sustained,sustained-read64-round1-after.log,after,azblob,4,stream,64,PASS,setup,66.168,45,
sustained,sustained-read64-round1-after.log,after,azblob,4,stream,64,PASS,lifecycle,,4466,2.131
sustained,sustained-read64-round1-after.log,after,azqueue,1,stream,64,PASS,setup,18.039,12,
sustained,sustained-read64-round1-after.log,after,azqueue,1,stream,64,PASS,lifecycle,,4118,1.338
sustained,sustained-read64-round1-after.log,after,azqueue,4,stream,64,PASS,setup,66.535,42,
sustained,sustained-read64-round1-after.log,after,azqueue,4,stream,64,PASS,lifecycle,,23292,1.592
sustained,sustained-read64-round1-after.log,after,aztable,1,stream,64,PASS,setup,15.736,11,
sustained,sustained-read64-round1-after.log,after,aztable,1,stream,64,PASS,lifecycle,,665,5.952
sustained,sustained-read64-round1-after.log,after,aztable,4,stream,64,PASS,setup,67.410,38,
sustained,sustained-read64-round1-after.log,after,aztable,4,stream,64,PASS,lifecycle,,3051,3.172
sustained,sustained-read64-round1-before.log,before,azblob,1,stream,64,PASS,setup,78.906,13,
sustained,sustained-read64-round1-before.log,before,azblob,1,stream,64,PASS,lifecycle,,1210,1.758
sustained,sustained-read64-round1-before.log,before,azblob,4,stream,64,PASS,setup,66.043,44,
sustained,sustained-read64-round1-before.log,before,azblob,4,stream,64,PASS,lifecycle,,3729,1.823
sustained,sustained-read64-round1-before.log,before,azqueue,1,stream,64,PASS,setup,16.163,12,
sustained,sustained-read64-round1-before.log,before,azqueue,1,stream,64,PASS,lifecycle,,3927,1.067
sustained,sustained-read64-round1-before.log,before,azqueue,4,stream,64,PASS,setup,66.582,42,
sustained,sustained-read64-round1-before.log,before,azqueue,4,stream,64,PASS,lifecycle,,21666,1.698
sustained,sustained-read64-round1-before.log,before,aztable,1,stream,64,PASS,setup,17.372,11,
sustained,sustained-read64-round1-before.log,before,aztable,1,stream,64,PASS,lifecycle,,665,5.846
sustained,sustained-read64-round1-before.log,before,aztable,4,stream,64,PASS,setup,68.709,38,
sustained,sustained-read64-round1-before.log,before,aztable,4,stream,64,PASS,lifecycle,,2917,2.916
sustained,sustained-read64-round2-after.log,after,azblob,1,stream,64,PASS,setup,47.281,13,
sustained,sustained-read64-round2-after.log,after,azblob,1,stream,64,PASS,lifecycle,,1760,1.393
sustained,sustained-read64-round2-after.log,after,azblob,4,stream,64,PASS,setup,62.588,45,
sustained,sustained-read64-round2-after.log,after,azblob,4,stream,64,PASS,lifecycle,,4688,2.015
sustained,sustained-read64-round2-after.log,after,azqueue,1,stream,64,PASS,setup,16.260,11,
sustained,sustained-read64-round2-after.log,after,azqueue,1,stream,64,PASS,lifecycle,,4254,1.483
sustained,sustained-read64-round2-after.log,after,azqueue,4,stream,64,PASS,setup,70.070,42,
sustained,sustained-read64-round2-after.log,after,azqueue,4,stream,64,PASS,lifecycle,,23246,1.565
sustained,sustained-read64-round2-after.log,after,aztable,1,stream,64,PASS,setup,14.761,11,
sustained,sustained-read64-round2-after.log,after,aztable,1,stream,64,PASS,lifecycle,,665,6.500
sustained,sustained-read64-round2-after.log,after,aztable,4,stream,64,PASS,setup,67.413,38,
sustained,sustained-read64-round2-after.log,after,aztable,4,stream,64,PASS,lifecycle,,3093,3.198
sustained,sustained-read64-round2-before.log,before,azblob,1,stream,64,PASS,setup,54.761,21,
sustained,sustained-read64-round2-before.log,before,azblob,1,stream,64,PASS,lifecycle,,1499,1.375
sustained,sustained-read64-round2-before.log,before,azblob,4,stream,64,PASS,setup,65.481,46,
sustained,sustained-read64-round2-before.log,before,azblob,4,stream,64,PASS,lifecycle,,4533,1.722
sustained,sustained-read64-round2-before.log,before,azqueue,1,stream,64,PASS,setup,16.833,12,
sustained,sustained-read64-round2-before.log,before,azqueue,1,stream,64,PASS,lifecycle,,3901,1.373
sustained,sustained-read64-round2-before.log,before,azqueue,4,stream,64,PASS,setup,65.272,42,
sustained,sustained-read64-round2-before.log,before,azqueue,4,stream,64,PASS,lifecycle,,22188,1.537
sustained,sustained-read64-round2-before.log,before,aztable,1,stream,64,PASS,setup,16.347,11,
sustained,sustained-read64-round2-before.log,before,aztable,1,stream,64,PASS,lifecycle,,665,17.998
sustained,sustained-read64-round2-before.log,before,aztable,4,stream,64,PASS,setup,69.596,38,
sustained,sustained-read64-round2-before.log,before,aztable,4,stream,64,PASS,lifecycle,,2872,3.127
sustained,sustained-read64-round3-after.log,after,azblob,1,stream,64,PASS,setup,114.547,18,
sustained,sustained-read64-round3-after.log,after,azblob,1,stream,64,PASS,lifecycle,,1592,1.449
sustained,sustained-read64-round3-after.log,after,azblob,4,stream,64,PASS,setup,90.295,49,
sustained,sustained-read64-round3-after.log,after,azblob,4,stream,64,PASS,lifecycle,,4474,1.434
sustained,sustained-read64-round3-after.log,after,azqueue,1,stream,64,PASS,setup,15.942,11,
sustained,sustained-read64-round3-after.log,after,azqueue,1,stream,64,PASS,lifecycle,,3840,1.675
sustained,sustained-read64-round3-after.log,after,azqueue,4,stream,64,PASS,setup,67.043,42,
sustained,sustained-read64-round3-after.log,after,azqueue,4,stream,64,PASS,lifecycle,,22770,1.612
sustained,sustained-read64-round3-after.log,after,aztable,1,stream,64,PASS,setup,16.116,11,
sustained,sustained-read64-round3-after.log,after,aztable,1,stream,64,PASS,lifecycle,,665,3.944
sustained,sustained-read64-round3-after.log,after,aztable,4,stream,64,PASS,setup,66.322,38,
sustained,sustained-read64-round3-after.log,after,aztable,4,stream,64,PASS,lifecycle,,3058,2.872
sustained,sustained-read64-round3-before.log,before,azblob,1,stream,64,PASS,setup,45.968,13,
sustained,sustained-read64-round3-before.log,before,azblob,1,stream,64,PASS,lifecycle,,1320,1.382
sustained,sustained-read64-round3-before.log,before,azblob,4,stream,64,PASS,setup,66.539,44,
sustained,sustained-read64-round3-before.log,before,azblob,4,stream,64,PASS,lifecycle,,3844,1.612
sustained,sustained-read64-round3-before.log,before,azqueue,1,stream,64,PASS,setup,16.331,11,
sustained,sustained-read64-round3-before.log,before,azqueue,1,stream,64,PASS,lifecycle,,4127,1.346
sustained,sustained-read64-round3-before.log,before,azqueue,4,stream,64,PASS,setup,65.091,42,
sustained,sustained-read64-round3-before.log,before,azqueue,4,stream,64,PASS,lifecycle,,22294,1.677
sustained,sustained-read64-round3-before.log,before,aztable,1,stream,64,PASS,setup,14.413,11,
sustained,sustained-read64-round3-before.log,before,aztable,1,stream,64,PASS,lifecycle,,665,8.556
sustained,sustained-read64-round3-before.log,before,aztable,4,stream,64,PASS,setup,72.311,38,
sustained,sustained-read64-round3-before.log,before,aztable,4,stream,64,PASS,lifecycle,,2877,4.146
