source,driver,connections,workload,write_size,seconds,app_bytes,MiBps,latency_kind,samples,p50_us,p95_us,p99_us,alloc_bytes,allocations,peak_heap_bytes,peak_heap_delta_bytes,SDK_attempts,attempts_per_MiB,idle_attempts_per_session_hour,transport_sent,transport_received,read_size,read_samples,read_p50_ns,read_p95_ns,read_p99_ns
round1-write1048576.log,azblob,1,stream,1048576,3.218374,4194304,1.2429,write,4,148253,838405,838405,16508904,3415,14813664,13450648,14,3.500,0.0,4194429,4194429,65536,64,17333,647458,1654465917
round1-write1048576.log,azqueue,1,stream,1048576,4.028367,4194304,0.9930,write,4,968935,1074383,1074383,95018552,59875,31465128,21240304,217,54.250,0.0,4196529,4196529,65536,88,73208,162456125,230496875
round1-write1048576.log,aztable,1,stream,1048576,1.069534,4194304,3.7399,write,4,164802,256419,256419,133262600,8743,45105328,32014880,20,5.000,0.0,4194529,4194529,65536,68,2750,49996333,472935875
round1-write262144.log,azblob,1,stream,262144,2.993131,4194304,1.3364,write,16,142303,535711,535711,5491776,9460,6194632,4899424,37,9.250,0.0,4194729,4194729,65536,64,10458,230364708,900260625
round1-write262144.log,azqueue,1,stream,262144,3.869971,4194304,1.0336,write,16,223951,324612,324612,91829424,64957,10624712,7184752,234,58.500,0.0,4196729,4196729,65536,96,71584,156246417,170941417
round1-write262144.log,aztable,1,stream,262144,1.381847,4194304,2.8947,write,16,56761,161148,161148,110097448,13846,20252672,15549960,35,8.750,0.0,4194729,4194729,65536,64,3416,109372375,324004208
round1-write65536.log,azblob,1,stream,65536,10.037420,4194304,0.3985,write,64,144289,195298,406507,5584808,36144,4018840,2600640,140,35.000,0.0,4195929,4195929,65536,64,131570292,301760791,655683291
round1-write65536.log,azqueue,1,stream,65536,4.756240,4194304,0.8410,write,64,70194,89066,108409,97961440,84224,6046000,4162152,311,77.750,0.0,4197529,4197529,65536,128,71083,112197625,155634667
round1-write65536.log,aztable,1,stream,65536,2.874427,4194304,1.3916,write,64,40021,78433,128539,104534880,38482,8770616,5908440,113,28.250,0.0,4195929,4195929,65536,64,57939208,86136833,164880333
round2-write1048576.log,azblob,1,stream,1048576,3.298663,4194304,1.2126,write,4,150518,856679,856679,16495136,3408,15333496,13896736,14,3.500,0.0,4194429,4194429,65536,64,11292,660875,1687645750
round2-write1048576.log,azqueue,1,stream,1048576,3.882774,4194304,1.0302,write,4,908004,1003837,1003837,94114736,57857,26155528,17976744,217,54.250,0.0,4196529,4196529,65536,88,58500,159758750,218295958
round2-write1048576.log,aztable,1,stream,1048576,1.078593,4194304,3.7085,write,4,165500,258707,258707,133926392,8689,49194720,38568392,20,5.000,0.0,4194529,4194529,65536,68,2958,146383792,481714041
round2-write262144.log,azblob,1,stream,262144,3.266422,4194304,1.2246,write,16,144127,551458,551458,5291648,7298,5943624,4652472,29,7.250,0.0,4194729,4194729,65536,64,9833,395514083,1036138208
round2-write262144.log,azqueue,1,stream,262144,4.076367,4194304,0.9813,write,16,232364,337276,337276,91409408,63555,10615352,7201336,237,59.250,0.0,4196729,4196729,65536,96,58167,139425084,167844583
round2-write262144.log,aztable,1,stream,262144,1.187463,4194304,3.3685,write,16,50980,135658,135658,109803712,12672,17849384,13357576,30,7.500,0.0,4194729,4194729,65536,64,2583,123901084,305538542
round2-write65536.log,azblob,1,stream,65536,8.591928,4194304,0.4656,write,64,125793,142561,354827,5378152,35316,4014344,2649016,136,34.000,0.0,4195929,4195929,65536,64,120735917,241597500,483331833
round2-write65536.log,azqueue,1,stream,65536,4.860930,4194304,0.8229,write,64,71560,101014,113734,97948936,85841,6540576,4738152,310,77.500,0.0,4197529,4197529,65536,128,54833,130037083,171147042
round2-write65536.log,aztable,1,stream,65536,2.807061,4194304,1.4250,write,64,40104,59373,83647,103146560,37489,8884808,5883096,109,27.250,0.0,4195929,4195929,65536,64,59632334,90016000,164185333
round3-write1048576.log,azblob,1,stream,1048576,3.106178,4194304,1.2878,write,4,268074,753996,753996,16507880,3691,17020272,15651872,15,3.750,0.0,4194429,4194429,65536,64,10500,926209,1613647250
round3-write1048576.log,azqueue,1,stream,1048576,3.696637,4194304,1.0821,write,4,864729,969781,969781,94505272,58016,26800952,16301336,214,53.500,0.0,4196529,4196529,65536,88,73500,153062584,195172292
round3-write1048576.log,aztable,1,stream,1048576,1.087172,4194304,3.6793,write,4,167341,257142,257142,124895480,8670,49261848,38547000,20,5.000,0.0,4194529,4194529,65536,68,2500,52967667,483670125
round3-write262144.log,azblob,1,stream,262144,3.038282,4194304,1.3165,write,16,144006,525729,525729,5525104,9688,5948832,4560672,38,9.500,0.0,4194729,4194729,65536,64,10458,226348125,879700583
round3-write262144.log,azqueue,1,stream,262144,3.917454,4194304,1.0211,write,16,230412,292889,292889,91139720,63749,10347272,6235424,238,59.500,0.0,4196729,4196729,65536,96,75208,111040792,163532417
round3-write262144.log,aztable,1,stream,262144,1.467337,4194304,2.7260,write,16,55713,360033,360033,108997280,14808,16096208,11721144,40,10.000,0.0,4194729,4194729,65536,64,2500,139769417,433134500
round3-write65536.log,azblob,1,stream,65536,8.879869,4194304,0.4505,write,64,120782,232835,398460,5787968,34434,4239112,2773528,133,33.250,0.0,4195929,4195929,65536,64,128985000,257893583,571425750
round3-write65536.log,azqueue,1,stream,65536,4.832802,4194304,0.8277,write,64,68876,96263,187533,97784864,84233,6449088,4528792,312,78.000,0.0,4197529,4197529,65536,128,68625,106584000,164843750
round3-write65536.log,aztable,1,stream,65536,3.320160,4194304,1.2048,write,64,40327,67592,564528,104719048,41415,9209424,6106536,127,31.750,0.0,4195929,4195929,65536,64,58935584,81863125,557867666
