source,variant,read_size,ns_per_transfer,MBps,bytes_per_transfer,allocs_per_transfer
micro-round1-after.log,after,1,3318509,19.75,3425,27
micro-round1-after.log,after,64,78260,837.41,1538,27
micro-round1-after.log,after,1024,29702,2206.48,1512,27
micro-round1-after.log,after,32768,27169,2412.14,1510,27
micro-round1-after.log,after,65536,27171,2411.98,1510,27
micro-round1-before.log,before,1,19030000,3.44,16790365,262164
micro-round1-before.log,before,64,321722,203.7,263576,4119
micro-round1-before.log,before,1024,45977,1425.41,17652,279
micro-round1-before.log,before,32768,28653,2287.25,1769,31
micro-round1-before.log,before,65536,28149,2328.17,1513,27
micro-round2-after.log,after,1,3311407,19.79,3308,27
micro-round2-after.log,after,64,78383,836.1,1538,27
micro-round2-after.log,after,1024,29800,2199.17,1512,27
micro-round2-after.log,after,32768,27216,2408.02,1510,27
micro-round2-after.log,after,65536,27120,2416.51,1510,27
micro-round2-before.log,before,1,18921715,3.46,16790219,262164
micro-round2-before.log,before,64,322993,202.9,263581,4119
micro-round2-before.log,before,1024,45651,1435.57,17651,279
micro-round2-before.log,before,32768,28631,2288.99,1769,31
micro-round2-before.log,before,65536,28417,2306.24,1513,27
micro-round3-after.log,after,1,3302846,19.84,3308,27
micro-round3-after.log,after,64,79523,824.11,1538,27
micro-round3-after.log,after,1024,30113,2176.32,1512,27
micro-round3-after.log,after,32768,27166,2412.43,1510,27
micro-round3-after.log,after,65536,27124,2416.17,1510,27
micro-round3-before.log,before,1,18931114,3.46,16790220,262164
micro-round3-before.log,before,64,325139,201.56,263584,4119
micro-round3-before.log,before,1024,45761,1432.15,17653,279
micro-round3-before.log,before,32768,28730,2281.09,1769,31
micro-round3-before.log,before,65536,28364,2310.54,1513,27
micro-round4-after.log,after,1,3312010,19.79,3313,27
micro-round4-after.log,after,64,77886,841.44,1538,27
micro-round4-after.log,after,1024,29661,2209.53,1512,27
micro-round4-after.log,after,32768,27294,2401.12,1510,27
micro-round4-after.log,after,65536,27091,2419.14,1510,27
micro-round4-before.log,before,1,18882034,3.47,16790063,262164
micro-round4-before.log,before,64,323216,202.76,263577,4119
micro-round4-before.log,before,1024,45715,1433.59,17651,279
micro-round4-before.log,before,32768,28648,2287.65,1769,31
micro-round4-before.log,before,65536,28445,2303.95,1513,27
micro-round5-after.log,after,1,3306679,19.82,3308,27
micro-round5-after.log,after,64,78539,834.44,1538,27
micro-round5-after.log,after,1024,29718,2205.23,1512,27
micro-round5-after.log,after,32768,27261,2404.05,1510,27
micro-round5-after.log,after,65536,27010,2426.33,1510,27
micro-round5-before.log,before,1,18959345,3.46,16790017,262164
micro-round5-before.log,before,64,327064,200.38,263581,4119
micro-round5-before.log,before,1024,47255,1386.84,17652,279
micro-round5-before.log,before,32768,28729,2281.16,1769,31
micro-round5-before.log,before,65536,28392,2308.25,1513,27
