environment,source,variant,read_size,real,user,sys
live,live-read64-round1-after.log,after,64,163.86,15.90,8.97
live,live-read64-round1-before.log,before,64,168.53,18.17,8.96
live,live-read64-round2-after.log,after,64,163.16,15.95,8.93
live,live-read64-round2-before.log,before,64,164.19,18.48,9.94
live,live-read64-round3-after.log,after,64,164.24,16.63,9.91
live,live-read64-round3-before.log,before,64,247.25,21.38,14.12
local,local-read1024-round1-after.log,after,1024,2.43,1.90,0.81
local,local-read1024-round1-before.log,before,1024,2.72,1.92,0.86
local,local-read1024-round2-after.log,after,1024,2.73,1.93,0.89
local,local-read1024-round2-before.log,before,1024,2.62,1.89,0.80
local,local-read1024-round3-after.log,after,1024,2.66,1.95,0.86
local,local-read1024-round3-before.log,before,1024,2.70,1.91,0.83
local,local-read64-round1-after.log,after,64,23.36,7.49,4.64
local,local-read64-round1-before.log,before,64,23.35,8.38,4.52
local,local-read64-round2-after.log,after,64,22.61,7.51,4.65
local,local-read64-round2-before.log,before,64,23.09,8.42,4.51
local,local-read64-round3-after.log,after,64,22.54,7.47,4.54
local,local-read64-round3-before.log,before,64,22.51,8.33,4.34
local,local-read65536-round1-after.log,after,65536,2.62,1.90,0.84
local,local-read65536-round1-before.log,before,65536,2.64,1.91,0.84
local,local-read65536-round2-after.log,after,65536,2.66,1.93,0.90
local,local-read65536-round2-before.log,before,65536,2.51,1.94,0.87
local,local-read65536-round3-after.log,after,65536,2.53,1.90,0.84
local,local-read65536-round3-before.log,before,65536,2.57,1.91,0.83
sustained,sustained-read64-round1-after.log,after,64,19.66,15.47,6.78
sustained,sustained-read64-round1-before.log,before,64,19.38,17.94,6.68
sustained,sustained-read64-round2-after.log,after,64,19.70,15.24,6.63
sustained,sustained-read64-round2-before.log,before,64,19.82,17.98,6.75
sustained,sustained-read64-round3-after.log,after,64,19.27,15.42,6.80
sustained,sustained-read64-round3-before.log,before,64,19.90,17.91,6.70
