round,account,status,dns,connect,tls,ttfb,total
1,premiumblob,400,0.002313,0.130868,0.407143,0.536377,0.536801
1,standardacct,400,0.004596,0.034547,0.101564,0.127829,0.12813
2,standardacct,400,0.004721,0.033642,0.101159,0.127091,0.127409
2,premiumblob,400,0.004413,0.119513,0.370198,0.486699,0.487025
3,premiumblob,400,0.004712,0.116226,0.358094,0.469611,0.470004
3,standardacct,400,0.004832,0.028632,0.092728,0.117134,0.117247
4,standardacct,400,0.004252,0.027943,0.091373,0.119589,0.119661
4,premiumblob,400,0.00463,0.117941,0.367121,0.480731,0.481124
5,premiumblob,400,0.005306,0.131911,0.4047,0.53147,0.531795
5,standardacct,400,0.004599,0.028838,0.094908,0.120201,0.120283
