environment,source,variant,driver,connections,workload,read_size,case_status,lifecycle_seconds
diagnostic,diagnostic-read64-round1-after.log,after,azblob,4,wake,64,PASS,6.98
diagnostic,diagnostic-read64-round1-before.log,before,azblob,4,wake,64,PASS,7.21
diagnostic,diagnostic-read64-round2-after.log,after,azblob,4,wake,64,PASS,6.97
diagnostic,diagnostic-read64-round2-before.log,before,azblob,4,wake,64,PASS,7.00
diagnostic,diagnostic-read64-round3-after.log,after,azblob,4,wake,64,PASS,6.63
diagnostic,diagnostic-read64-round3-before.log,before,azblob,4,wake,64,PASS,6.22
live,live-read64-round1-after.log,after,azblob,1,idle,64,PASS,3.53
live,live-read64-round1-after.log,after,azblob,1,interactive,64,PASS,10.95
live,live-read64-round1-after.log,after,azblob,1,stream,64,PASS,11.42
live,live-read64-round1-after.log,after,azblob,1,duplex,64,PASS,11.09
live,live-read64-round1-after.log,after,azblob,1,wake,64,PASS,3.07
live,live-read64-round1-after.log,after,azblob,4,idle,64,PASS,6.36
live,live-read64-round1-after.log,after,azblob,4,interactive,64,PASS,12.51
live,live-read64-round1-after.log,after,azblob,4,stream,64,PASS,15.05
live,live-read64-round1-after.log,after,azblob,4,duplex,64,PASS,14.81
live,live-read64-round1-after.log,after,azblob,4,wake,64,PASS,6.40
live,live-read64-round1-after.log,after,azqueue,1,idle,64,PASS,1.58
live,live-read64-round1-after.log,after,azqueue,1,interactive,64,PASS,3.15
live,live-read64-round1-after.log,after,azqueue,1,stream,64,PASS,5.11
live,live-read64-round1-after.log,after,azqueue,1,duplex,64,PASS,5.32
live,live-read64-round1-after.log,after,azqueue,1,wake,64,PASS,1.53
live,live-read64-round1-after.log,after,azqueue,4,idle,64,PASS,2.24
live,live-read64-round1-after.log,after,azqueue,4,interactive,64,PASS,4.14
live,live-read64-round1-after.log,after,azqueue,4,stream,64,PASS,6.50
live,live-read64-round1-after.log,after,azqueue,4,duplex,64,PASS,8.18
live,live-read64-round1-after.log,after,azqueue,4,wake,64,PASS,2.27
live,live-read64-round1-after.log,after,aztable,1,idle,64,PASS,1.68
live,live-read64-round1-after.log,after,aztable,1,interactive,64,PASS,2.21
live,live-read64-round1-after.log,after,aztable,1,stream,64,PASS,3.30
live,live-read64-round1-after.log,after,aztable,1,duplex,64,PASS,3.66
live,live-read64-round1-after.log,after,aztable,1,wake,64,PASS,1.45
live,live-read64-round1-after.log,after,aztable,4,idle,64,PASS,2.20
live,live-read64-round1-after.log,after,aztable,4,interactive,64,PASS,3.21
live,live-read64-round1-after.log,after,aztable,4,stream,64,PASS,4.14
live,live-read64-round1-after.log,after,aztable,4,duplex,64,PASS,4.52
live,live-read64-round1-after.log,after,aztable,4,wake,64,PASS,2.24
live,live-read64-round1-before.log,before,azblob,1,idle,64,PASS,3.37
live,live-read64-round1-before.log,before,azblob,1,interactive,64,PASS,10.84
live,live-read64-round1-before.log,before,azblob,1,stream,64,PASS,11.34
live,live-read64-round1-before.log,before,azblob,1,duplex,64,PASS,11.08
live,live-read64-round1-before.log,before,azblob,1,wake,64,PASS,2.96
live,live-read64-round1-before.log,before,azblob,4,idle,64,PASS,6.54
live,live-read64-round1-before.log,before,azblob,4,interactive,64,PASS,13.55
live,live-read64-round1-before.log,before,azblob,4,stream,64,PASS,14.18
live,live-read64-round1-before.log,before,azblob,4,duplex,64,PASS,14.83
live,live-read64-round1-before.log,before,azblob,4,wake,64,PASS,6.07
live,live-read64-round1-before.log,before,azqueue,1,idle,64,PASS,1.64
live,live-read64-round1-before.log,before,azqueue,1,interactive,64,PASS,3.55
live,live-read64-round1-before.log,before,azqueue,1,stream,64,PASS,5.28
live,live-read64-round1-before.log,before,azqueue,1,duplex,64,PASS,5.55
live,live-read64-round1-before.log,before,azqueue,1,wake,64,PASS,1.48
live,live-read64-round1-before.log,before,azqueue,4,idle,64,PASS,2.29
live,live-read64-round1-before.log,before,azqueue,4,interactive,64,PASS,3.93
live,live-read64-round1-before.log,before,azqueue,4,stream,64,PASS,7.33
live,live-read64-round1-before.log,before,azqueue,4,duplex,64,PASS,11.85
live,live-read64-round1-before.log,before,azqueue,4,wake,64,PASS,2.23
live,live-read64-round1-before.log,before,aztable,1,idle,64,PASS,1.85
live,live-read64-round1-before.log,before,aztable,1,interactive,64,PASS,2.41
live,live-read64-round1-before.log,before,aztable,1,stream,64,PASS,3.27
live,live-read64-round1-before.log,before,aztable,1,duplex,64,PASS,3.14
live,live-read64-round1-before.log,before,aztable,1,wake,64,PASS,1.49
live,live-read64-round1-before.log,before,aztable,4,idle,64,PASS,2.20
live,live-read64-round1-before.log,before,aztable,4,interactive,64,PASS,2.92
live,live-read64-round1-before.log,before,aztable,4,stream,64,PASS,3.96
live,live-read64-round1-before.log,before,aztable,4,duplex,64,PASS,5.22
live,live-read64-round1-before.log,before,aztable,4,wake,64,PASS,2.21
live,live-read64-round2-after.log,after,azblob,1,idle,64,PASS,3.61
live,live-read64-round2-after.log,after,azblob,1,interactive,64,PASS,10.85
live,live-read64-round2-after.log,after,azblob,1,stream,64,PASS,11.20
live,live-read64-round2-after.log,after,azblob,1,duplex,64,PASS,11.07
live,live-read64-round2-after.log,after,azblob,1,wake,64,PASS,3.00
live,live-read64-round2-after.log,after,azblob,4,idle,64,PASS,6.36
live,live-read64-round2-after.log,after,azblob,4,interactive,64,PASS,13.39
live,live-read64-round2-after.log,after,azblob,4,stream,64,PASS,14.49
live,live-read64-round2-after.log,after,azblob,4,duplex,64,PASS,14.80
live,live-read64-round2-after.log,after,azblob,4,wake,64,PASS,6.17
live,live-read64-round2-after.log,after,azqueue,1,idle,64,PASS,1.63
live,live-read64-round2-after.log,after,azqueue,1,interactive,64,PASS,3.16
live,live-read64-round2-after.log,after,azqueue,1,stream,64,PASS,5.18
live,live-read64-round2-after.log,after,azqueue,1,duplex,64,PASS,5.27
live,live-read64-round2-after.log,after,azqueue,1,wake,64,PASS,1.46
live,live-read64-round2-after.log,after,azqueue,4,idle,64,PASS,2.16
live,live-read64-round2-after.log,after,azqueue,4,interactive,64,PASS,3.91
live,live-read64-round2-after.log,after,azqueue,4,stream,64,PASS,6.23
live,live-read64-round2-after.log,after,azqueue,4,duplex,64,PASS,7.60
live,live-read64-round2-after.log,after,azqueue,4,wake,64,PASS,2.37
live,live-read64-round2-after.log,after,aztable,1,idle,64,PASS,1.65
live,live-read64-round2-after.log,after,aztable,1,interactive,64,PASS,2.21
live,live-read64-round2-after.log,after,aztable,1,stream,64,PASS,3.41
live,live-read64-round2-after.log,after,aztable,1,duplex,64,PASS,3.39
live,live-read64-round2-after.log,after,aztable,1,wake,64,PASS,1.46
live,live-read64-round2-after.log,after,aztable,4,idle,64,PASS,2.29
live,live-read64-round2-after.log,after,aztable,4,interactive,64,PASS,3.14
live,live-read64-round2-after.log,after,aztable,4,stream,64,PASS,3.85
live,live-read64-round2-after.log,after,aztable,4,duplex,64,PASS,5.58
live,live-read64-round2-after.log,after,aztable,4,wake,64,PASS,2.24
live,live-read64-round2-before.log,before,azblob,1,idle,64,PASS,3.57
live,live-read64-round2-before.log,before,azblob,1,interactive,64,PASS,11.15
live,live-read64-round2-before.log,before,azblob,1,stream,64,PASS,10.98
live,live-read64-round2-before.log,before,azblob,1,duplex,64,PASS,11.41
live,live-read64-round2-before.log,before,azblob,1,wake,64,PASS,2.89
live,live-read64-round2-before.log,before,azblob,4,idle,64,PASS,6.15
live,live-read64-round2-before.log,before,azblob,4,interactive,64,PASS,13.62
live,live-read64-round2-before.log,before,azblob,4,stream,64,PASS,14.09
live,live-read64-round2-before.log,before,azblob,4,duplex,64,PASS,14.80
live,live-read64-round2-before.log,before,azblob,4,wake,64,PASS,6.58
live,live-read64-round2-before.log,before,azqueue,1,idle,64,PASS,1.63
live,live-read64-round2-before.log,before,azqueue,1,interactive,64,PASS,3.16
live,live-read64-round2-before.log,before,azqueue,1,stream,64,PASS,5.11
live,live-read64-round2-before.log,before,azqueue,1,duplex,64,PASS,6.37
live,live-read64-round2-before.log,before,azqueue,1,wake,64,PASS,1.49
live,live-read64-round2-before.log,before,azqueue,4,idle,64,PASS,2.22
live,live-read64-round2-before.log,before,azqueue,4,interactive,64,PASS,3.97
live,live-read64-round2-before.log,before,azqueue,4,stream,64,PASS,6.23
live,live-read64-round2-before.log,before,azqueue,4,duplex,64,PASS,8.11
live,live-read64-round2-before.log,before,azqueue,4,wake,64,PASS,2.20
live,live-read64-round2-before.log,before,aztable,1,idle,64,PASS,1.67
live,live-read64-round2-before.log,before,aztable,1,interactive,64,PASS,2.27
live,live-read64-round2-before.log,before,aztable,1,stream,64,PASS,3.24
live,live-read64-round2-before.log,before,aztable,1,duplex,64,PASS,3.09
live,live-read64-round2-before.log,before,aztable,1,wake,64,PASS,1.49
live,live-read64-round2-before.log,before,aztable,4,idle,64,PASS,2.27
live,live-read64-round2-before.log,before,aztable,4,interactive,64,PASS,2.98
live,live-read64-round2-before.log,before,aztable,4,stream,64,PASS,3.87
live,live-read64-round2-before.log,before,aztable,4,duplex,64,PASS,5.32
live,live-read64-round2-before.log,before,aztable,4,wake,64,PASS,2.19
live,live-read64-round3-after.log,after,azblob,1,idle,64,PASS,3.52
live,live-read64-round3-after.log,after,azblob,1,interactive,64,PASS,11.29
live,live-read64-round3-after.log,after,azblob,1,stream,64,PASS,11.53
live,live-read64-round3-after.log,after,azblob,1,duplex,64,PASS,11.33
live,live-read64-round3-after.log,after,azblob,1,wake,64,PASS,3.08
live,live-read64-round3-after.log,after,azblob,4,idle,64,PASS,6.52
live,live-read64-round3-after.log,after,azblob,4,interactive,64,PASS,13.65
live,live-read64-round3-after.log,after,azblob,4,stream,64,PASS,14.12
live,live-read64-round3-after.log,after,azblob,4,duplex,64,PASS,14.71
live,live-read64-round3-after.log,after,azblob,4,wake,64,PASS,6.31
live,live-read64-round3-after.log,after,azqueue,1,idle,64,PASS,1.63
live,live-read64-round3-after.log,after,azqueue,1,interactive,64,PASS,3.05
live,live-read64-round3-after.log,after,azqueue,1,stream,64,PASS,5.24
live,live-read64-round3-after.log,after,azqueue,1,duplex,64,PASS,5.40
live,live-read64-round3-after.log,after,azqueue,1,wake,64,PASS,1.49
live,live-read64-round3-after.log,after,azqueue,4,idle,64,PASS,2.16
live,live-read64-round3-after.log,after,azqueue,4,interactive,64,PASS,3.99
live,live-read64-round3-after.log,after,azqueue,4,stream,64,PASS,6.27
live,live-read64-round3-after.log,after,azqueue,4,duplex,64,PASS,8.29
live,live-read64-round3-after.log,after,azqueue,4,wake,64,PASS,2.32
live,live-read64-round3-after.log,after,aztable,1,idle,64,PASS,1.65
live,live-read64-round3-after.log,after,aztable,1,interactive,64,PASS,2.20
live,live-read64-round3-after.log,after,aztable,1,stream,64,PASS,3.27
live,live-read64-round3-after.log,after,aztable,1,duplex,64,PASS,3.16
live,live-read64-round3-after.log,after,aztable,1,wake,64,PASS,1.50
live,live-read64-round3-after.log,after,aztable,4,idle,64,PASS,2.33
live,live-read64-round3-after.log,after,aztable,4,interactive,64,PASS,3.05
live,live-read64-round3-after.log,after,aztable,4,stream,64,PASS,4.13
live,live-read64-round3-after.log,after,aztable,4,duplex,64,PASS,4.83
live,live-read64-round3-after.log,after,aztable,4,wake,64,PASS,2.20
live,live-read64-round3-before.log,before,azblob,1,idle,64,PASS,3.68
live,live-read64-round3-before.log,before,azblob,1,interactive,64,PASS,11.00
live,live-read64-round3-before.log,before,azblob,1,stream,64,PASS,11.03
live,live-read64-round3-before.log,before,azblob,1,duplex,64,PASS,11.24
live,live-read64-round3-before.log,before,azblob,1,wake,64,PASS,2.89
live,live-read64-round3-before.log,before,azblob,4,idle,64,PASS,6.61
live,live-read64-round3-before.log,before,azblob,4,interactive,64,PASS,13.25
live,live-read64-round3-before.log,before,azblob,4,stream,64,PASS,14.69
live,live-read64-round3-before.log,before,azblob,4,duplex,64,PASS,15.11
live,live-read64-round3-before.log,before,azblob,4,wake,64,FAIL,90.62
live,live-read64-round3-before.log,before,azqueue,1,idle,64,PASS,1.65
live,live-read64-round3-before.log,before,azqueue,1,interactive,64,PASS,3.17
live,live-read64-round3-before.log,before,azqueue,1,stream,64,PASS,5.27
live,live-read64-round3-before.log,before,azqueue,1,duplex,64,PASS,5.35
live,live-read64-round3-before.log,before,azqueue,1,wake,64,PASS,1.49
live,live-read64-round3-before.log,before,azqueue,4,idle,64,PASS,2.18
live,live-read64-round3-before.log,before,azqueue,4,interactive,64,PASS,3.97
live,live-read64-round3-before.log,before,azqueue,4,stream,64,PASS,6.00
live,live-read64-round3-before.log,before,azqueue,4,duplex,64,PASS,7.08
live,live-read64-round3-before.log,before,azqueue,4,wake,64,PASS,2.32
live,live-read64-round3-before.log,before,aztable,1,idle,64,PASS,1.67
live,live-read64-round3-before.log,before,aztable,1,interactive,64,PASS,2.22
live,live-read64-round3-before.log,before,aztable,1,stream,64,PASS,3.24
live,live-read64-round3-before.log,before,aztable,1,duplex,64,PASS,3.17
live,live-read64-round3-before.log,before,aztable,1,wake,64,PASS,1.47
live,live-read64-round3-before.log,before,aztable,4,idle,64,PASS,2.21
live,live-read64-round3-before.log,before,aztable,4,interactive,64,PASS,2.94
live,live-read64-round3-before.log,before,aztable,4,stream,64,PASS,4.06
live,live-read64-round3-before.log,before,aztable,4,duplex,64,PASS,5.36
live,live-read64-round3-before.log,before,aztable,4,wake,64,PASS,2.27
local,local-read1024-round1-after.log,after,azblob,1,stream,1024,PASS,0.22
local,local-read1024-round1-after.log,after,azblob,4,stream,1024,PASS,0.34
local,local-read1024-round1-after.log,after,azqueue,1,stream,1024,PASS,0.31
local,local-read1024-round1-after.log,after,azqueue,4,stream,1024,PASS,0.95
local,local-read1024-round1-after.log,after,aztable,1,stream,1024,PASS,0.21
local,local-read1024-round1-after.log,after,aztable,4,stream,1024,PASS,0.39
local,local-read1024-round1-before.log,before,azblob,1,stream,1024,PASS,0.26
local,local-read1024-round1-before.log,before,azblob,4,stream,1024,PASS,0.38
local,local-read1024-round1-before.log,before,azqueue,1,stream,1024,PASS,0.41
local,local-read1024-round1-before.log,before,azqueue,4,stream,1024,PASS,1.04
local,local-read1024-round1-before.log,before,aztable,1,stream,1024,PASS,0.22
local,local-read1024-round1-before.log,before,aztable,4,stream,1024,PASS,0.40
local,local-read1024-round2-after.log,after,azblob,1,stream,1024,PASS,0.23
local,local-read1024-round2-after.log,after,azblob,4,stream,1024,PASS,0.38
local,local-read1024-round2-after.log,after,azqueue,1,stream,1024,PASS,0.44
local,local-read1024-round2-after.log,after,azqueue,4,stream,1024,PASS,1.04
local,local-read1024-round2-after.log,after,aztable,1,stream,1024,PASS,0.22
local,local-read1024-round2-after.log,after,aztable,4,stream,1024,PASS,0.43
local,local-read1024-round2-before.log,before,azblob,1,stream,1024,PASS,0.21
local,local-read1024-round2-before.log,before,azblob,4,stream,1024,PASS,0.36
local,local-read1024-round2-before.log,before,azqueue,1,stream,1024,PASS,0.37
local,local-read1024-round2-before.log,before,azqueue,4,stream,1024,PASS,1.03
local,local-read1024-round2-before.log,before,aztable,1,stream,1024,PASS,0.22
local,local-read1024-round2-before.log,before,aztable,4,stream,1024,PASS,0.42
local,local-read1024-round3-after.log,after,azblob,1,stream,1024,PASS,0.25
local,local-read1024-round3-after.log,after,azblob,4,stream,1024,PASS,0.36
local,local-read1024-round3-after.log,after,azqueue,1,stream,1024,PASS,0.35
local,local-read1024-round3-after.log,after,azqueue,4,stream,1024,PASS,1.06
local,local-read1024-round3-after.log,after,aztable,1,stream,1024,PASS,0.22
local,local-read1024-round3-after.log,after,aztable,4,stream,1024,PASS,0.42
local,local-read1024-round3-before.log,before,azblob,1,stream,1024,PASS,0.23
local,local-read1024-round3-before.log,before,azblob,4,stream,1024,PASS,0.39
local,local-read1024-round3-before.log,before,azqueue,1,stream,1024,PASS,0.44
local,local-read1024-round3-before.log,before,azqueue,4,stream,1024,PASS,1.01
local,local-read1024-round3-before.log,before,aztable,1,stream,1024,PASS,0.22
local,local-read1024-round3-before.log,before,aztable,4,stream,1024,PASS,0.41
local,local-read64-round1-after.log,after,azblob,1,idle,64,PASS,1.08
local,local-read64-round1-after.log,after,azblob,1,interactive,64,PASS,0.32
local,local-read64-round1-after.log,after,azblob,1,stream,64,PASS,0.29
local,local-read64-round1-after.log,after,azblob,1,duplex,64,PASS,0.22
local,local-read64-round1-after.log,after,azblob,1,wake,64,PASS,1.06
local,local-read64-round1-after.log,after,azblob,4,idle,64,PASS,1.18
local,local-read64-round1-after.log,after,azblob,4,interactive,64,PASS,0.24
local,local-read64-round1-after.log,after,azblob,4,stream,64,PASS,0.38
local,local-read64-round1-after.log,after,azblob,4,duplex,64,PASS,0.57
local,local-read64-round1-after.log,after,azblob,4,wake,64,PASS,1.12
local,local-read64-round1-after.log,after,azqueue,1,idle,64,PASS,1.08
local,local-read64-round1-after.log,after,azqueue,1,interactive,64,PASS,0.39
local,local-read64-round1-after.log,after,azqueue,1,stream,64,PASS,0.83
local,local-read64-round1-after.log,after,azqueue,1,duplex,64,PASS,0.48
local,local-read64-round1-after.log,after,azqueue,1,wake,64,PASS,1.06
local,local-read64-round1-after.log,after,azqueue,4,idle,64,PASS,1.16
local,local-read64-round1-after.log,after,azqueue,4,interactive,64,PASS,0.32
local,local-read64-round1-after.log,after,azqueue,4,stream,64,PASS,1.08
local,local-read64-round1-after.log,after,azqueue,4,duplex,64,PASS,2.50
local,local-read64-round1-after.log,after,azqueue,4,wake,64,PASS,1.14
local,local-read64-round1-after.log,after,aztable,1,idle,64,PASS,1.05
local,local-read64-round1-after.log,after,aztable,1,interactive,64,PASS,0.19
local,local-read64-round1-after.log,after,aztable,1,stream,64,PASS,0.28
local,local-read64-round1-after.log,after,aztable,1,duplex,64,PASS,0.26
local,local-read64-round1-after.log,after,aztable,1,wake,64,PASS,1.05
local,local-read64-round1-after.log,after,aztable,4,idle,64,PASS,1.13
local,local-read64-round1-after.log,after,aztable,4,interactive,64,PASS,0.14
local,local-read64-round1-after.log,after,aztable,4,stream,64,PASS,0.43
local,local-read64-round1-after.log,after,aztable,4,duplex,64,PASS,0.77
local,local-read64-round1-after.log,after,aztable,4,wake,64,PASS,1.07
local,local-read64-round1-before.log,before,azblob,1,idle,64,PASS,1.21
local,local-read64-round1-before.log,before,azblob,1,interactive,64,PASS,0.29
local,local-read64-round1-before.log,before,azblob,1,stream,64,PASS,0.27
local,local-read64-round1-before.log,before,azblob,1,duplex,64,PASS,0.26
local,local-read64-round1-before.log,before,azblob,1,wake,64,PASS,1.05
local,local-read64-round1-before.log,before,azblob,4,idle,64,PASS,1.20
local,local-read64-round1-before.log,before,azblob,4,interactive,64,PASS,0.36
local,local-read64-round1-before.log,before,azblob,4,stream,64,PASS,0.43
local,local-read64-round1-before.log,before,azblob,4,duplex,64,PASS,0.62
local,local-read64-round1-before.log,before,azblob,4,wake,64,PASS,1.11
local,local-read64-round1-before.log,before,azqueue,1,idle,64,PASS,1.06
local,local-read64-round1-before.log,before,azqueue,1,interactive,64,PASS,0.38
local,local-read64-round1-before.log,before,azqueue,1,stream,64,PASS,0.47
local,local-read64-round1-before.log,before,azqueue,1,duplex,64,PASS,0.57
local,local-read64-round1-before.log,before,azqueue,1,wake,64,PASS,1.06
local,local-read64-round1-before.log,before,azqueue,4,idle,64,PASS,1.18
local,local-read64-round1-before.log,before,azqueue,4,interactive,64,PASS,0.31
local,local-read64-round1-before.log,before,azqueue,4,stream,64,PASS,1.08
local,local-read64-round1-before.log,before,azqueue,4,duplex,64,PASS,2.32
local,local-read64-round1-before.log,before,azqueue,4,wake,64,PASS,1.13
local,local-read64-round1-before.log,before,aztable,1,idle,64,PASS,1.06
local,local-read64-round1-before.log,before,aztable,1,interactive,64,PASS,0.18
local,local-read64-round1-before.log,before,aztable,1,stream,64,PASS,0.31
local,local-read64-round1-before.log,before,aztable,1,duplex,64,PASS,0.28
local,local-read64-round1-before.log,before,aztable,1,wake,64,PASS,1.05
local,local-read64-round1-before.log,before,aztable,4,idle,64,PASS,1.11
local,local-read64-round1-before.log,before,aztable,4,interactive,64,PASS,0.16
local,local-read64-round1-before.log,before,aztable,4,stream,64,PASS,0.44
local,local-read64-round1-before.log,before,aztable,4,duplex,64,PASS,0.83
local,local-read64-round1-before.log,before,aztable,4,wake,64,PASS,1.08
local,local-read64-round2-after.log,after,azblob,1,idle,64,PASS,1.08
local,local-read64-round2-after.log,after,azblob,1,interactive,64,PASS,0.31
local,local-read64-round2-after.log,after,azblob,1,stream,64,PASS,0.30
local,local-read64-round2-after.log,after,azblob,1,duplex,64,PASS,0.21
local,local-read64-round2-after.log,after,azblob,1,wake,64,PASS,1.06
local,local-read64-round2-after.log,after,azblob,4,idle,64,PASS,1.18
local,local-read64-round2-after.log,after,azblob,4,interactive,64,PASS,0.24
local,local-read64-round2-after.log,after,azblob,4,stream,64,PASS,0.37
local,local-read64-round2-after.log,after,azblob,4,duplex,64,PASS,0.53
local,local-read64-round2-after.log,after,azblob,4,wake,64,PASS,1.12
local,local-read64-round2-after.log,after,azqueue,1,idle,64,PASS,1.06
local,local-read64-round2-after.log,after,azqueue,1,interactive,64,PASS,0.41
local,local-read64-round2-after.log,after,azqueue,1,stream,64,PASS,0.63
local,local-read64-round2-after.log,after,azqueue,1,duplex,64,PASS,0.50
local,local-read64-round2-after.log,after,azqueue,1,wake,64,PASS,1.05
local,local-read64-round2-after.log,after,azqueue,4,idle,64,PASS,1.19
local,local-read64-round2-after.log,after,azqueue,4,interactive,64,PASS,0.35
local,local-read64-round2-after.log,after,azqueue,4,stream,64,PASS,1.05
local,local-read64-round2-after.log,after,azqueue,4,duplex,64,PASS,2.51
local,local-read64-round2-after.log,after,azqueue,4,wake,64,PASS,1.14
local,local-read64-round2-after.log,after,aztable,1,idle,64,PASS,1.04
local,local-read64-round2-after.log,after,aztable,1,interactive,64,PASS,0.13
local,local-read64-round2-after.log,after,aztable,1,stream,64,PASS,0.30
local,local-read64-round2-after.log,after,aztable,1,duplex,64,PASS,0.27
local,local-read64-round2-after.log,after,aztable,1,wake,64,PASS,1.04
local,local-read64-round2-after.log,after,aztable,4,idle,64,PASS,1.11
local,local-read64-round2-after.log,after,aztable,4,interactive,64,PASS,0.16
local,local-read64-round2-after.log,after,aztable,4,stream,64,PASS,0.40
local,local-read64-round2-after.log,after,aztable,4,duplex,64,PASS,0.77
local,local-read64-round2-after.log,after,aztable,4,wake,64,PASS,1.09
local,local-read64-round2-before.log,before,azblob,1,idle,64,PASS,1.10
local,local-read64-round2-before.log,before,azblob,1,interactive,64,PASS,0.35
local,local-read64-round2-before.log,before,azblob,1,stream,64,PASS,0.33
local,local-read64-round2-before.log,before,azblob,1,duplex,64,PASS,0.26
local,local-read64-round2-before.log,before,azblob,1,wake,64,PASS,1.05
local,local-read64-round2-before.log,before,azblob,4,idle,64,PASS,1.17
local,local-read64-round2-before.log,before,azblob,4,interactive,64,PASS,0.26
local,local-read64-round2-before.log,before,azblob,4,stream,64,PASS,0.38
local,local-read64-round2-before.log,before,azblob,4,duplex,64,PASS,0.54
local,local-read64-round2-before.log,before,azblob,4,wake,64,PASS,1.11
local,local-read64-round2-before.log,before,azqueue,1,idle,64,PASS,1.05
local,local-read64-round2-before.log,before,azqueue,1,interactive,64,PASS,0.48
local,local-read64-round2-before.log,before,azqueue,1,stream,64,PASS,0.59
local,local-read64-round2-before.log,before,azqueue,1,duplex,64,PASS,0.48
local,local-read64-round2-before.log,before,azqueue,1,wake,64,PASS,1.07
local,local-read64-round2-before.log,before,azqueue,4,idle,64,PASS,1.18
local,local-read64-round2-before.log,before,azqueue,4,interactive,64,PASS,0.30
local,local-read64-round2-before.log,before,azqueue,4,stream,64,PASS,0.99
local,local-read64-round2-before.log,before,azqueue,4,duplex,64,PASS,2.51
local,local-read64-round2-before.log,before,azqueue,4,wake,64,PASS,1.13
local,local-read64-round2-before.log,before,aztable,1,idle,64,PASS,1.05
local,local-read64-round2-before.log,before,aztable,1,interactive,64,PASS,0.24
local,local-read64-round2-before.log,before,aztable,1,stream,64,PASS,0.34
local,local-read64-round2-before.log,before,aztable,1,duplex,64,PASS,0.29
local,local-read64-round2-before.log,before,aztable,1,wake,64,PASS,1.05
local,local-read64-round2-before.log,before,aztable,4,idle,64,PASS,1.13
local,local-read64-round2-before.log,before,aztable,4,interactive,64,PASS,0.18
local,local-read64-round2-before.log,before,aztable,4,stream,64,PASS,0.41
local,local-read64-round2-before.log,before,aztable,4,duplex,64,PASS,0.92
local,local-read64-round2-before.log,before,aztable,4,wake,64,PASS,1.11
local,local-read64-round3-after.log,after,azblob,1,idle,64,PASS,1.09
local,local-read64-round3-after.log,after,azblob,1,interactive,64,PASS,0.30
local,local-read64-round3-after.log,after,azblob,1,stream,64,PASS,0.33
local,local-read64-round3-after.log,after,azblob,1,duplex,64,PASS,0.24
local,local-read64-round3-after.log,after,azblob,1,wake,64,PASS,1.05
local,local-read64-round3-after.log,after,azblob,4,idle,64,PASS,1.19
local,local-read64-round3-after.log,after,azblob,4,interactive,64,PASS,0.26
local,local-read64-round3-after.log,after,azblob,4,stream,64,PASS,0.38
local,local-read64-round3-after.log,after,azblob,4,duplex,64,PASS,0.52
local,local-read64-round3-after.log,after,azblob,4,wake,64,PASS,1.10
local,local-read64-round3-after.log,after,azqueue,1,idle,64,PASS,1.05
local,local-read64-round3-after.log,after,azqueue,1,interactive,64,PASS,0.43
local,local-read64-round3-after.log,after,azqueue,1,stream,64,PASS,0.47
local,local-read64-round3-after.log,after,azqueue,1,duplex,64,PASS,0.50
local,local-read64-round3-after.log,after,azqueue,1,wake,64,PASS,1.07
local,local-read64-round3-after.log,after,azqueue,4,idle,64,PASS,1.17
local,local-read64-round3-after.log,after,azqueue,4,interactive,64,PASS,0.32
local,local-read64-round3-after.log,after,azqueue,4,stream,64,PASS,1.06
local,local-read64-round3-after.log,after,azqueue,4,duplex,64,PASS,2.44
local,local-read64-round3-after.log,after,azqueue,4,wake,64,PASS,1.11
local,local-read64-round3-after.log,after,aztable,1,idle,64,PASS,1.04
local,local-read64-round3-after.log,after,aztable,1,interactive,64,PASS,0.19
local,local-read64-round3-after.log,after,aztable,1,stream,64,PASS,0.30
local,local-read64-round3-after.log,after,aztable,1,duplex,64,PASS,0.26
local,local-read64-round3-after.log,after,aztable,1,wake,64,PASS,1.04
local,local-read64-round3-after.log,after,aztable,4,idle,64,PASS,1.13
local,local-read64-round3-after.log,after,aztable,4,interactive,64,PASS,0.16
local,local-read64-round3-after.log,after,aztable,4,stream,64,PASS,0.40
local,local-read64-round3-after.log,after,aztable,4,duplex,64,PASS,0.77
local,local-read64-round3-after.log,after,aztable,4,wake,64,PASS,1.10
local,local-read64-round3-before.log,before,azblob,1,idle,64,PASS,1.11
local,local-read64-round3-before.log,before,azblob,1,interactive,64,PASS,0.35
local,local-read64-round3-before.log,before,azblob,1,stream,64,PASS,0.33
local,local-read64-round3-before.log,before,azblob,1,duplex,64,PASS,0.27
local,local-read64-round3-before.log,before,azblob,1,wake,64,PASS,1.06
local,local-read64-round3-before.log,before,azblob,4,idle,64,PASS,1.15
local,local-read64-round3-before.log,before,azblob,4,interactive,64,PASS,0.24
local,local-read64-round3-before.log,before,azblob,4,stream,64,PASS,0.35
local,local-read64-round3-before.log,before,azblob,4,duplex,64,PASS,0.55
local,local-read64-round3-before.log,before,azblob,4,wake,64,PASS,1.11
local,local-read64-round3-before.log,before,azqueue,1,idle,64,PASS,1.05
local,local-read64-round3-before.log,before,azqueue,1,interactive,64,PASS,0.39
local,local-read64-round3-before.log,before,azqueue,1,stream,64,PASS,0.52
local,local-read64-round3-before.log,before,azqueue,1,duplex,64,PASS,0.47
local,local-read64-round3-before.log,before,azqueue,1,wake,64,PASS,1.06
local,local-read64-round3-before.log,before,azqueue,4,idle,64,PASS,1.16
local,local-read64-round3-before.log,before,azqueue,4,interactive,64,PASS,0.31
local,local-read64-round3-before.log,before,azqueue,4,stream,64,PASS,1.02
local,local-read64-round3-before.log,before,azqueue,4,duplex,64,PASS,2.44
local,local-read64-round3-before.log,before,azqueue,4,wake,64,PASS,1.13
local,local-read64-round3-before.log,before,aztable,1,idle,64,PASS,1.05
local,local-read64-round3-before.log,before,aztable,1,interactive,64,PASS,0.18
local,local-read64-round3-before.log,before,aztable,1,stream,64,PASS,0.31
local,local-read64-round3-before.log,before,aztable,1,duplex,64,PASS,0.28
local,local-read64-round3-before.log,before,aztable,1,wake,64,PASS,1.04
local,local-read64-round3-before.log,before,aztable,4,idle,64,PASS,1.12
local,local-read64-round3-before.log,before,aztable,4,interactive,64,PASS,0.16
local,local-read64-round3-before.log,before,aztable,4,stream,64,PASS,0.40
local,local-read64-round3-before.log,before,aztable,4,duplex,64,PASS,0.78
local,local-read64-round3-before.log,before,aztable,4,wake,64,PASS,1.09
local,local-read65536-round1-after.log,after,azblob,1,stream,65536,PASS,0.21
local,local-read65536-round1-after.log,after,azblob,4,stream,65536,PASS,0.39
local,local-read65536-round1-after.log,after,azqueue,1,stream,65536,PASS,0.35
local,local-read65536-round1-after.log,after,azqueue,4,stream,65536,PASS,1.04
local,local-read65536-round1-after.log,after,aztable,1,stream,65536,PASS,0.22
local,local-read65536-round1-after.log,after,aztable,4,stream,65536,PASS,0.40
local,local-read65536-round1-before.log,before,azblob,1,stream,65536,PASS,0.22
local,local-read65536-round1-before.log,before,azblob,4,stream,65536,PASS,0.36
local,local-read65536-round1-before.log,before,azqueue,1,stream,65536,PASS,0.35
local,local-read65536-round1-before.log,before,azqueue,4,stream,65536,PASS,1.07
local,local-read65536-round1-before.log,before,aztable,1,stream,65536,PASS,0.22
local,local-read65536-round1-before.log,before,aztable,4,stream,65536,PASS,0.43
local,local-read65536-round2-after.log,after,azblob,1,stream,65536,PASS,0.22
local,local-read65536-round2-after.log,after,azblob,4,stream,65536,PASS,0.41
local,local-read65536-round2-after.log,after,azqueue,1,stream,65536,PASS,0.41
local,local-read65536-round2-after.log,after,azqueue,4,stream,65536,PASS,1.00
local,local-read65536-round2-after.log,after,aztable,1,stream,65536,PASS,0.22
local,local-read65536-round2-after.log,after,aztable,4,stream,65536,PASS,0.39
local,local-read65536-round2-before.log,before,azblob,1,stream,65536,PASS,0.21
local,local-read65536-round2-before.log,before,azblob,4,stream,65536,PASS,0.36
local,local-read65536-round2-before.log,before,azqueue,1,stream,65536,PASS,0.35
local,local-read65536-round2-before.log,before,azqueue,4,stream,65536,PASS,0.96
local,local-read65536-round2-before.log,before,aztable,1,stream,65536,PASS,0.22
local,local-read65536-round2-before.log,before,aztable,4,stream,65536,PASS,0.41
local,local-read65536-round3-after.log,after,azblob,1,stream,65536,PASS,0.22
local,local-read65536-round3-after.log,after,azblob,4,stream,65536,PASS,0.37
local,local-read65536-round3-after.log,after,azqueue,1,stream,65536,PASS,0.33
local,local-read65536-round3-after.log,after,azqueue,4,stream,65536,PASS,1.02
local,local-read65536-round3-after.log,after,aztable,1,stream,65536,PASS,0.22
local,local-read65536-round3-after.log,after,aztable,4,stream,65536,PASS,0.37
local,local-read65536-round3-before.log,before,azblob,1,stream,65536,PASS,0.22
local,local-read65536-round3-before.log,before,azblob,4,stream,65536,PASS,0.34
local,local-read65536-round3-before.log,before,azqueue,1,stream,65536,PASS,0.35
local,local-read65536-round3-before.log,before,azqueue,4,stream,65536,PASS,1.06
local,local-read65536-round3-before.log,before,aztable,1,stream,65536,PASS,0.22
local,local-read65536-round3-before.log,before,aztable,4,stream,65536,PASS,0.38
sustained,sustained-read64-round1-after.log,after,azblob,1,stream,64,PASS,1.33
sustained,sustained-read64-round1-after.log,after,azblob,4,stream,64,PASS,2.41
sustained,sustained-read64-round1-after.log,after,azqueue,1,stream,64,PASS,3.29
sustained,sustained-read64-round1-after.log,after,azqueue,4,stream,64,PASS,7.82
sustained,sustained-read64-round1-after.log,after,aztable,1,stream,64,PASS,1.91
sustained,sustained-read64-round1-after.log,after,aztable,4,stream,64,PASS,2.88
sustained,sustained-read64-round1-before.log,before,azblob,1,stream,64,PASS,1.54
sustained,sustained-read64-round1-before.log,before,azblob,4,stream,64,PASS,2.30
sustained,sustained-read64-round1-before.log,before,azqueue,1,stream,64,PASS,3.09
sustained,sustained-read64-round1-before.log,before,azqueue,4,stream,64,PASS,7.46
sustained,sustained-read64-round1-before.log,before,aztable,1,stream,64,PASS,2.08
sustained,sustained-read64-round1-before.log,before,aztable,4,stream,64,PASS,2.90
sustained,sustained-read64-round2-after.log,after,azblob,1,stream,64,PASS,1.48
sustained,sustained-read64-round2-after.log,after,azblob,4,stream,64,PASS,2.31
sustained,sustained-read64-round2-after.log,after,azqueue,1,stream,64,PASS,3.23
sustained,sustained-read64-round2-after.log,after,azqueue,4,stream,64,PASS,7.90
sustained,sustained-read64-round2-after.log,after,aztable,1,stream,64,PASS,1.87
sustained,sustained-read64-round2-after.log,after,aztable,4,stream,64,PASS,2.91
sustained,sustained-read64-round2-before.log,before,azblob,1,stream,64,PASS,1.51
sustained,sustained-read64-round2-before.log,before,azblob,4,stream,64,PASS,2.62
sustained,sustained-read64-round2-before.log,before,azqueue,1,stream,64,PASS,2.97
sustained,sustained-read64-round2-before.log,before,azqueue,4,stream,64,PASS,7.61
sustained,sustained-read64-round2-before.log,before,aztable,1,stream,64,PASS,2.19
sustained,sustained-read64-round2-before.log,before,aztable,4,stream,64,PASS,2.90
sustained,sustained-read64-round3-after.log,after,azblob,1,stream,64,PASS,1.48
sustained,sustained-read64-round3-after.log,after,azblob,4,stream,64,PASS,2.33
sustained,sustained-read64-round3-after.log,after,azqueue,1,stream,64,PASS,2.81
sustained,sustained-read64-round3-after.log,after,azqueue,4,stream,64,PASS,7.60
sustained,sustained-read64-round3-after.log,after,aztable,1,stream,64,PASS,1.91
sustained,sustained-read64-round3-after.log,after,aztable,4,stream,64,PASS,2.83
sustained,sustained-read64-round3-before.log,before,azblob,1,stream,64,PASS,1.34
sustained,sustained-read64-round3-before.log,before,azblob,4,stream,64,PASS,2.50
sustained,sustained-read64-round3-before.log,before,azqueue,1,stream,64,PASS,3.27
sustained,sustained-read64-round3-before.log,before,azqueue,4,stream,64,PASS,7.84
sustained,sustained-read64-round3-before.log,before,aztable,1,stream,64,PASS,2.08
sustained,sustained-read64-round3-before.log,before,aztable,4,stream,64,PASS,2.87
