environment,source,variant,driver,connections,workload,read_size,case_status,seconds,app_bytes,MiBps,latency_kind,samples,p50_us,p95_us,p99_us,alloc_bytes,allocations,peak_heap_bytes,peak_heap_delta_bytes,SDK_attempts,attempts_per_MiB,idle_attempts_per_session_hour,transport_sent,transport_received,write_size,read_samples,read_p50_ns,read_p95_ns,read_p99_ns
diagnostic,diagnostic-read64-round1-after.log,after,azblob,4,wake,64,PASS,1.349202,4,0.0000,delivery,4,261002,348806,348806,1093800,10839,3424392,1093800,43,11272192.000,0.0,104,104,1,,,,
diagnostic,diagnostic-read64-round1-before.log,before,azblob,4,wake,64,PASS,1.308042,4,0.0000,delivery,4,241864,306788,306788,1119568,10498,3339600,1119568,40,10485760.000,0.0,104,104,1,,,,
diagnostic,diagnostic-read64-round2-after.log,after,azblob,4,wake,64,PASS,1.321772,4,0.0000,delivery,4,236687,321519,321519,1126064,10425,3345080,1126064,41,10747904.000,0.0,104,104,1,,,,
diagnostic,diagnostic-read64-round2-before.log,before,azblob,4,wake,64,PASS,1.285592,4,0.0000,delivery,4,231308,285186,285186,981048,9908,3206224,981048,40,10485760.000,0.0,104,104,1,,,,
diagnostic,diagnostic-read64-round3-after.log,after,azblob,4,wake,64,PASS,1.325711,4,0.0000,delivery,4,242902,324650,324650,1133896,10677,3454496,1133896,41,10747904.000,0.0,104,104,1,,,,
diagnostic,diagnostic-read64-round3-before.log,before,azblob,4,wake,64,PASS,1.347957,4,0.0000,delivery,4,319155,347459,347459,1086616,11330,3375120,1086616,43,11272192.000,0.0,104,104,1,,,,
live,live-read64-round1-after.log,after,azblob,1,idle,64,PASS,1.000520,0,0.0000,delivery,0,0,0,0,137824,1671,1437160,137824,8,0.000,28785.0,0,0,0,,,,
live,live-read64-round1-after.log,after,azblob,1,interactive,64,PASS,9.164227,2048,0.0002,roundtrip,16,543080,664809,664809,1051440,16754,2496328,1051440,65,33280.000,0.0,2848,2848,64,,,,
live,live-read64-round1-after.log,after,azblob,1,stream,64,PASS,9.719123,4194304,0.4116,write,64,143281,159998,401200,5944912,34883,4262616,2889664,135,33.750,0.0,4195929,4195929,65536,8192,292,417,584
live,live-read64-round1-after.log,after,azblob,1,duplex,64,PASS,9.432651,8388608,0.8481,write,128,139875,161135,271990,10807888,73417,5715856,3782760,272,34.000,0.0,8391858,8391858,65536,16384,292,459,1375
live,live-read64-round1-after.log,after,azblob,1,wake,64,PASS,1.256391,1,0.0000,delivery,1,255941,255941,255941,207392,2154,2361056,207392,10,10485760.000,0.0,26,26,1,,,,
live,live-read64-round1-after.log,after,azblob,4,idle,64,PASS,1.001186,0,0.0000,delivery,0,0,0,0,494832,6450,3506640,494832,33,0.000,29664.8,0,0,0,,,,
live,live-read64-round1-after.log,after,azblob,4,interactive,64,PASS,7.912281,8192,0.0010,roundtrip,64,482753,530056,541010,4350608,67003,5035712,1893672,260,33280.000,0.0,11392,11392,64,,,,
live,live-read64-round1-after.log,after,azblob,4,stream,64,PASS,10.345209,16777216,1.5466,write,256,134985,265678,400924,25225296,155072,11102392,8106072,535,33.438,0.0,16783716,16783716,65536,32768,292,458,625
live,live-read64-round1-after.log,after,azblob,4,duplex,64,PASS,10.158770,33554432,3.1500,write,512,135072,268795,391685,47999160,303861,17375824,13183336,1056,33.000,0.0,33567432,33567432,65536,65536,291,458,625
live,live-read64-round1-after.log,after,azblob,4,wake,64,PASS,1.252500,4,0.0000,delivery,4,208755,251168,251168,671448,9032,7267312,671448,41,10747904.000,0.0,104,104,1,,,,
live,live-read64-round1-after.log,after,azqueue,1,idle,64,PASS,1.000762,0,0.0000,delivery,0,0,0,0,373800,4963,7103392,373800,30,0.000,107917.7,0,0,0,,,,
live,live-read64-round1-after.log,after,azqueue,1,interactive,64,PASS,2.622899,2048,0.0007,roundtrip,16,162653,174942,174942,1848008,23617,5788272,1848008,97,49664.000,0.0,2848,2848,64,,,,
live,live-read64-round1-after.log,after,azqueue,1,stream,64,PASS,4.722251,4194304,0.8471,write,64,69332,89540,109032,96371080,85426,8544960,5196840,310,77.500,0.0,4197529,4197529,65536,8192,292,500,584
live,live-read64-round1-after.log,after,azqueue,1,duplex,64,PASS,4.913263,8388608,1.6282,write,128,72516,93078,111786,192405824,171467,10338000,6783848,623,77.875,0.0,8395058,8395058,65536,16384,250,500,667
live,live-read64-round1-after.log,after,azqueue,1,wake,64,PASS,1.066261,1,0.0000,delivery,1,65748,65748,65748,426016,5621,4658152,426016,32,33554432.000,0.0,26,26,1,,,,
live,live-read64-round1-after.log,after,azqueue,4,idle,64,PASS,1.001538,0,0.0000,delivery,0,0,0,0,1431240,19142,5974440,1431240,116,0.000,104239.7,0,0,0,,,,
live,live-read64-round1-after.log,after,azqueue,4,interactive,64,PASS,3.004915,8192,0.0026,roundtrip,64,167049,418205,431947,8081416,99698,7658184,3207128,388,49664.000,0.0,11392,11392,64,,,,
live,live-read64-round1-after.log,after,azqueue,4,stream,64,PASS,5.434941,16777216,2.9439,write,256,73720,112681,287266,387409872,354416,18593720,14216752,1239,77.438,0.0,16790116,16790116,65536,32768,208,417,542
live,live-read64-round1-after.log,after,azqueue,4,duplex,64,PASS,7.130461,33554432,4.4878,write,512,86276,196624,329886,812124688,921124,28831688,22550648,2497,78.031,0.0,33580232,33580232,65536,65536,125,209,458
live,live-read64-round1-after.log,after,azqueue,4,wake,64,PASS,1.062213,4,0.0000,delivery,4,57323,61799,61799,3736856,34869,11137456,3736856,124,32505856.000,0.0,104,104,1,,,,
live,live-read64-round1-after.log,after,aztable,1,idle,64,PASS,1.001712,0,0.0000,delivery,0,0,0,0,491464,6540,4896456,491464,28,0.000,100627.8,0,0,0,,,,
live,live-read64-round1-after.log,after,aztable,1,interactive,64,PASS,1.790630,2048,0.0011,roundtrip,16,111247,119510,119510,1360680,18214,5708512,1360680,65,33280.000,0.0,2848,2848,64,,,,
live,live-read64-round1-after.log,after,aztable,1,stream,64,PASS,2.873286,4194304,1.3921,write,64,40637,60271,85032,102363808,37370,11184576,7242336,110,27.500,0.0,4195929,4195929,65536,8192,167,209,375
live,live-read64-round1-after.log,after,aztable,1,duplex,64,PASS,3.009003,8388608,2.6587,write,128,40092,52065,91915,208030304,79983,13312016,8949288,231,28.875,0.0,8391858,8391858,65536,16384,125,167,375
live,live-read64-round1-after.log,after,aztable,1,wake,64,PASS,1.048638,1,0.0000,delivery,1,48036,48036,48036,428680,6494,5435040,428680,30,31457280.000,0.0,26,26,1,,,,
live,live-read64-round1-after.log,after,aztable,4,idle,64,PASS,1.001646,0,0.0000,delivery,0,0,0,0,1537144,23442,6797824,1537144,112,0.000,100634.4,0,0,0,,,,
live,live-read64-round1-after.log,after,aztable,4,interactive,64,PASS,1.842996,8192,0.0042,roundtrip,64,111683,122413,135367,4833384,72671,8398664,3260328,260,33280.000,0.0,11392,11392,64,,,,
live,live-read64-round1-after.log,after,aztable,4,stream,64,PASS,3.031149,16777216,5.2785,write,256,39928,83206,154691,413116416,161768,23705240,18384656,446,27.875,0.0,16783716,16783716,65536,32768,125,167,292
live,live-read64-round1-after.log,after,aztable,4,duplex,64,PASS,3.542153,33554432,9.0341,write,512,39486,93411,136258,816948784,341330,34688160,27190072,871,27.219,0.0,33567432,33567432,65536,65536,83,125,209
live,live-read64-round1-after.log,after,aztable,4,wake,64,PASS,1.067179,4,0.0000,delivery,4,32545,66756,66756,1737880,25890,12408280,1737880,120,31457280.000,0.0,104,104,1,,,,
live,live-read64-round1-before.log,before,azblob,1,idle,64,PASS,1.001274,0,0.0000,delivery,0,0,0,0,140624,1770,1618768,140624,9,0.000,32358.8,0,0,0,,,,
live,live-read64-round1-before.log,before,azblob,1,interactive,64,PASS,9.008962,2048,0.0002,roundtrip,16,536027,683139,683139,1139144,16771,2752752,1139144,65,33280.000,0.0,2848,2848,64,,,,
live,live-read64-round1-before.log,before,azblob,1,stream,64,PASS,9.682501,4194304,0.4131,write,64,143131,165981,383439,23001224,295802,4615120,3090184,131,32.750,0.0,4195929,4195929,65536,8192,1292,2167,32834
live,live-read64-round1-before.log,before,azblob,1,duplex,64,PASS,9.440949,8388608,0.8474,write,128,138089,153433,260690,44964968,598086,6620712,4534968,270,33.750,0.0,8391858,8391858,65536,16384,1292,1959,13584
live,live-read64-round1-before.log,before,azblob,1,wake,64,PASS,1.149353,1,0.0000,delivery,1,148851,148851,148851,193608,1973,2517672,193608,9,9437184.000,0.0,26,26,1,,,,
live,live-read64-round1-before.log,before,azblob,4,idle,64,PASS,1.001149,0,0.0000,delivery,0,0,0,0,487384,6286,3591744,487384,32,0.000,28766.9,0,0,0,,,,
live,live-read64-round1-before.log,before,azblob,4,interactive,64,PASS,8.548949,8192,0.0009,roundtrip,64,521714,546731,552260,4655952,69064,5284512,2282960,260,33280.000,0.0,11392,11392,64,,,,
live,live-read64-round1-before.log,before,azblob,4,stream,64,PASS,9.513147,16777216,1.6819,write,256,133649,154318,362397,90481080,1179573,11725168,9073024,503,31.438,0.0,16783716,16783716,65536,32768,1291,2125,23458
live,live-read64-round1-before.log,before,azblob,4,duplex,64,PASS,10.359356,33554432,3.0890,write,512,128739,249020,378368,183095432,2396957,20617520,15501920,1042,32.562,0.0,33567432,33567432,65536,65536,1000,1875,17083
live,live-read64-round1-before.log,before,azblob,4,wake,64,PASS,1.196488,4,0.0000,delivery,4,176249,196074,196074,683264,9221,7520416,683264,42,11010048.000,0.0,104,104,1,,,,
live,live-read64-round1-before.log,before,azqueue,1,idle,64,PASS,1.001047,0,0.0000,delivery,0,0,0,0,361760,4801,6374024,361760,29,0.000,104290.8,0,0,0,,,,
live,live-read64-round1-before.log,before,azqueue,1,interactive,64,PASS,3.074046,2048,0.0006,roundtrip,16,169189,510798,510798,1849272,23621,5420528,1849272,97,49664.000,0.0,2848,2848,64,,,,
live,live-read64-round1-before.log,before,azqueue,1,stream,64,PASS,4.889025,4194304,0.8182,write,64,70610,89561,208196,114002624,347224,7675592,5202952,308,77.000,0.0,4197529,4197529,65536,8192,1042,1750,5083
live,live-read64-round1-before.log,before,azqueue,1,duplex,64,PASS,5.162334,8388608,1.5497,write,128,74932,105957,112693,226878856,695887,10328792,6963832,620,77.500,0.0,8395058,8395058,65536,16384,1000,1667,4959
live,live-read64-round1-before.log,before,azqueue,1,wake,64,PASS,1.067406,1,0.0000,delivery,1,66987,66987,66987,418656,5578,4575904,418656,32,33554432.000,0.0,26,26,1,,,,
live,live-read64-round1-before.log,before,azqueue,4,idle,64,PASS,1.000597,0,0.0000,delivery,0,0,0,0,1404792,18750,6137488,1404792,112,0.000,100739.9,0,0,0,,,,
live,live-read64-round1-before.log,before,azqueue,4,interactive,64,PASS,2.731669,8192,0.0029,roundtrip,64,169915,180320,181626,7206992,94526,8385504,3550560,388,49664.000,0.0,11392,11392,64,,,,
live,live-read64-round1-before.log,before,azqueue,4,stream,64,PASS,6.263839,16777216,2.5543,write,256,72801,236568,359346,458427112,1414041,17591320,12444008,1244,77.750,0.0,16790116,16790116,65536,32768,875,1625,4417
live,live-read64-round1-before.log,before,azqueue,4,duplex,64,PASS,10.765179,33554432,2.9725,write,512,118612,371408,469157,964248296,3105261,37829336,31090416,2541,79.406,0.0,33580232,33580232,65536,65536,708,1375,4750
live,live-read64-round1-before.log,before,azqueue,4,wake,64,PASS,1.082742,4,0.0000,delivery,4,82276,82353,82353,1747248,22726,12484768,1747248,128,33554432.000,0.0,104,104,1,,,,
live,live-read64-round1-before.log,before,aztable,1,idle,64,PASS,1.000595,0,0.0000,delivery,0,0,0,0,393232,5997,9057216,393232,28,0.000,100740.1,0,0,0,,,,
live,live-read64-round1-before.log,before,aztable,1,interactive,64,PASS,1.906977,2048,0.0010,roundtrip,16,110498,254322,254322,1235576,18188,6285008,1235576,65,33280.000,0.0,2848,2848,64,,,,
live,live-read64-round1-before.log,before,aztable,1,stream,64,PASS,2.860750,4194304,1.3982,write,64,40067,77852,79954,119972736,300052,11193792,6912728,112,28.000,0.0,4195929,4195929,65536,8192,708,1208,10208
live,live-read64-round1-before.log,before,aztable,1,duplex,64,PASS,2.721388,8388608,2.9397,write,128,40116,51478,80049,236579792,596985,14167232,9322600,216,27.000,0.0,8391858,8391858,65536,16384,541,916,5833
live,live-read64-round1-before.log,before,aztable,1,wake,64,PASS,1.035561,1,0.0000,delivery,1,35071,35071,35071,479808,6546,5703976,479808,30,31457280.000,0.0,26,26,1,,,,
live,live-read64-round1-before.log,before,aztable,4,idle,64,PASS,1.002029,0,0.0000,delivery,0,0,0,0,1541080,23468,7060288,1541080,112,0.000,100595.9,0,0,0,,,,
live,live-read64-round1-before.log,before,aztable,4,interactive,64,PASS,1.797261,8192,0.0043,roundtrip,64,110070,119675,125047,4924152,72748,8200256,3103616,260,33280.000,0.0,11392,11392,64,,,,
live,live-read64-round1-before.log,before,aztable,4,stream,64,PASS,2.888470,16777216,5.5393,write,256,39840,67494,88259,481909576,1204662,22017160,16998920,432,27.000,0.0,16783716,16783716,65536,32768,417,791,5417
live,live-read64-round1-before.log,before,aztable,4,duplex,64,PASS,4.162487,33554432,7.6877,write,512,42171,114605,228185,954760216,2464804,36851280,30599664,975,30.469,0.0,33567432,33567432,65536,65536,375,667,4625
live,live-read64-round1-before.log,before,aztable,4,wake,64,PASS,1.039451,4,0.0000,delivery,4,36680,38941,38941,1741808,25352,12913672,1741808,116,30408704.000,0.0,104,104,1,,,,
live,live-read64-round2-after.log,after,azblob,1,idle,64,PASS,1.001368,0,0.0000,delivery,0,0,0,0,125032,1573,1513872,125032,8,0.000,28760.6,0,0,0,,,,
live,live-read64-round2-after.log,after,azblob,1,interactive,64,PASS,8.906682,2048,0.0002,roundtrip,16,544677,656004,656004,1176208,16773,2569216,1176208,65,33280.000,0.0,2848,2848,64,,,,
live,live-read64-round2-after.log,after,azblob,1,stream,64,PASS,9.531850,4194304,0.4196,write,64,143883,154200,267377,5710192,34095,3977616,2615488,132,33.000,0.0,4195929,4195929,65536,8192,292,375,500
live,live-read64-round2-after.log,after,azblob,1,duplex,64,PASS,9.381336,8388608,0.8528,write,128,136605,154706,281155,11680192,75872,6407816,4586848,262,32.750,0.0,8391858,8391858,65536,16384,292,458,792
live,live-read64-round2-after.log,after,azblob,1,wake,64,PASS,1.144069,1,0.0000,delivery,1,143629,143629,143629,162472,2134,3118648,162472,10,10485760.000,0.0,26,26,1,,,,
live,live-read64-round2-after.log,after,azblob,4,idle,64,PASS,1.001326,0,0.0000,delivery,0,0,0,0,486952,6285,4069992,486952,32,0.000,28761.9,0,0,0,,,,
live,live-read64-round2-after.log,after,azblob,4,interactive,64,PASS,8.269802,8192,0.0009,roundtrip,64,516256,540193,584325,5105032,72129,6207312,2690800,260,33280.000,0.0,11392,11392,64,,,,
live,live-read64-round2-after.log,after,azblob,4,stream,64,PASS,9.892692,16777216,1.6174,write,256,134899,175042,346420,21540384,142923,10278080,6157776,558,34.875,0.0,16783716,16783716,65536,32768,250,458,625
live,live-read64-round2-after.log,after,azblob,4,duplex,64,PASS,10.291484,33554432,3.1094,write,512,135471,260124,382511,50172560,319853,17498304,12675808,1074,33.562,0.0,33567432,33567432,65536,65536,250,334,541
live,live-read64-round2-after.log,after,azblob,4,wake,64,PASS,1.241337,4,0.0000,delivery,4,178472,240661,240661,666456,9015,7551856,666456,41,10747904.000,0.0,104,104,1,,,,
live,live-read64-round2-after.log,after,azqueue,1,idle,64,PASS,1.000551,0,0.0000,delivery,0,0,0,0,364760,4850,6459720,364760,29,0.000,104342.5,0,0,0,,,,
live,live-read64-round2-after.log,after,azqueue,1,interactive,64,PASS,2.730218,2048,0.0007,roundtrip,16,164949,199555,199555,1845720,23608,5872520,1845720,97,49664.000,0.0,2848,2848,64,,,,
live,live-read64-round2-after.log,after,azqueue,1,stream,64,PASS,4.776360,4194304,0.8375,write,64,71211,85358,138692,95750232,83549,7731184,4048424,311,77.750,0.0,4197529,4197529,65536,8192,416,541,625
live,live-read64-round2-after.log,after,azqueue,1,duplex,64,PASS,4.882047,8388608,1.6387,write,128,72194,90118,97192,192180304,171556,10531832,7274256,618,77.250,0.0,8395058,8395058,65536,16384,250,500,625
live,live-read64-round2-after.log,after,azqueue,1,wake,64,PASS,1.069647,1,0.0000,delivery,1,69198,69198,69198,467304,5617,4486432,467304,32,33554432.000,0.0,26,26,1,,,,
live,live-read64-round2-after.log,after,azqueue,4,idle,64,PASS,1.001088,0,0.0000,delivery,0,0,0,0,1400448,18692,6339376,1400448,112,0.000,100690.4,0,0,0,,,,
live,live-read64-round2-after.log,after,azqueue,4,interactive,64,PASS,2.738868,8192,0.0029,roundtrip,64,169015,184268,187943,7002984,94501,7925064,3212664,388,49664.000,0.0,11392,11392,64,,,,
live,live-read64-round2-after.log,after,azqueue,4,stream,64,PASS,5.229253,16777216,3.0597,write,256,73022,111710,124378,385565376,355739,18282392,13324696,1239,77.438,0.0,16790116,16790116,65536,32768,209,458,583
live,live-read64-round2-after.log,after,azqueue,4,duplex,64,PASS,6.557931,33554432,4.8796,write,512,82170,169645,219005,800010464,855056,25635800,18842352,2503,78.219,0.0,33580232,33580232,65536,65536,125,209,334
live,live-read64-round2-after.log,after,azqueue,4,wake,64,PASS,1.070354,4,0.0000,delivery,4,69204,69901,69901,3361864,32088,10494728,3361864,124,32505856.000,0.0,104,104,1,,,,
live,live-read64-round2-after.log,after,aztable,1,idle,64,PASS,1.000524,0,0.0000,delivery,0,0,0,0,391600,5927,4809888,391600,28,0.000,100747.3,0,0,0,,,,
live,live-read64-round2-after.log,after,aztable,1,interactive,64,PASS,1.762563,2048,0.0011,roundtrip,16,109430,117555,117555,1367688,18240,5919152,1367688,65,33280.000,0.0,2848,2848,64,,,,
live,live-read64-round2-after.log,after,aztable,1,stream,64,PASS,2.963339,4194304,1.3498,write,64,40404,61439,124846,99934944,39084,10590944,6483008,117,29.250,0.0,4195929,4195929,65536,8192,167,209,417
live,live-read64-round2-after.log,after,aztable,1,duplex,64,PASS,2.852927,8388608,2.8041,write,128,40121,59039,93695,205046168,74117,13820000,9305656,220,27.500,0.0,8391858,8391858,65536,16384,125,208,458
live,live-read64-round2-after.log,after,aztable,1,wake,64,PASS,1.039253,1,0.0000,delivery,1,38958,38958,38958,435736,6522,5438928,435736,30,31457280.000,0.0,26,26,1,,,,
live,live-read64-round2-after.log,after,aztable,4,idle,64,PASS,1.000989,0,0.0000,delivery,0,0,0,0,1507656,22983,7378752,1507656,110,0.000,98902.2,0,0,0,,,,
live,live-read64-round2-after.log,after,aztable,4,interactive,64,PASS,1.938226,8192,0.0040,roundtrip,64,114961,141462,154183,6219360,79994,8557544,3676968,260,33280.000,0.0,11392,11392,64,,,,
live,live-read64-round2-after.log,after,aztable,4,stream,64,PASS,2.780325,16777216,5.7547,write,256,39795,59447,91617,407748184,151666,21298736,15828016,438,27.375,0.0,16783716,16783716,65536,32768,125,125,250
live,live-read64-round2-after.log,after,aztable,4,duplex,64,PASS,4.537386,33554432,7.0525,write,512,45797,120966,231554,807718816,384692,34756552,27179288,1043,32.594,0.0,33567432,33567432,65536,65536,84,125,250
live,live-read64-round2-after.log,after,aztable,4,wake,64,PASS,1.037324,4,0.0000,delivery,4,36540,36843,36843,1825632,25329,11567376,1825632,116,30408704.000,0.0,104,104,1,,,,
live,live-read64-round2-before.log,before,azblob,1,idle,64,PASS,1.001189,0,0.0000,delivery,0,0,0,0,110040,1384,1505624,110040,7,0.000,25170.1,0,0,0,,,,
live,live-read64-round2-before.log,before,azblob,1,interactive,64,PASS,9.386429,2048,0.0002,roundtrip,16,575492,656385,656385,1133048,16756,2534656,1133048,65,33280.000,0.0,2848,2848,64,,,,
live,live-read64-round2-before.log,before,azblob,1,stream,64,PASS,9.399419,4194304,0.4256,write,64,143535,152354,152740,23160496,297783,4392824,3027048,139,34.750,0.0,4195929,4195929,65536,8192,1792,2417,21833
live,live-read64-round2-before.log,before,azblob,1,duplex,64,PASS,9.917021,8388608,0.8067,write,128,139092,258584,371788,46777016,603887,7725672,5882296,269,33.625,0.0,8391858,8391858,65536,16384,1375,2375,41500
live,live-read64-round2-before.log,before,azblob,1,wake,64,PASS,1.185832,1,0.0000,delivery,1,185368,185368,185368,209856,2166,2805496,209856,10,10485760.000,0.0,26,26,1,,,,
live,live-read64-round2-before.log,before,azblob,4,idle,64,PASS,1.002336,0,0.0000,delivery,0,0,0,0,481176,6249,3729312,481176,32,0.000,28732.9,0,0,0,,,,
live,live-read64-round2-before.log,before,azblob,4,interactive,64,PASS,8.468477,8192,0.0009,roundtrip,64,522134,542602,603142,5360920,72196,5583480,2335448,260,33280.000,0.0,11392,11392,64,,,,
live,live-read64-round2-before.log,before,azblob,4,stream,64,PASS,9.679688,16777216,1.6529,write,256,136534,154233,367351,90833416,1190830,12597648,9429952,533,33.312,0.0,16783716,16783716,65536,32768,1333,2333,18292
live,live-read64-round2-before.log,before,azblob,4,duplex,64,PASS,10.007597,33554432,3.1976,write,512,133175,260805,383560,181869432,2393691,20124240,14880512,1048,32.750,0.0,33567432,33567432,65536,65536,1000,2209,20292
live,live-read64-round2-before.log,before,azblob,4,wake,64,PASS,1.223235,4,0.0000,delivery,4,148671,222557,222557,669120,9025,7722136,669120,41,10747904.000,0.0,104,104,1,,,,
live,live-read64-round2-before.log,before,azqueue,1,idle,64,PASS,1.001284,0,0.0000,delivery,0,0,0,0,373912,4964,6419856,373912,30,0.000,107861.5,0,0,0,,,,
live,live-read64-round2-before.log,before,azqueue,1,interactive,64,PASS,2.746569,2048,0.0007,roundtrip,16,162445,266153,266153,1806256,23610,5789360,1806256,97,49664.000,0.0,2848,2848,64,,,,
live,live-read64-round2-before.log,before,azqueue,1,stream,64,PASS,4.735019,4194304,0.8448,write,64,68981,93200,105951,114754512,347923,8513808,4915144,307,76.750,0.0,4197529,4197529,65536,8192,875,2042,4500
live,live-read64-round2-before.log,before,azqueue,1,duplex,64,PASS,5.977320,8388608,1.3384,write,128,73328,173590,537142,227312304,694344,10642192,7285624,621,77.625,0.0,8395058,8395058,65536,16384,959,1958,5084
live,live-read64-round2-before.log,before,azqueue,1,wake,64,PASS,1.076854,1,0.0000,delivery,1,76680,76680,76680,419296,5580,4696656,419296,32,33554432.000,0.0,26,26,1,,,,
live,live-read64-round2-before.log,before,azqueue,4,idle,64,PASS,1.000503,0,0.0000,delivery,0,0,0,0,1405480,18750,5798008,1405480,112,0.000,100749.3,0,0,0,,,,
live,live-read64-round2-before.log,before,azqueue,4,interactive,64,PASS,2.787374,8192,0.0028,roundtrip,64,167820,212686,221528,7046936,94511,7668200,3131184,388,49664.000,0.0,11392,11392,64,,,,
live,live-read64-round2-before.log,before,azqueue,4,stream,64,PASS,5.120359,16777216,3.1248,write,256,70784,101469,122872,457961288,1412004,18837152,13994304,1224,76.500,0.0,16790116,16790116,65536,32768,833,1834,4916
live,live-read64-round2-before.log,before,azqueue,4,duplex,64,PASS,7.015538,33554432,4.5613,write,512,83719,153758,229414,929801760,2927591,26921064,20273360,2552,79.750,0.0,33580232,33580232,65536,65536,666,1334,3541
live,live-read64-round2-before.log,before,azqueue,4,wake,64,PASS,1.078714,4,0.0000,delivery,4,77911,78252,78252,2677376,27874,9524856,2677376,128,33554432.000,0.0,104,104,1,,,,
live,live-read64-round2-before.log,before,aztable,1,idle,64,PASS,1.000547,0,0.0000,delivery,0,0,0,0,382568,5737,4715696,382568,27,0.000,97146.8,0,0,0,,,,
live,live-read64-round2-before.log,before,aztable,1,interactive,64,PASS,1.804455,2048,0.0011,roundtrip,16,111679,123760,123760,1194856,18182,5764456,1194856,65,33280.000,0.0,2848,2848,64,,,,
live,live-read64-round2-before.log,before,aztable,1,stream,64,PASS,2.809697,4194304,1.4236,write,64,40260,58096,80160,121097648,299095,11250360,7234392,108,27.000,0.0,4195929,4195929,65536,8192,708,1209,17041
live,live-read64-round2-before.log,before,aztable,1,duplex,64,PASS,2.666237,8388608,3.0005,write,128,40013,44152,62897,244334320,598418,13341376,8748960,215,26.875,0.0,8391858,8391858,65536,16384,542,917,5667
live,live-read64-round2-before.log,before,aztable,1,wake,64,PASS,1.041392,1,0.0000,delivery,1,40927,40927,40927,480200,6543,4506240,480200,30,31457280.000,0.0,26,26,1,,,,
live,live-read64-round2-before.log,before,aztable,4,idle,64,PASS,1.000871,0,0.0000,delivery,0,0,0,0,1528952,23272,6410024,1528952,111,0.000,99813.1,0,0,0,,,,
live,live-read64-round2-before.log,before,aztable,4,interactive,64,PASS,1.847350,8192,0.0042,roundtrip,64,111647,126378,133014,5125912,72750,9177536,3588832,260,33280.000,0.0,11392,11392,64,,,,
live,live-read64-round2-before.log,before,aztable,4,stream,64,PASS,2.883828,16777216,5.5482,write,256,39933,56755,91399,485993648,1196284,22511280,16569792,433,27.062,0.0,16783716,16783716,65536,32768,458,792,5042
live,live-read64-round2-before.log,before,aztable,4,duplex,64,PASS,4.188219,33554432,7.6405,write,512,42677,111513,231516,953722016,2469097,33203992,26023328,1012,31.625,0.0,33567432,33567432,65536,65536,375,709,4834
live,live-read64-round2-before.log,before,aztable,4,wake,64,PASS,1.041274,4,0.0000,delivery,4,40021,40326,40326,1661744,25345,11815488,1661744,116,30408704.000,0.0,104,104,1,,,,
live,live-read64-round3-after.log,after,azblob,1,idle,64,PASS,1.001434,0,0.0000,delivery,0,0,0,0,114992,1414,1534696,114992,7,0.000,25163.9,0,0,0,,,,
live,live-read64-round3-after.log,after,azblob,1,interactive,64,PASS,9.372614,2048,0.0002,roundtrip,16,590228,653091,653091,1131992,16752,2605064,1131992,65,33280.000,0.0,2848,2848,64,,,,
live,live-read64-round3-after.log,after,azblob,1,stream,64,PASS,9.808271,4194304,0.4078,write,64,143801,199855,279255,5714008,34628,4109232,2669568,134,33.500,0.0,4195929,4195929,65536,8192,417,500,1750
live,live-read64-round3-after.log,after,azblob,1,duplex,64,PASS,9.647202,8388608,0.8293,write,128,137409,158909,386365,11572552,74150,6035992,3883792,270,33.750,0.0,8391858,8391858,65536,16384,417,500,1709
live,live-read64-round3-after.log,after,azblob,1,wake,64,PASS,1.257973,1,0.0000,delivery,1,257430,257430,257430,206384,2154,2847784,206384,10,10485760.000,0.0,26,26,1,,,,
live,live-read64-round3-after.log,after,azblob,4,idle,64,PASS,1.000623,0,0.0000,delivery,0,0,0,0,486360,6280,4023672,486360,32,0.000,28782.1,0,0,0,,,,
live,live-read64-round3-after.log,after,azblob,4,interactive,64,PASS,8.583495,8192,0.0009,roundtrip,64,486238,580267,673600,5986112,77272,6494000,3433744,260,33280.000,0.0,11392,11392,64,,,,
live,live-read64-round3-after.log,after,azblob,4,stream,64,PASS,9.391787,16777216,1.7036,write,256,134597,159930,355085,21933432,137568,11438184,7855168,530,33.125,0.0,16783716,16783716,65536,32768,416,500,3375
live,live-read64-round3-after.log,after,azblob,4,duplex,64,PASS,10.153646,33554432,3.1516,write,512,131068,261715,403391,48168968,312510,17582432,12022360,1086,33.938,0.0,33567432,33567432,65536,65536,292,500,667
live,live-read64-round3-after.log,after,azblob,4,wake,64,PASS,1.265528,4,0.0000,delivery,4,150052,265096,265096,778464,9338,6419008,778464,44,11534336.000,0.0,104,104,1,,,,
live,live-read64-round3-after.log,after,azqueue,1,idle,64,PASS,1.001276,0,0.0000,delivery,0,0,0,0,361216,4795,6385120,361216,29,0.000,104267.0,0,0,0,,,,
live,live-read64-round3-after.log,after,azqueue,1,interactive,64,PASS,2.627421,2048,0.0007,roundtrip,16,163107,187853,187853,1686344,23611,5262136,1686344,97,49664.000,0.0,2848,2848,64,,,,
live,live-read64-round3-after.log,after,azqueue,1,stream,64,PASS,4.841710,4194304,0.8262,write,64,70556,88426,106678,97198936,86423,7589576,5055320,309,77.250,0.0,4197529,4197529,65536,8192,417,583,666
live,live-read64-round3-after.log,after,azqueue,1,duplex,64,PASS,5.008526,8388608,1.5973,write,128,72747,95325,136897,192101816,169375,9993912,6878568,623,77.875,0.0,8395058,8395058,65536,16384,292,500,625
live,live-read64-round3-after.log,after,azqueue,1,wake,64,PASS,1.067038,1,0.0000,delivery,1,66526,66526,66526,419616,5579,4542232,419616,32,33554432.000,0.0,26,26,1,,,,
live,live-read64-round3-after.log,after,azqueue,4,idle,64,PASS,1.000566,0,0.0000,delivery,0,0,0,0,1401544,18731,5850560,1401544,112,0.000,100742.9,0,0,0,,,,
live,live-read64-round3-after.log,after,azqueue,4,interactive,64,PASS,2.817292,8192,0.0028,roundtrip,64,169369,224165,237042,6971824,94510,7310000,2915928,388,49664.000,0.0,11392,11392,64,,,,
live,live-read64-round3-after.log,after,azqueue,4,stream,64,PASS,5.078326,16777216,3.1506,write,256,71650,95433,114750,384451616,354720,17130624,13188088,1235,77.188,0.0,16790116,16790116,65536,32768,208,459,584
live,live-read64-round3-after.log,after,azqueue,4,duplex,64,PASS,7.143444,33554432,4.4796,write,512,86124,220330,247350,804104976,893414,33515176,27642064,2516,78.625,0.0,33580232,33580232,65536,65536,125,209,375
live,live-read64-round3-after.log,after,azqueue,4,wake,64,PASS,1.083246,4,0.0000,delivery,4,73294,82890,82890,10693552,77028,15889144,6742176,124,32505856.000,0.0,104,104,1,,,,
live,live-read64-round3-after.log,after,aztable,1,idle,64,PASS,1.001073,0,0.0000,delivery,0,0,0,0,523888,6743,5786672,523888,28,0.000,100691.9,0,0,0,,,,
live,live-read64-round3-after.log,after,aztable,1,interactive,64,PASS,1.759238,2048,0.0011,roundtrip,16,109536,115427,115427,1367272,18235,6657408,1367272,65,33280.000,0.0,2848,2848,64,,,,
live,live-read64-round3-after.log,after,aztable,1,stream,64,PASS,2.861396,4194304,1.3979,write,64,39977,62426,115907,100666584,37894,11051984,6498656,112,28.000,0.0,4195929,4195929,65536,8192,167,209,375
live,live-read64-round3-after.log,after,aztable,1,duplex,64,PASS,2.741370,8388608,2.9182,write,128,40024,47636,83584,207292424,75811,13707784,9326376,217,27.125,0.0,8391858,8391858,65536,16384,125,167,416
live,live-read64-round3-after.log,after,aztable,1,wake,64,PASS,1.037713,1,0.0000,delivery,1,37541,37541,37541,428200,6484,5282016,428200,30,31457280.000,0.0,26,26,1,,,,
live,live-read64-round3-after.log,after,aztable,4,idle,64,PASS,1.000586,0,0.0000,delivery,0,0,0,0,1533944,23399,7193896,1533944,112,0.000,100741.0,0,0,0,,,,
live,live-read64-round3-after.log,after,aztable,4,interactive,64,PASS,1.821905,8192,0.0043,roundtrip,64,112076,119369,139887,5034352,72832,8731256,3429672,260,33280.000,0.0,11392,11392,64,,,,
live,live-read64-round3-after.log,after,aztable,4,stream,64,PASS,3.058715,16777216,5.2310,write,256,39455,72086,200210,411401456,158955,21319704,15622472,460,28.750,0.0,16783716,16783716,65536,32768,84,167,291
live,live-read64-round3-after.log,after,aztable,4,duplex,64,PASS,3.747848,33554432,8.5382,write,512,40205,104804,158013,809389472,343092,32580832,26044624,930,29.062,0.0,33567432,33567432,65536,65536,83,125,250
live,live-read64-round3-after.log,after,aztable,4,wake,64,PASS,1.033952,4,0.0000,delivery,4,32793,33474,33474,1788360,25471,10444056,1788360,116,30408704.000,0.0,104,104,1,,,,
live,live-read64-round3-before.log,before,azblob,1,idle,64,PASS,1.000765,0,0.0000,delivery,0,0,0,0,129208,1606,1556632,129208,8,0.000,28778.0,0,0,0,,,,
live,live-read64-round3-before.log,before,azblob,1,interactive,64,PASS,9.213914,2048,0.0002,roundtrip,16,554773,688089,688089,1060664,16783,2575272,1060664,65,33280.000,0.0,2848,2848,64,,,,
live,live-read64-round3-before.log,before,azblob,1,stream,64,PASS,9.326762,4194304,0.4289,write,64,136842,158132,267276,23207096,296558,4614120,3171544,132,33.000,0.0,4195929,4195929,65536,8192,1750,2334,46625
live,live-read64-round3-before.log,before,azblob,1,duplex,64,PASS,9.594416,8388608,0.8338,write,128,140252,151835,269592,45205976,594777,5883664,4002560,269,33.625,0.0,8391858,8391858,65536,16384,1791,2292,30083
live,live-read64-round3-before.log,before,azblob,1,wake,64,PASS,1.140826,1,0.0000,delivery,1,140316,140316,140316,162616,2136,2590512,162616,10,10485760.000,0.0,26,26,1,,,,
live,live-read64-round3-before.log,before,azblob,4,idle,64,PASS,1.001122,0,0.0000,delivery,0,0,0,0,488416,6310,3642376,488416,32,0.000,28767.7,0,0,0,,,,
live,live-read64-round3-before.log,before,azblob,4,interactive,64,PASS,8.279685,8192,0.0009,roundtrip,64,478010,530774,538846,4455440,66980,5769368,2341696,260,33280.000,0.0,11392,11392,64,,,,
live,live-read64-round3-before.log,before,azblob,4,stream,64,PASS,10.016392,16777216,1.5974,write,256,136859,257967,392201,92963248,1199660,13561784,9984504,529,33.062,0.0,16783716,16783716,65536,32768,1334,2416,27791
live,live-read64-round3-before.log,before,azblob,4,duplex,64,PASS,10.516934,33554432,3.0427,write,512,137029,265731,437549,182319840,2401545,19672816,15320376,1094,34.188,0.0,33567432,33567432,65536,65536,1000,2208,24167
live,live-read64-round3-before.log,before,azqueue,1,idle,64,PASS,1.000439,0,0.0000,delivery,0,0,0,0,367640,4868,2846184,367640,29,0.000,104354.2,0,0,0,,,,
live,live-read64-round3-before.log,before,azqueue,1,interactive,64,PASS,2.747335,2048,0.0007,roundtrip,16,166969,201028,201028,1862976,23653,4369064,1763760,97,49664.000,0.0,2848,2848,64,,,,
live,live-read64-round3-before.log,before,azqueue,1,stream,64,PASS,4.881424,4194304,0.8194,write,64,71124,93611,109551,114858344,349198,7714600,5204664,308,77.000,0.0,4197529,4197529,65536,8192,1333,2334,6000
live,live-read64-round3-before.log,before,azqueue,1,duplex,64,PASS,4.930689,8388608,1.6225,write,128,72407,90544,114292,226761384,693214,9249240,6037912,620,77.500,0.0,8395058,8395058,65536,16384,1000,2167,5708
live,live-read64-round3-before.log,before,azqueue,1,wake,64,PASS,1.065877,1,0.0000,delivery,1,65460,65460,65460,419872,5587,4219496,419872,32,33554432.000,0.0,26,26,1,,,,
live,live-read64-round3-before.log,before,azqueue,4,idle,64,PASS,1.000605,0,0.0000,delivery,0,0,0,0,1408000,18781,5336496,1408000,112,0.000,100739.1,0,0,0,,,,
live,live-read64-round3-before.log,before,azqueue,4,interactive,64,PASS,2.774169,8192,0.0028,roundtrip,64,167298,198750,217576,7203064,94538,7184928,3114968,388,49664.000,0.0,11392,11392,64,,,,
live,live-read64-round3-before.log,before,azqueue,4,stream,64,PASS,5.014385,16777216,3.1908,write,256,70993,111064,121436,457439800,1413563,16846144,12812072,1228,76.750,0.0,16790116,16790116,65536,32768,875,1833,5333
live,live-read64-round3-before.log,before,azqueue,4,duplex,64,PASS,5.990394,33554432,5.3419,write,512,76420,142513,220131,933654328,2936334,26577112,20854128,2486,77.688,0.0,33580232,33580232,65536,65536,625,1208,3250
live,live-read64-round3-before.log,before,azqueue,4,wake,64,PASS,1.095923,4,0.0000,delivery,4,95514,95629,95629,2005032,24311,10115064,2005032,128,33554432.000,0.0,104,104,1,,,,
live,live-read64-round3-before.log,before,aztable,1,idle,64,PASS,1.001386,0,0.0000,delivery,0,0,0,0,408536,6106,6673176,408536,29,0.000,104255.5,0,0,0,,,,
live,live-read64-round3-before.log,before,aztable,1,interactive,64,PASS,1.787935,2048,0.0011,roundtrip,16,111432,116250,116250,1367224,18248,5510448,1367224,65,33280.000,0.0,2848,2848,64,,,,
live,live-read64-round3-before.log,before,aztable,1,stream,64,PASS,2.825044,4194304,1.4159,write,64,40210,67967,82311,119743896,299559,11063944,6879040,110,27.500,0.0,4195929,4195929,65536,8192,709,1208,11125
live,live-read64-round3-before.log,before,aztable,1,duplex,64,PASS,2.750392,8388608,2.9087,write,128,40281,49498,87855,238532400,600435,13397488,8894040,217,27.125,0.0,8391858,8391858,65536,16384,542,917,5417
live,live-read64-round3-before.log,before,aztable,1,wake,64,PASS,1.034916,1,0.0000,delivery,1,34789,34789,34789,416352,6282,4854856,416352,29,30408704.000,0.0,26,26,1,,,,
live,live-read64-round3-before.log,before,aztable,4,idle,64,PASS,1.000645,0,0.0000,delivery,0,0,0,0,1499608,22838,6531344,1499608,108,0.000,97137.3,0,0,0,,,,
live,live-read64-round3-before.log,before,aztable,4,interactive,64,PASS,1.851703,8192,0.0042,roundtrip,64,112191,131023,143542,5282168,74833,8167424,2953288,260,33280.000,0.0,11392,11392,64,,,,
live,live-read64-round3-before.log,before,aztable,4,stream,64,PASS,3.051312,16777216,5.2436,write,256,40069,68377,93776,480437768,1204816,22819144,17444704,446,27.875,0.0,16783716,16783716,65536,32768,458,792,5166
live,live-read64-round3-before.log,before,aztable,4,duplex,64,PASS,4.260586,33554432,7.5107,write,512,42534,149972,231789,953354848,2492966,33286376,25353656,1055,32.969,0.0,33567432,33567432,65536,65536,375,709,5000
live,live-read64-round3-before.log,before,aztable,4,wake,64,PASS,1.093681,4,0.0000,delivery,4,55234,93261,93261,1907656,26572,11107688,1907656,123,32243712.000,0.0,104,104,1,,,,
local,local-read1024-round1-after.log,after,azblob,1,stream,1024,PASS,0.182212,4194304,21.9524,write,64,2635,3724,4758,6831008,59246,3354552,2546920,226,56.500,0.0,4195929,4195929,65536,4096,84,167,2188542
local,local-read1024-round1-after.log,after,azblob,4,stream,1024,PASS,0.279670,16777216,57.2103,write,256,4104,6025,8880,22612720,169829,8163928,6261032,653,40.812,0.0,16783716,16783716,65536,16384,83,167,3598959
local,local-read1024-round1-after.log,after,azqueue,1,stream,1024,PASS,0.294798,4194304,13.5686,write,64,4461,5368,5523,100096960,108217,5455112,2246384,450,112.500,0.0,4197529,4197529,65536,4160,84,333,2509125
local,local-read1024-round1-after.log,after,azqueue,4,stream,1024,PASS,0.880844,16777216,18.1644,write,256,13332,16103,16955,405479368,599172,8298888,6278056,2848,178.000,0.0,16790116,16790116,65536,16640,84,250,7638500
local,local-read1024-round1-after.log,after,aztable,1,stream,1024,PASS,0.194779,4194304,20.5361,write,64,1470,3273,4218,112076840,31412,7902560,4895376,85,21.250,0.0,4195929,4195929,65536,4096,83,125,11167
local,local-read1024-round1-after.log,after,aztable,4,stream,1024,PASS,0.333169,16777216,48.0237,write,256,4652,9016,11023,437574864,138700,15772248,13155760,399,24.938,0.0,16783716,16783716,65536,16384,83,167,11916
local,local-read1024-round1-before.log,before,azblob,1,stream,1024,PASS,0.187138,4194304,21.3746,write,64,2396,4599,8779,7303096,70272,3353992,2547072,207,51.750,0.0,4195929,4195929,65536,4096,416,958,2091042
local,local-read1024-round1-before.log,before,azblob,4,stream,1024,PASS,0.312173,16777216,51.2537,write,256,4507,6572,7833,26640312,210594,8923176,6893192,565,35.312,0.0,16783716,16783716,65536,16384,375,1042,4353333
local,local-read1024-round1-before.log,before,azqueue,1,stream,1024,PASS,0.387191,4194304,10.3308,write,64,5846,7045,7764,100761312,136232,7063000,3169440,525,131.250,0.0,4197529,4197529,65536,4160,417,1334,3742583
local,local-read1024-round1-before.log,before,azqueue,4,stream,1024,PASS,0.964426,16777216,16.5902,write,256,14843,18062,19947,409337232,666389,9576752,6934488,2868,179.250,0.0,16790116,16790116,65536,16640,375,1042,8189625
local,local-read1024-round1-before.log,before,aztable,1,stream,1024,PASS,0.199130,4194304,20.0874,write,64,1529,3593,4821,112829464,47476,6747512,3279064,85,21.250,0.0,4195929,4195929,65536,4096,333,583,11750
local,local-read1024-round1-before.log,before,aztable,4,stream,1024,PASS,0.337487,16777216,47.4092,write,256,4757,7925,10268,442225080,201389,15331136,12782456,391,24.438,0.0,16783716,16783716,65536,16384,334,916,15791
local,local-read1024-round2-after.log,after,azblob,1,stream,1024,PASS,0.195319,4194304,20.4793,write,64,2747,4305,4770,6934440,62259,3372624,2565072,237,59.250,0.0,4195929,4195929,65536,4096,84,166,2908792
local,local-read1024-round2-after.log,after,azblob,4,stream,1024,PASS,0.309241,16777216,51.7396,write,256,4540,7074,10248,22072512,155908,8202968,6322424,602,37.625,0.0,16783716,16783716,65536,16384,208,291,4076542
local,local-read1024-round2-after.log,after,azqueue,1,stream,1024,PASS,0.417198,4194304,9.5878,write,64,5974,9177,17325,99977992,118289,5765344,2294672,513,128.250,0.0,4197529,4197529,65536,4160,84,333,3959292
local,local-read1024-round2-after.log,after,azqueue,4,stream,1024,PASS,0.967694,16777216,16.5342,write,256,14677,18548,21391,406264504,604494,8745728,6543040,2879,179.938,0.0,16790116,16790116,65536,16640,84,250,8173375
local,local-read1024-round2-after.log,after,aztable,1,stream,1024,PASS,0.198387,4194304,20.1626,write,64,1558,3702,3836,112177072,31566,6778000,5253600,85,21.250,0.0,4195929,4195929,65536,4096,83,125,12042
local,local-read1024-round2-after.log,after,aztable,4,stream,1024,PASS,0.371545,16777216,43.0634,write,256,5036,9102,12039,434237832,139076,17633528,14780720,392,24.500,0.0,16783716,16783716,65536,16384,83,167,12042
local,local-read1024-round2-before.log,before,azblob,1,stream,1024,PASS,0.175620,4194304,22.7765,write,64,2527,3988,4535,7724136,76463,3366568,2558560,230,57.500,0.0,4195929,4195929,65536,4096,375,625,2266125
local,local-read1024-round2-before.log,before,azblob,4,stream,1024,PASS,0.300471,16777216,53.2497,write,256,4338,6514,9321,26342544,219160,7857936,5930368,597,37.312,0.0,16783716,16783716,65536,16384,333,833,4083334
local,local-read1024-round2-before.log,before,azqueue,1,stream,1024,PASS,0.353815,4194304,11.3053,write,64,5309,6934,11598,101896320,134202,3500792,2226184,510,127.500,0.0,4197529,4197529,65536,4160,375,1708,3525333
local,local-read1024-round2-before.log,before,azqueue,4,stream,1024,PASS,0.964165,16777216,16.5947,write,256,14962,16800,17718,411613248,662864,8402968,6380336,2834,177.125,0.0,16790116,16790116,65536,16640,375,1042,8282417
local,local-read1024-round2-before.log,before,aztable,1,stream,1024,PASS,0.204223,4194304,19.5864,write,64,1576,3839,4525,114140880,47659,6279264,3325992,85,21.250,0.0,4195929,4195929,65536,4096,333,708,11791
local,local-read1024-round2-before.log,before,aztable,4,stream,1024,PASS,0.357905,16777216,44.7046,write,256,4825,9848,11790,439303120,200157,17584856,14950792,387,24.188,0.0,16783716,16783716,65536,16384,333,750,12500
local,local-read1024-round3-after.log,after,azblob,1,stream,1024,PASS,0.216753,4194304,18.4542,write,64,3146,5187,5315,7045152,64381,3289792,2480944,245,61.250,0.0,4195929,4195929,65536,4096,84,125,2892000
local,local-read1024-round3-after.log,after,azblob,4,stream,1024,PASS,0.291842,16777216,54.8241,write,256,4241,6441,7912,21921888,162346,7864008,5943224,626,39.125,0.0,16783716,16783716,65536,16384,84,250,3702416
local,local-read1024-round3-after.log,after,azqueue,1,stream,1024,PASS,0.336577,4194304,11.8844,write,64,5147,6146,6474,99333360,105286,5435704,2309968,433,108.250,0.0,4197529,4197529,65536,4160,208,458,3158833
local,local-read1024-round3-after.log,after,azqueue,4,stream,1024,PASS,0.989879,16777216,16.1636,write,256,15238,17375,19475,406408024,602379,8749848,6757416,2867,179.188,0.0,16790116,16790116,65536,16640,84,291,8444083
local,local-read1024-round3-after.log,after,aztable,1,stream,1024,PASS,0.201489,4194304,19.8522,write,64,1623,3516,3959,112346560,31414,6658272,5256968,85,21.250,0.0,4195929,4195929,65536,4096,83,125,10750
local,local-read1024-round3-after.log,after,aztable,4,stream,1024,PASS,0.354990,16777216,45.0717,write,256,5023,8726,11636,441467248,137021,16323960,13501352,392,24.500,0.0,16783716,16783716,65536,16384,83,167,11875
local,local-read1024-round3-before.log,before,azblob,1,stream,1024,PASS,0.192667,4194304,20.7612,write,64,2681,4491,5092,8118248,77526,3416456,2609816,234,58.500,0.0,4195929,4195929,65536,4096,375,625,2813666
local,local-read1024-round3-before.log,before,azblob,4,stream,1024,PASS,0.329833,16777216,48.5093,write,256,4837,7103,8183,26817480,231716,7964032,5955152,644,40.250,0.0,16783716,16783716,65536,16384,375,1000,4139792
local,local-read1024-round3-before.log,before,azqueue,1,stream,1024,PASS,0.418526,4194304,9.5573,write,64,6327,8010,9300,101401112,138608,3421368,2245376,539,134.750,0.0,4197529,4197529,65536,4160,417,1292,3993666
local,local-read1024-round3-before.log,before,azqueue,4,stream,1024,PASS,0.930941,16777216,17.1869,write,256,14330,17020,18936,411028584,663357,8462896,6503976,2844,177.750,0.0,16790116,16790116,65536,16640,375,1083,7999125
local,local-read1024-round3-before.log,before,aztable,1,stream,1024,PASS,0.198975,4194304,20.1030,write,64,1581,3495,4642,114819632,47652,7022232,4032216,85,21.250,0.0,4195929,4195929,65536,4096,333,583,11792
local,local-read1024-round3-before.log,before,aztable,4,stream,1024,PASS,0.350198,16777216,45.6885,write,256,4924,8796,10642,439830048,201619,17614720,14655824,394,24.625,0.0,16783716,16783716,65536,16384,334,1000,23667
local,local-read64-round1-after.log,after,azblob,1,idle,64,PASS,1.000550,0,0.0000,delivery,0,0,0,0,1089480,13944,1893016,1089480,70,0.000,251861.4,0,0,0,,,,
local,local-read64-round1-after.log,after,azblob,1,interactive,64,PASS,0.261968,2048,0.0075,roundtrip,16,15226,23779,23779,1082952,16632,1849952,1082952,65,33280.000,0.0,2848,2848,64,,,,
local,local-read64-round1-after.log,after,azblob,1,stream,64,PASS,0.261065,4194304,15.3218,write,64,3667,6749,12468,6427096,55719,3323744,2292912,213,53.250,0.0,4195929,4195929,65536,8192,84,292,459
local,local-read64-round1-after.log,after,azblob,1,duplex,64,PASS,0.205174,8388608,38.9913,write,128,3018,4568,4867,11763904,90718,3954696,2604904,348,43.500,0.0,8391858,8391858,65536,16384,84,208,292
local,local-read64-round1-after.log,after,azblob,1,wake,64,PASS,1.019254,1,0.0000,delivery,1,18678,18678,18678,1179200,15207,2772064,1179200,76,79691776.000,0.0,26,26,1,,,,
local,local-read64-round1-after.log,after,azblob,4,idle,64,PASS,1.000540,0,0.0000,delivery,0,0,0,0,5004032,63969,3651792,1367328,322,0.000,289643.5,0,0,0,,,,
local,local-read64-round1-after.log,after,azblob,4,interactive,64,PASS,0.157560,8192,0.0496,roundtrip,64,7826,19098,23325,4437192,66592,4054128,1805584,260,33280.000,0.0,11392,11392,64,,,,
local,local-read64-round1-after.log,after,azblob,4,stream,64,PASS,0.313615,16777216,51.0180,write,256,4603,6805,7872,21793176,135461,8222312,6481224,527,32.938,0.0,16783716,16783716,65536,32768,84,208,292
local,local-read64-round1-after.log,after,azblob,4,duplex,64,PASS,0.499091,33554432,64.1166,write,512,7415,10105,11030,37669272,203923,14377472,10483840,812,25.375,0.0,33567432,33567432,65536,65536,125,208,333
local,local-read64-round1-after.log,after,azblob,4,wake,64,PASS,1.032447,4,0.0000,delivery,4,24719,32197,32197,5297536,66808,7929392,3011360,335,87818240.000,0.0,104,104,1,,,,
local,local-read64-round1-after.log,after,azqueue,1,idle,64,PASS,1.000610,0,0.0000,delivery,0,0,0,0,902224,11738,2835688,902224,72,0.000,259041.9,0,0,0,,,,
local,local-read64-round1-after.log,after,azqueue,1,interactive,64,PASS,0.333175,2048,0.0059,roundtrip,16,21749,31595,31595,1860296,23273,3125992,1186904,97,49664.000,0.0,2848,2848,64,,,,
local,local-read64-round1-after.log,after,azqueue,1,stream,64,PASS,0.802641,4194304,4.9836,write,64,7830,22722,234148,100415616,124873,3934512,2556480,554,138.500,0.0,4197529,4197529,65536,8192,84,167,291
local,local-read64-round1-after.log,after,azqueue,1,duplex,64,PASS,0.460751,8388608,17.3630,write,128,6839,9330,13346,200794264,236588,4895864,3448576,1001,125.125,0.0,8395058,8395058,65536,16384,83,125,209
local,local-read64-round1-after.log,after,azqueue,1,wake,64,PASS,1.024657,1,0.0000,delivery,1,24043,24043,24043,1060344,13257,2493136,948224,80,83886080.000,0.0,26,26,1,,,,
local,local-read64-round1-after.log,after,azqueue,4,idle,64,PASS,1.000558,0,0.0000,delivery,0,0,0,0,3883280,50669,3735168,1346448,312,0.000,280643.3,0,0,0,,,,
local,local-read64-round1-after.log,after,azqueue,4,interactive,64,PASS,0.217247,8192,0.0360,roundtrip,64,10299,25269,30905,7179712,93119,3678816,1744376,388,49664.000,0.0,11392,11392,64,,,,
local,local-read64-round1-after.log,after,azqueue,4,stream,64,PASS,1.012903,16777216,15.7962,write,256,15534,17606,18668,407812688,608441,7987816,6137368,2905,181.562,0.0,16790116,16790116,65536,32768,83,84,167
local,local-read64-round1-after.log,after,azqueue,4,duplex,64,PASS,2.433074,33554432,13.1521,write,512,38253,43988,45573,851810840,1871835,12473144,9926240,9426,294.562,0.0,33580232,33580232,65536,65536,83,84,167
local,local-read64-round1-after.log,after,azqueue,4,wake,64,PASS,1.041487,4,0.0000,delivery,4,29545,41184,41184,4510024,57390,5601600,1890736,348,91226112.000,0.0,104,104,1,,,,
local,local-read64-round1-after.log,after,aztable,1,idle,64,PASS,1.000554,0,0.0000,delivery,0,0,0,0,985872,14878,2521768,963568,72,0.000,259056.6,0,0,0,,,,
local,local-read64-round1-after.log,after,aztable,1,interactive,64,PASS,0.152456,2048,0.0128,roundtrip,16,8952,12350,12350,1361280,17999,2772368,1125168,65,33280.000,0.0,2848,2848,64,,,,
local,local-read64-round1-after.log,after,aztable,1,stream,64,PASS,0.258778,4194304,15.4573,write,64,2062,5610,8577,113247504,31479,6513712,5003248,85,21.250,0.0,4195929,4195929,65536,8192,83,125,292
local,local-read64-round1-after.log,after,aztable,1,duplex,64,PASS,0.237674,8388608,33.6595,write,128,2165,4994,5300,224035208,60901,10049512,7931792,169,21.125,0.0,8391858,8391858,65536,16384,83,84,209
local,local-read64-round1-after.log,after,aztable,1,wake,64,PASS,1.014619,1,0.0000,delivery,1,14463,14463,14463,1078504,16279,3844960,1078504,78,81788928.000,0.0,26,26,1,,,,
local,local-read64-round1-after.log,after,aztable,4,idle,64,PASS,1.000560,0,0.0000,delivery,0,0,0,0,4410736,66712,4004880,1310232,323,0.000,290537.2,0,0,0,,,,
local,local-read64-round1-after.log,after,aztable,4,interactive,64,PASS,0.068548,8192,0.1140,roundtrip,64,4010,7853,12254,5020688,71785,5061040,2316320,260,33280.000,0.0,11392,11392,64,,,,
local,local-read64-round1-after.log,after,aztable,4,stream,64,PASS,0.368438,16777216,43.4265,write,256,5169,8818,15578,435840352,138268,15518488,12726272,400,25.000,0.0,16783716,16783716,65536,32768,83,84,208
local,local-read64-round1-after.log,after,aztable,4,duplex,64,PASS,0.706849,33554432,45.2713,write,512,10019,17617,23394,824573952,300851,25551256,20679984,927,28.969,0.0,33567432,33567432,65536,65536,83,84,209
local,local-read64-round1-after.log,after,aztable,4,wake,64,PASS,1.009795,4,0.0000,delivery,4,9208,9407,9407,4769208,70438,11220568,3791232,337,88342528.000,0.0,104,104,1,,,,
local,local-read64-round1-before.log,before,azblob,1,idle,64,PASS,1.000318,0,0.0000,delivery,0,0,0,0,1118648,14327,1924576,1118648,72,0.000,259117.6,0,0,0,,,,
local,local-read64-round1-before.log,before,azblob,1,interactive,64,PASS,0.223953,2048,0.0087,roundtrip,16,13525,20659,20659,1087304,16629,1856880,1087304,65,33280.000,0.0,2848,2848,64,,,,
local,local-read64-round1-before.log,before,azblob,1,stream,64,PASS,0.245597,4194304,16.2868,write,64,3579,5531,6462,22694184,305577,3760352,2862568,167,41.750,0.0,4195929,4195929,65536,8192,792,1250,8667
local,local-read64-round1-before.log,before,azblob,1,duplex,64,PASS,0.241797,8388608,33.0856,write,128,3485,4926,6377,46157840,608006,3894288,2949848,321,40.125,0.0,8391858,8391858,65536,16384,333,750,4584
local,local-read64-round1-before.log,before,azblob,1,wake,64,PASS,1.015435,1,0.0000,delivery,1,15292,15292,15292,1249224,15427,2763376,1169080,77,80740352.000,0.0,26,26,1,,,,
local,local-read64-round1-before.log,before,azblob,4,idle,64,PASS,1.000827,0,0.0000,delivery,0,0,0,0,5056056,64504,3027088,1095216,325,0.000,292258.4,0,0,0,,,,
local,local-read64-round1-before.log,before,azblob,4,interactive,64,PASS,0.189908,8192,0.0411,roundtrip,64,9606,24631,32257,4567872,66597,3558488,1555152,260,33280.000,0.0,11392,11392,64,,,,
local,local-read64-round1-before.log,before,azblob,4,stream,64,PASS,0.359712,16777216,44.4800,write,256,5146,8246,10329,89230584,1176870,9378088,7351376,503,31.438,0.0,16783716,16783716,65536,32768,333,875,5250
local,local-read64-round1-before.log,before,azblob,4,duplex,64,PASS,0.545821,33554432,58.6272,write,512,7979,11595,12808,173185664,2285333,15304840,11393632,762,23.812,0.0,33567432,33567432,65536,65536,292,666,4167
local,local-read64-round1-before.log,before,azblob,4,wake,64,PASS,1.022708,4,0.0000,delivery,4,18411,22213,22213,5455440,68816,9402488,3534168,345,90439680.000,0.0,104,104,1,,,,
local,local-read64-round1-before.log,before,azqueue,1,idle,64,PASS,1.000608,0,0.0000,delivery,0,0,0,0,887712,11556,2340696,887712,71,0.000,255444.7,0,0,0,,,,
local,local-read64-round1-before.log,before,azqueue,1,interactive,64,PASS,0.309022,2048,0.0063,roundtrip,16,18543,28171,28171,1809776,23301,2926488,1472088,97,49664.000,0.0,2848,2848,64,,,,
local,local-read64-round1-before.log,before,azqueue,1,stream,64,PASS,0.447302,4194304,8.9425,write,64,6095,8236,28236,116747952,371097,4059864,2390976,455,113.750,0.0,4197529,4197529,65536,8192,334,917,1959
local,local-read64-round1-before.log,before,azqueue,1,duplex,64,PASS,0.549973,8388608,14.5462,write,128,8076,11464,20306,234967512,766463,4774936,3027880,1035,129.375,0.0,8395058,8395058,65536,16384,292,542,1417
local,local-read64-round1-before.log,before,azqueue,1,wake,64,PASS,1.024925,1,0.0000,delivery,1,24339,24339,24339,1007128,12598,2473224,1007128,76,79691776.000,0.0,26,26,1,,,,
local,local-read64-round1-before.log,before,azqueue,4,idle,64,PASS,1.000620,0,0.0000,delivery,0,0,0,0,3776648,49233,3665512,1406568,303,0.000,272530.9,0,0,0,,,,
local,local-read64-round1-before.log,before,azqueue,4,interactive,64,PASS,0.201791,8192,0.0387,roundtrip,64,10515,24178,28498,7177712,93180,4374680,2036720,388,49664.000,0.0,11392,11392,64,,,,
local,local-read64-round1-before.log,before,azqueue,4,stream,64,PASS,1.004823,16777216,15.9232,write,256,15383,19441,21027,472036304,1623076,9025568,6684896,2693,168.312,0.0,16790116,16790116,65536,32768,292,542,1375
local,local-read64-round1-before.log,before,azqueue,4,duplex,64,PASS,2.258478,33554432,14.1688,write,512,34695,44189,48421,981304104,3860142,13507856,10551256,8790,274.688,0.0,33580232,33580232,65536,65536,292,541,1417
local,local-read64-round1-before.log,before,azqueue,4,wake,64,PASS,1.043893,4,0.0000,delivery,4,37306,43612,43612,4512648,56814,6593344,2384888,344,90177536.000,0.0,104,104,1,,,,
local,local-read64-round1-before.log,before,aztable,1,idle,64,PASS,1.000525,0,0.0000,delivery,0,0,0,0,968272,14658,4395552,968272,71,0.000,255465.8,0,0,0,,,,
local,local-read64-round1-before.log,before,aztable,1,interactive,64,PASS,0.130501,2048,0.0150,roundtrip,16,7058,13091,13091,1216280,17906,2866296,1117640,65,33280.000,0.0,2848,2848,64,,,,
local,local-read64-round1-before.log,before,aztable,1,stream,64,PASS,0.285777,4194304,13.9969,write,64,2315,5986,7061,130686872,293444,6942032,5541264,85,21.250,0.0,4195929,4195929,65536,8192,333,709,5667
local,local-read64-round1-before.log,before,aztable,1,duplex,64,PASS,0.263498,8388608,30.3608,write,128,2212,5400,8846,260633208,585380,8694960,6544456,171,21.375,0.0,8391858,8391858,65536,16384,292,500,6541
local,local-read64-round1-before.log,before,aztable,1,wake,64,PASS,1.011675,1,0.0000,delivery,1,11457,11457,11457,1074816,16256,3809760,1074816,78,81788928.000,0.0,26,26,1,,,,
local,local-read64-round1-before.log,before,aztable,4,idle,64,PASS,1.000376,0,0.0000,delivery,0,0,0,0,4359744,66057,4250176,1514128,320,0.000,287891.8,0,0,0,,,,
local,local-read64-round1-before.log,before,aztable,4,interactive,64,PASS,0.088174,8192,0.0886,roundtrip,64,4521,13231,14797,4999544,71806,5039424,2258728,260,33280.000,0.0,11392,11392,64,,,,
local,local-read64-round1-before.log,before,aztable,4,stream,64,PASS,0.384174,16777216,41.6478,write,256,5327,9564,11489,511132912,1185110,15962544,13168880,394,24.625,0.0,16783716,16783716,65536,32768,292,625,4083
local,local-read64-round1-before.log,before,aztable,4,duplex,64,PASS,0.769234,33554432,41.5998,write,512,10936,19673,22500,981298760,2396025,24425352,20653296,920,28.750,0.0,33567432,33567432,65536,65536,292,625,4083
local,local-read64-round1-before.log,before,aztable,4,wake,64,PASS,1.008491,4,0.0000,delivery,4,7034,7804,7804,4811560,70420,8656464,3025048,337,88342528.000,0.0,104,104,1,,,,
local,local-read64-round2-after.log,after,azblob,1,idle,64,PASS,1.000484,0,0.0000,delivery,0,0,0,0,1121192,14347,1931488,1121192,72,0.000,259074.7,0,0,0,,,,
local,local-read64-round2-after.log,after,azblob,1,interactive,64,PASS,0.251026,2048,0.0078,roundtrip,16,14341,23538,23538,1129128,16636,1859552,1129128,65,33280.000,0.0,2848,2848,64,,,,
local,local-read64-round2-after.log,after,azblob,1,stream,64,PASS,0.259084,4194304,15.4390,write,64,3741,6028,7715,6144088,52281,3331544,2294592,200,50.000,0.0,4195929,4195929,65536,8192,209,458,2417
local,local-read64-round2-after.log,after,azblob,1,duplex,64,PASS,0.190704,8388608,41.9498,write,128,2795,3799,4315,11142416,83047,4112224,2925416,320,40.000,0.0,8391858,8391858,65536,16384,167,209,500
local,local-read64-round2-after.log,after,azblob,1,wake,64,PASS,1.025159,1,0.0000,delivery,1,24657,24657,24657,1275656,15848,3020424,1178768,79,82837504.000,0.0,26,26,1,,,,
local,local-read64-round2-after.log,after,azblob,4,idle,64,PASS,1.000946,0,0.0000,delivery,0,0,0,0,4930080,63080,3246816,1137288,318,0.000,285929.4,0,0,0,,,,
local,local-read64-round2-after.log,after,azblob,4,interactive,64,PASS,0.151681,8192,0.0515,roundtrip,64,7826,17761,18858,4580992,66751,3729512,1618768,260,33280.000,0.0,11392,11392,64,,,,
local,local-read64-round2-after.log,after,azblob,4,stream,64,PASS,0.300920,16777216,53.1702,write,256,4506,6379,7335,21709904,140562,8716432,6499856,547,34.188,0.0,16783716,16783716,65536,32768,84,208,333
local,local-read64-round2-after.log,after,azblob,4,duplex,64,PASS,0.457040,33554432,70.0157,write,512,6911,9083,10302,37720344,209948,13795896,9383864,833,26.031,0.0,33567432,33567432,65536,65536,125,208,292
local,local-read64-round2-after.log,after,azblob,4,wake,64,PASS,1.023794,4,0.0000,delivery,4,20709,23526,23526,5470864,68620,8438968,3010712,344,90177536.000,0.0,104,104,1,,,,
local,local-read64-round2-after.log,after,azqueue,1,idle,64,PASS,1.000251,0,0.0000,delivery,0,0,0,0,911600,11872,3943144,911600,73,0.000,262734.1,0,0,0,,,,
local,local-read64-round2-after.log,after,azqueue,1,interactive,64,PASS,0.347187,2048,0.0056,roundtrip,16,20956,30395,30395,1809128,23301,2710976,1301376,97,49664.000,0.0,2848,2848,64,,,,
local,local-read64-round2-after.log,after,azqueue,1,stream,64,PASS,0.599320,4194304,6.6742,write,64,8824,11870,19911,100863232,124805,3740680,2381160,553,138.250,0.0,4197529,4197529,65536,8192,125,209,333
local,local-read64-round2-after.log,after,azqueue,1,duplex,64,PASS,0.486029,8388608,16.4599,write,128,7292,9582,10406,201862232,255013,4461776,3024760,1108,138.500,0.0,8395058,8395058,65536,16384,83,84,167
local,local-read64-round2-after.log,after,azqueue,1,wake,64,PASS,1.020800,1,0.0000,delivery,1,20444,20444,20444,1057424,13253,2526200,1057424,80,83886080.000,0.0,26,26,1,,,,
local,local-read64-round2-after.log,after,azqueue,4,idle,64,PASS,1.000253,0,0.0000,delivery,0,0,0,0,3869928,50498,3677272,1360592,311,0.000,279829.1,0,0,0,,,,
local,local-read64-round2-after.log,after,azqueue,4,interactive,64,PASS,0.236101,8192,0.0331,roundtrip,64,10285,27920,33124,7213208,93122,4334016,2092976,388,49664.000,0.0,11392,11392,64,,,,
local,local-read64-round2-after.log,after,azqueue,4,stream,64,PASS,0.979986,16777216,16.3268,write,256,15172,16911,17819,406896280,603130,8944112,6644480,2874,179.625,0.0,16790116,16790116,65536,32768,83,125,209
local,local-read64-round2-after.log,after,azqueue,4,duplex,64,PASS,2.448128,33554432,13.0712,write,512,38159,41951,45808,850388592,1837963,12725944,9516072,9242,288.812,0.0,33580232,33580232,65536,65536,83,84,167
local,local-read64-round2-after.log,after,azqueue,4,wake,64,PASS,1.056122,4,0.0000,delivery,4,49000,56036,56036,4715568,60624,6058016,2001424,368,96468992.000,0.0,104,104,1,,,,
local,local-read64-round2-after.log,after,aztable,1,idle,64,PASS,1.000539,0,0.0000,delivery,0,0,0,0,1009360,15278,3754792,1009360,74,0.000,266256.4,0,0,0,,,,
local,local-read64-round2-after.log,after,aztable,1,interactive,64,PASS,0.093539,2048,0.0209,roundtrip,16,5055,9031,9031,1358504,17973,2871328,937992,65,33280.000,0.0,2848,2848,64,,,,
local,local-read64-round2-after.log,after,aztable,1,stream,64,PASS,0.272900,4194304,14.6574,write,64,2131,5041,7680,110757280,31411,6693936,5028632,85,21.250,0.0,4195929,4195929,65536,8192,83,125,250
local,local-read64-round2-after.log,after,aztable,1,duplex,64,PASS,0.243376,8388608,32.8709,write,128,2245,5144,8311,222397776,61619,9304344,7320808,172,21.500,0.0,8391858,8391858,65536,16384,83,84,208
local,local-read64-round2-after.log,after,aztable,1,wake,64,PASS,1.007398,1,0.0000,delivery,1,6917,6917,6917,1125592,16295,3525016,1101120,78,81788928.000,0.0,26,26,1,,,,
local,local-read64-round2-after.log,after,aztable,4,idle,64,PASS,1.000673,0,0.0000,delivery,0,0,0,0,4317088,65386,5148968,1770592,317,0.000,285108.0,0,0,0,,,,
local,local-read64-round2-after.log,after,aztable,4,interactive,64,PASS,0.075293,8192,0.1038,roundtrip,64,4268,7657,15455,4940288,71737,5978432,2564312,260,33280.000,0.0,11392,11392,64,,,,
local,local-read64-round2-after.log,after,aztable,4,stream,64,PASS,0.343492,16777216,46.5805,write,256,4509,9592,12585,433247824,135533,19265144,15724976,389,24.312,0.0,16783716,16783716,65536,32768,83,125,250
local,local-read64-round2-after.log,after,aztable,4,duplex,64,PASS,0.713701,33554432,44.8367,write,512,9932,17698,19691,827710816,298614,25102192,20364080,916,28.625,0.0,33567432,33567432,65536,65536,83,125,250
local,local-read64-round2-after.log,after,aztable,4,wake,64,PASS,1.012462,4,0.0000,delivery,4,9802,12052,12052,4792432,70282,10763528,3621072,336,88080384.000,0.0,104,104,1,,,,
local,local-read64-round2-before.log,before,azblob,1,idle,64,PASS,1.000516,0,0.0000,delivery,0,0,0,0,1092784,13974,1902440,1092784,70,0.000,251869.9,0,0,0,,,,
local,local-read64-round2-before.log,before,azblob,1,interactive,64,PASS,0.285388,2048,0.0068,roundtrip,16,17256,24614,24614,1129768,16637,1907200,1129768,65,33280.000,0.0,2848,2848,64,,,,
local,local-read64-round2-before.log,before,azblob,1,stream,64,PASS,0.303260,4194304,13.1900,write,64,4469,5817,7488,22937856,303146,3547592,2640872,158,39.500,0.0,4195929,4195929,65536,8192,792,1792,17750
local,local-read64-round2-before.log,before,azblob,1,duplex,64,PASS,0.234552,8388608,34.1076,write,128,3092,6504,7832,46545592,605735,4347512,3210768,313,39.125,0.0,8391858,8391858,65536,16384,333,792,8083
local,local-read64-round2-before.log,before,azblob,1,wake,64,PASS,1.022994,1,0.0000,delivery,1,22567,22567,22567,1244328,15423,2501632,1244328,77,80740352.000,0.0,26,26,1,,,,
local,local-read64-round2-before.log,before,azblob,4,idle,64,PASS,1.000453,0,0.0000,delivery,0,0,0,0,5017000,64152,3355424,1245224,323,0.000,290568.3,0,0,0,,,,
local,local-read64-round2-before.log,before,azblob,4,interactive,64,PASS,0.163929,8192,0.0477,roundtrip,64,7725,22751,30424,4387672,66527,3273928,1530536,260,33280.000,0.0,11392,11392,64,,,,
local,local-read64-round2-before.log,before,azblob,4,stream,64,PASS,0.311851,16777216,51.3066,write,256,4578,6436,8528,90926328,1177985,9073696,7300512,507,31.688,0.0,16783716,16783716,65536,32768,292,667,5125
local,local-read64-round2-before.log,before,azblob,4,duplex,64,PASS,0.482227,33554432,66.3588,write,512,7187,9213,12289,173929184,2282780,14935168,10971856,754,23.562,0.0,33567432,33567432,65536,65536,292,625,5000
local,local-read64-round2-before.log,before,azblob,4,wake,64,PASS,1.027601,4,0.0000,delivery,4,26209,27137,27137,5405560,68309,9317488,3537752,341,89391104.000,0.0,104,104,1,,,,
local,local-read64-round2-before.log,before,azqueue,1,idle,64,PASS,1.000406,0,0.0000,delivery,0,0,0,0,921728,12018,6838064,921728,74,0.000,266291.8,0,0,0,,,,
local,local-read64-round2-before.log,before,azqueue,1,interactive,64,PASS,0.415894,2048,0.0047,roundtrip,16,25492,32370,32370,1805832,23291,3580032,1436712,97,49664.000,0.0,2848,2848,64,,,,
local,local-read64-round2-before.log,before,azqueue,1,stream,64,PASS,0.538477,4194304,7.4284,write,64,7950,12076,19621,117142424,376966,4488896,2139584,492,123.000,0.0,4197529,4197529,65536,8192,458,917,3750
local,local-read64-round2-before.log,before,azqueue,1,duplex,64,PASS,0.466941,8388608,17.1328,write,128,7049,8593,9483,235105512,762962,4671888,3198320,1011,126.375,0.0,8395058,8395058,65536,16384,333,541,1917
local,local-read64-round2-before.log,before,azqueue,1,wake,64,PASS,1.025497,1,0.0000,delivery,1,25075,25075,25075,1057392,13233,2548424,839096,80,83886080.000,0.0,26,26,1,,,,
local,local-read64-round2-before.log,before,azqueue,4,idle,64,PASS,1.000435,0,0.0000,delivery,0,0,0,0,3896632,50768,3856200,1336008,313,0.000,281577.5,0,0,0,,,,
local,local-read64-round2-before.log,before,azqueue,4,interactive,64,PASS,0.197440,8192,0.0396,roundtrip,64,8718,27707,35495,7012728,93215,4711696,2124392,388,49664.000,0.0,11392,11392,64,,,,
local,local-read64-round2-before.log,before,azqueue,4,stream,64,PASS,0.922110,16777216,17.3515,write,256,14198,15956,17601,473807032,1618682,8610664,6633640,2668,166.750,0.0,16790116,16790116,65536,32768,333,583,2000
local,local-read64-round2-before.log,before,azqueue,4,duplex,64,PASS,2.447023,33554432,13.0771,write,512,36882,47722,57169,985080072,3919870,12592008,9891504,9132,285.375,0.0,33580232,33580232,65536,65536,292,541,1292
local,local-read64-round2-before.log,before,azqueue,4,wake,64,PASS,1.042890,4,0.0000,delivery,4,34010,42869,42869,4523728,56967,5255448,1771872,345,90439680.000,0.0,104,104,1,,,,
local,local-read64-round2-before.log,before,aztable,1,idle,64,PASS,1.000509,0,0.0000,delivery,0,0,0,0,1028416,15510,2561096,929288,75,0.000,269862.5,0,0,0,,,,
local,local-read64-round2-before.log,before,aztable,1,interactive,64,PASS,0.186672,2048,0.0105,roundtrip,16,11176,14433,14433,1216584,17904,2821824,1057264,65,33280.000,0.0,2848,2848,64,,,,
local,local-read64-round2-before.log,before,aztable,1,stream,64,PASS,0.306968,4194304,13.0307,write,64,2037,6673,9656,131563624,293738,6696616,5141912,86,21.500,0.0,4195929,4195929,65536,8192,333,667,5209
local,local-read64-round2-before.log,before,aztable,1,duplex,64,PASS,0.262851,8388608,30.4355,write,128,2192,5124,6317,259271552,585136,9913592,8101208,170,21.250,0.0,8391858,8391858,65536,16384,292,584,4417
local,local-read64-round2-before.log,before,aztable,1,wake,64,PASS,1.017801,1,0.0000,delivery,1,17622,17622,17622,1137160,16501,2650344,864128,79,82837504.000,0.0,26,26,1,,,,
local,local-read64-round2-before.log,before,aztable,4,idle,64,PASS,1.001752,0,0.0000,delivery,0,0,0,0,4120768,62449,4532056,1746112,303,0.000,272223.1,0,0,0,,,,
local,local-read64-round2-before.log,before,aztable,4,interactive,64,PASS,0.075717,8192,0.1032,roundtrip,64,3797,10786,12501,4968424,71821,5285232,2489456,260,33280.000,0.0,11392,11392,64,,,,
local,local-read64-round2-before.log,before,aztable,4,stream,64,PASS,0.357824,16777216,44.7148,write,256,5089,9612,11386,510949808,1179173,17814856,14706704,370,23.125,0.0,16783716,16783716,65536,32768,292,584,2917
local,local-read64-round2-before.log,before,aztable,4,duplex,64,PASS,0.852250,33554432,37.5477,write,512,11003,22271,36346,967511120,2404292,23877328,18440200,958,29.938,0.0,33567432,33567432,65536,65536,292,625,2791
local,local-read64-round2-before.log,before,aztable,4,wake,64,PASS,1.025844,4,0.0000,delivery,4,14340,20423,20423,4574856,67029,11152720,3840848,322,84410368.000,0.0,104,104,1,,,,
local,local-read64-round3-after.log,after,azblob,1,idle,64,PASS,1.000566,0,0.0000,delivery,0,0,0,0,1148680,14714,1960096,1148680,74,0.000,266249.3,0,0,0,,,,
local,local-read64-round3-after.log,after,azblob,1,interactive,64,PASS,0.251085,2048,0.0078,roundtrip,16,13067,25988,25988,1087112,16626,1868128,1087112,65,33280.000,0.0,2848,2848,64,,,,
local,local-read64-round3-after.log,after,azblob,1,stream,64,PASS,0.298684,4194304,13.3921,write,64,4359,6261,7420,6633864,58502,3184632,2453320,223,55.750,0.0,4195929,4195929,65536,8192,209,333,1084
local,local-read64-round3-after.log,after,azblob,1,duplex,64,PASS,0.220165,8388608,36.3365,write,128,3017,5494,8781,11382024,91828,3668024,2436008,353,44.125,0.0,8391858,8391858,65536,16384,167,250,4291
local,local-read64-round3-after.log,after,azblob,1,wake,64,PASS,1.016993,1,0.0000,delivery,1,16634,16634,16634,1264424,15651,2393352,1264424,78,81788928.000,0.0,26,26,1,,,,
local,local-read64-round3-after.log,after,azblob,4,idle,64,PASS,1.000288,0,0.0000,delivery,0,0,0,0,5023240,64380,3117352,1135488,324,0.000,291516.1,0,0,0,,,,
local,local-read64-round3-after.log,after,azblob,4,interactive,64,PASS,0.165296,8192,0.0473,roundtrip,64,8107,23606,26780,4322576,66519,3281240,1589496,260,33280.000,0.0,11392,11392,64,,,,
local,local-read64-round3-after.log,after,azblob,4,stream,64,PASS,0.318517,16777216,50.2327,write,256,4702,6801,7830,22269136,145450,8481912,6668336,564,35.250,0.0,16783716,16783716,65536,32768,167,209,1416
local,local-read64-round3-after.log,after,azblob,4,duplex,64,PASS,0.451325,33554432,70.9023,write,512,6668,8790,9967,39268176,225228,13858160,9974904,887,27.719,0.0,33567432,33567432,65536,65536,125,208,292
local,local-read64-round3-after.log,after,azblob,4,wake,64,PASS,1.020396,4,0.0000,delivery,4,17264,19931,19931,5401320,67750,8889328,3263008,339,88866816.000,0.0,104,104,1,,,,
local,local-read64-round3-after.log,after,azqueue,1,idle,64,PASS,1.000972,0,0.0000,delivery,0,0,0,0,956968,12461,2839800,956968,77,0.000,276930.8,0,0,0,,,,
local,local-read64-round3-after.log,after,azqueue,1,interactive,64,PASS,0.370979,2048,0.0053,roundtrip,16,23746,33225,33225,1934064,23314,3381656,1326080,97,49664.000,0.0,2848,2848,64,,,,
local,local-read64-round3-after.log,after,azqueue,1,stream,64,PASS,0.441938,4194304,9.0511,write,64,6518,9198,9982,100762480,122540,3603384,1977648,535,133.750,0.0,4197529,4197529,65536,8192,83,209,291
local,local-read64-round3-after.log,after,azqueue,1,duplex,64,PASS,0.483403,8388608,16.5493,write,128,7187,9729,10150,201811376,248365,4436384,3359472,1063,132.875,0.0,8395058,8395058,65536,16384,83,84,167
local,local-read64-round3-after.log,after,azqueue,1,wake,64,PASS,1.031366,1,0.0000,delivery,1,31046,31046,31046,1105416,13893,2594136,1105416,84,88080384.000,0.0,26,26,1,,,,
local,local-read64-round3-after.log,after,azqueue,4,idle,64,PASS,1.000527,0,0.0000,delivery,0,0,0,0,3900584,50846,3339816,1210952,313,0.000,281551.7,0,0,0,,,,
local,local-read64-round3-after.log,after,azqueue,4,interactive,64,PASS,0.198297,8192,0.0394,roundtrip,64,9198,21387,30387,7069056,93097,3714976,1689344,388,49664.000,0.0,11392,11392,64,,,,
local,local-read64-round3-after.log,after,azqueue,4,stream,64,PASS,0.995450,16777216,16.0731,write,256,15277,17605,19950,407757128,599572,8067648,6212296,2850,178.125,0.0,16790116,16790116,65536,32768,83,125,208
local,local-read64-round3-after.log,after,azqueue,4,duplex,64,PASS,2.372389,33554432,13.4885,write,512,35437,48251,56269,851701160,1857067,13062560,10623336,9341,291.906,0.0,33580232,33580232,65536,65536,83,84,167
local,local-read64-round3-after.log,after,azqueue,4,wake,64,PASS,1.030327,4,0.0000,delivery,4,28711,29717,29717,4245464,53950,5127584,1734560,326,85458944.000,0.0,104,104,1,,,,
local,local-read64-round3-after.log,after,aztable,1,idle,64,PASS,1.000558,0,0.0000,delivery,0,0,0,0,917600,13859,2470296,917600,67,0.000,241065.5,0,0,0,,,,
local,local-read64-round3-after.log,after,aztable,1,interactive,64,PASS,0.144292,2048,0.0135,roundtrip,16,8283,12413,12413,1259784,17903,2854728,1259784,65,33280.000,0.0,2848,2848,64,,,,
local,local-read64-round3-after.log,after,aztable,1,stream,64,PASS,0.271722,4194304,14.7210,write,64,1991,6149,8768,114205760,31765,6547888,4951608,86,21.500,0.0,4195929,4195929,65536,8192,83,125,209
local,local-read64-round3-after.log,after,aztable,1,duplex,64,PASS,0.236035,8388608,33.8933,write,128,2039,4637,6155,221562336,61241,9462328,7236680,171,21.375,0.0,8391858,8391858,65536,16384,83,84,209
local,local-read64-round3-after.log,after,aztable,1,wake,64,PASS,1.010496,1,0.0000,delivery,1,10082,10082,10082,1102384,16670,3911480,1102384,80,83886080.000,0.0,26,26,1,,,,
local,local-read64-round3-after.log,after,aztable,4,idle,64,PASS,1.000838,0,0.0000,delivery,0,0,0,0,4342160,65857,4305304,1533592,319,0.000,286859.5,0,0,0,,,,
local,local-read64-round3-after.log,after,aztable,4,interactive,64,PASS,0.075536,8192,0.1034,roundtrip,64,3584,12612,17679,5073952,71786,3982304,1919120,260,33280.000,0.0,11392,11392,64,,,,
local,local-read64-round3-after.log,after,aztable,4,stream,64,PASS,0.343732,16777216,46.5478,write,256,4993,8124,9783,440541864,135847,14471264,12363768,388,24.250,0.0,16783716,16783716,65536,32768,83,84,209
local,local-read64-round3-after.log,after,aztable,4,duplex,64,PASS,0.714871,33554432,44.7633,write,512,9827,18367,22949,826859760,305899,23507552,18609496,948,29.625,0.0,33567432,33567432,65536,65536,83,125,250
local,local-read64-round3-after.log,after,aztable,4,wake,64,PASS,1.019909,4,0.0000,delivery,4,9933,19569,19569,4727048,70396,9154792,2995656,339,88866816.000,0.0,104,104,1,,,,
local,local-read64-round3-before.log,before,azblob,1,idle,64,PASS,1.000592,0,0.0000,delivery,0,0,0,0,1191840,15285,2001480,1191840,77,0.000,277035.9,0,0,0,,,,
local,local-read64-round3-before.log,before,azblob,1,interactive,64,PASS,0.295884,2048,0.0066,roundtrip,16,18778,25134,25134,1168920,16631,1948688,1168920,65,33280.000,0.0,2848,2848,64,,,,
local,local-read64-round3-before.log,before,azblob,1,stream,64,PASS,0.303609,4194304,13.1748,write,64,4411,7726,9393,23006808,304770,3719960,2642920,164,41.000,0.0,4195929,4195929,65536,8192,667,1083,18167
local,local-read64-round3-before.log,before,azblob,1,duplex,64,PASS,0.253431,8388608,31.5668,write,128,3263,8011,12933,47269064,606548,4380320,3362688,315,39.375,0.0,8391858,8391858,65536,16384,333,834,9333
local,local-read64-round3-before.log,before,azblob,1,wake,64,PASS,1.023689,1,0.0000,delivery,1,23421,23421,23421,1223864,15239,2472880,1223864,76,79691776.000,0.0,26,26,1,,,,
local,local-read64-round3-before.log,before,azblob,4,idle,64,PASS,1.000483,0,0.0000,delivery,0,0,0,0,5045032,64682,3480144,1428192,325,0.000,292358.7,0,0,0,,,,
local,local-read64-round3-before.log,before,azblob,4,interactive,64,PASS,0.158811,8192,0.0492,roundtrip,64,7989,25201,28409,4235256,66583,3800960,1604584,260,33280.000,0.0,11392,11392,64,,,,
local,local-read64-round3-before.log,before,azblob,4,stream,64,PASS,0.286940,16777216,55.7608,write,256,4287,6031,7093,89547392,1168515,9467088,7734104,472,29.500,0.0,16783716,16783716,65536,32768,292,750,5167
local,local-read64-round3-before.log,before,azblob,4,duplex,64,PASS,0.480452,33554432,66.6040,write,512,7041,9566,14751,173652400,2292192,15180296,12335576,785,24.531,0.0,33567432,33567432,65536,65536,292,583,3500
local,local-read64-round3-before.log,before,azblob,4,wake,64,PASS,1.025111,4,0.0000,delivery,4,22972,24951,24951,5373664,67183,7182776,2736144,336,88080384.000,0.0,104,104,1,,,,
local,local-read64-round3-before.log,before,azqueue,1,idle,64,PASS,1.000536,0,0.0000,delivery,0,0,0,0,958944,12505,5461200,958944,77,0.000,277051.6,0,0,0,,,,
local,local-read64-round3-before.log,before,azqueue,1,interactive,64,PASS,0.350309,2048,0.0056,roundtrip,16,22402,31029,31029,1766096,23294,3407816,1359184,97,49664.000,0.0,2848,2848,64,,,,
local,local-read64-round3-before.log,before,azqueue,1,stream,64,PASS,0.493506,4194304,8.1053,write,64,7484,11044,11773,117241208,372968,3824040,2158728,466,116.500,0.0,4197529,4197529,65536,8192,417,834,3958
local,local-read64-round3-before.log,before,azqueue,1,duplex,64,PASS,0.450248,8388608,17.7680,write,128,6881,8362,9569,234001600,749667,4570032,3098752,935,116.875,0.0,8395058,8395058,65536,16384,333,541,1875
local,local-read64-round3-before.log,before,azqueue,1,wake,64,PASS,1.026700,1,0.0000,delivery,1,26233,26233,26233,1071216,13418,2590240,1071216,81,84934656.000,0.0,26,26,1,,,,
local,local-read64-round3-before.log,before,azqueue,4,idle,64,PASS,1.000343,0,0.0000,delivery,0,0,0,0,3881792,50583,3626672,1261208,312,0.000,280703.7,0,0,0,,,,
local,local-read64-round3-before.log,before,azqueue,4,interactive,64,PASS,0.187599,8192,0.0416,roundtrip,64,8466,31897,38415,7099320,93198,4493352,2121512,388,49664.000,0.0,11392,11392,64,,,,
local,local-read64-round3-before.log,before,azqueue,4,stream,64,PASS,0.959678,16777216,16.6723,write,256,14595,17981,20357,473710488,1622846,8644800,6396016,2698,168.625,0.0,16790116,16790116,65536,32768,292,542,1625
local,local-read64-round3-before.log,before,azqueue,4,duplex,64,PASS,2.379161,33554432,13.4501,write,512,37772,40580,41421,989915400,3978262,12897368,9689760,9475,296.094,0.0,33580232,33580232,65536,65536,292,541,1459
local,local-read64-round3-before.log,before,azqueue,4,wake,64,PASS,1.046365,4,0.0000,delivery,4,40620,45883,45883,4465992,56763,4856544,1783776,343,89915392.000,0.0,104,104,1,,,,
local,local-read64-round3-before.log,before,aztable,1,idle,64,PASS,1.000475,0,0.0000,delivery,0,0,0,0,1076968,16311,2420784,1076968,79,0.000,284264.9,0,0,0,,,,
local,local-read64-round3-before.log,before,aztable,1,interactive,64,PASS,0.142924,2048,0.0137,roundtrip,16,8597,11216,11216,1225264,17934,2686872,1225264,65,33280.000,0.0,2848,2848,64,,,,
local,local-read64-round3-before.log,before,aztable,1,stream,64,PASS,0.281605,4194304,14.2043,write,64,1983,5901,6871,129609664,293449,6073112,4726880,85,21.250,0.0,4195929,4195929,65536,8192,333,750,5292
local,local-read64-round3-before.log,before,aztable,1,duplex,64,PASS,0.253923,8388608,31.5056,write,128,2087,4776,6190,256354440,584671,9981536,7934240,169,21.125,0.0,8391858,8391858,65536,16384,292,542,5208
local,local-read64-round3-before.log,before,aztable,1,wake,64,PASS,1.017057,1,0.0000,delivery,1,16487,16487,16487,1189104,17306,4013200,1090968,83,87031808.000,0.0,26,26,1,,,,
local,local-read64-round3-before.log,before,aztable,4,idle,64,PASS,1.000578,0,0.0000,delivery,0,0,0,0,4293064,65052,3913672,1228200,315,0.000,283336.3,0,0,0,,,,
local,local-read64-round3-before.log,before,aztable,4,interactive,64,PASS,0.085619,8192,0.0912,roundtrip,64,3020,19233,23230,5129512,72073,3971952,1926968,260,33280.000,0.0,11392,11392,64,,,,
local,local-read64-round3-before.log,before,aztable,4,stream,64,PASS,0.346597,16777216,46.1631,write,256,4719,8567,11235,515142872,1179239,15807360,13672088,370,23.125,0.0,16783716,16783716,65536,32768,292,584,4250
local,local-read64-round3-before.log,before,aztable,4,duplex,64,PASS,0.719263,33554432,44.4900,write,512,9924,17195,20974,971928680,2400176,22611560,17830000,939,29.344,0.0,33567432,33567432,65536,65536,292,625,3167
local,local-read64-round3-before.log,before,aztable,4,wake,64,PASS,1.012852,4,0.0000,delivery,4,10500,12588,12588,4745944,69480,10310360,3743472,333,87293952.000,0.0,104,104,1,,,,
local,local-read65536-round1-after.log,after,azblob,1,stream,65536,PASS,0.179212,4194304,22.3199,write,64,2557,4231,4603,6560728,59530,3392376,2583928,227,56.750,0.0,4195929,4195929,65536,64,2931042,3906292,6787291
local,local-read65536-round1-after.log,after,azblob,4,stream,65536,PASS,0.328783,16777216,48.6644,write,256,4722,7432,9460,21939344,159492,7672128,5713808,616,38.500,0.0,16783716,16783716,65536,256,4755042,7483125,11833916
local,local-read65536-round1-after.log,after,azqueue,1,stream,65536,PASS,0.327040,4194304,12.2309,write,64,4848,6511,8532,99621608,112303,3492120,2058400,475,118.750,0.0,4197529,4197529,65536,128,2038084,4835625,6600375
local,local-read65536-round1-after.log,after,azqueue,4,stream,65536,PASS,0.968021,16777216,16.5286,write,256,14655,18154,18864,405796096,602485,8697440,6574576,2869,179.312,0.0,16790116,16790116,65536,512,7588125,10401584,13946208
local,local-read65536-round1-after.log,after,aztable,1,stream,65536,PASS,0.197645,4194304,20.2383,write,64,1537,3564,5376,112351896,31523,6572696,3480768,85,21.250,0.0,4195929,4195929,65536,64,12834,12400708,13375083
local,local-read65536-round1-after.log,after,aztable,4,stream,65536,PASS,0.339915,16777216,47.0706,write,256,4652,8460,11877,438138168,135383,15652672,13031176,386,24.125,0.0,16783716,16783716,65536,256,17750,16311875,19810041
local,local-read65536-round1-before.log,before,azblob,1,stream,65536,PASS,0.187437,4194304,21.3405,write,64,2638,3653,4477,6734824,60306,3348808,2539800,230,57.500,0.0,4195929,4195929,65536,64,3068041,3933292,5970167
local,local-read65536-round1-before.log,before,azblob,4,stream,65536,PASS,0.290442,16777216,55.0884,write,256,4191,6814,7908,22930416,169968,7968112,6021392,654,40.875,0.0,16783716,16783716,65536,256,4108542,6931291,14942917
local,local-read65536-round1-before.log,before,azqueue,1,stream,65536,PASS,0.326576,4194304,12.2483,write,64,4833,6169,7449,98838256,110386,5966704,2512272,464,116.000,0.0,4197529,4197529,65536,128,2157416,4017375,5109875
local,local-read65536-round1-before.log,before,azqueue,4,stream,65536,PASS,0.993291,16777216,16.1081,write,256,15263,19593,20605,406727912,610408,8672928,6464256,2917,182.312,0.0,16790116,16790116,65536,512,7645125,12276458,14422208
local,local-read65536-round1-before.log,before,aztable,1,stream,65536,PASS,0.200682,4194304,19.9321,write,64,1573,3690,4618,111868136,31445,6960752,5476280,85,21.250,0.0,4195929,4195929,65536,64,14125,12701208,13593000
local,local-read65536-round1-before.log,before,aztable,4,stream,65536,PASS,0.368212,16777216,43.4533,write,256,5226,8833,12580,437419688,137561,17296840,14119608,394,24.625,0.0,16783716,16783716,65536,256,78000,16076208,18491084
local,local-read65536-round2-after.log,after,azblob,1,stream,65536,PASS,0.193710,4194304,20.6494,write,64,2903,3746,5213,6623696,61408,3338824,2532312,234,58.500,0.0,4195929,4195929,65536,64,3251583,4242958,6828833
local,local-read65536-round2-after.log,after,azblob,4,stream,65536,PASS,0.342745,16777216,46.6819,write,256,4976,7455,10356,23493752,175783,8330776,6453448,675,42.188,0.0,16783716,16783716,65536,256,5042083,7816250,11319083
local,local-read65536-round2-after.log,after,azqueue,1,stream,65536,PASS,0.394358,4194304,10.1431,write,64,5547,11850,16210,99978576,116485,6904448,3226144,503,125.750,0.0,4197529,4197529,65536,128,2362208,6058083,11733125
local,local-read65536-round2-after.log,after,azqueue,4,stream,65536,PASS,0.933379,16777216,17.1420,write,256,14358,17103,17828,406096616,596632,8602928,6478576,2831,176.938,0.0,16790116,16790116,65536,512,7360375,10181291,13764083
local,local-read65536-round2-after.log,after,aztable,1,stream,65536,PASS,0.197818,4194304,20.2206,write,64,1570,3642,4384,112971640,31582,6492904,5082016,85,21.250,0.0,4195929,4195929,65536,64,13250,12473667,13111459
local,local-read65536-round2-after.log,after,aztable,4,stream,65536,PASS,0.323732,16777216,49.4236,write,256,4509,8337,10994,438845576,134274,16893488,14198272,380,23.750,0.0,16783716,16783716,65536,256,15000,15474541,19686709
local,local-read65536-round2-before.log,before,azblob,1,stream,65536,PASS,0.179172,4194304,22.3249,write,64,2522,4039,4506,6670856,60076,3351232,2543640,229,57.250,0.0,4195929,4195929,65536,64,2883042,3962584,6635166
local,local-read65536-round2-before.log,before,azblob,4,stream,65536,PASS,0.300704,16777216,53.2084,write,256,4474,6719,8285,21778808,158673,7003848,5132208,611,38.188,0.0,16783716,16783716,65536,256,4427041,7281041,11621750
local,local-read65536-round2-before.log,before,azqueue,1,stream,65536,PASS,0.328739,4194304,12.1677,write,64,5118,6044,7317,98901712,103834,3503944,2269264,423,105.750,0.0,4197529,4197529,65536,128,2205375,4802667,5411708
local,local-read65536-round2-before.log,before,azqueue,4,stream,65536,PASS,0.888769,16777216,18.0024,write,256,13507,16280,18808,407349088,603174,8617936,6612488,2871,179.438,0.0,16790116,16790116,65536,512,7064917,9149042,13174458
local,local-read65536-round2-before.log,before,aztable,1,stream,65536,PASS,0.198978,4194304,20.1027,write,64,1536,3672,3943,114302864,31526,6235240,4764736,85,21.250,0.0,4195929,4195929,65536,64,15125,12692791,13606875
local,local-read65536-round2-before.log,before,aztable,4,stream,65536,PASS,0.351256,16777216,45.5508,write,256,5119,8801,10950,438759872,135686,17832280,15276776,386,24.125,0.0,16783716,16783716,65536,256,17208,17129834,22119667
local,local-read65536-round3-after.log,after,azblob,1,stream,65536,PASS,0.182094,4194304,21.9667,write,64,2434,4425,5501,6651200,59510,3363080,2555352,227,56.750,0.0,4195929,4195929,65536,64,2857750,4884208,7304791
local,local-read65536-round3-after.log,after,azblob,4,stream,65536,PASS,0.302302,16777216,52.9272,write,256,4411,6545,7022,22188608,153316,7341296,5426592,591,36.938,0.0,16783716,16783716,65536,256,4446542,6819000,12567084
local,local-read65536-round3-after.log,after,azqueue,1,stream,65536,PASS,0.310741,4194304,12.8725,write,64,4779,5660,7176,99680920,109039,5799968,2316496,456,114.000,0.0,4197529,4197529,65536,128,1992166,4434875,5744500
local,local-read65536-round3-after.log,after,azqueue,4,stream,65536,PASS,0.951499,16777216,16.8156,write,256,14856,17159,20196,406505872,598387,8316480,6223288,2839,177.438,0.0,16790116,16790116,65536,512,7491791,10189875,12401541
local,local-read65536-round3-after.log,after,aztable,1,stream,65536,PASS,0.196925,4194304,20.3123,write,64,1523,3956,4814,112230800,31445,6647872,5299800,85,21.250,0.0,4195929,4195929,65536,64,15166,12833167,13311584
local,local-read65536-round3-after.log,after,aztable,4,stream,65536,PASS,0.312552,16777216,51.1915,write,256,4408,8047,9901,438343808,134736,16363072,13618208,383,23.938,0.0,16783716,16783716,65536,256,19083,16200459,20191792
local,local-read65536-round3-before.log,before,azblob,1,stream,65536,PASS,0.184355,4194304,21.6973,write,64,2606,4316,4863,6569376,60079,3344432,2537584,229,57.250,0.0,4195929,4195929,65536,64,3038792,4248042,6397250
local,local-read65536-round3-before.log,before,azblob,4,stream,65536,PASS,0.278395,16777216,57.4723,write,256,4108,5698,6669,22839048,167252,7862168,5903792,644,40.250,0.0,16783716,16783716,65536,256,4040709,6887125,11078459
local,local-read65536-round3-before.log,before,azqueue,1,stream,65536,PASS,0.334445,4194304,11.9601,write,64,5074,6001,10499,99500648,106465,3840040,2308224,439,109.750,0.0,4197529,4197529,65536,128,2235666,4360209,5381667
local,local-read65536-round3-before.log,before,azqueue,4,stream,65536,PASS,0.993181,16777216,16.1099,write,256,15369,17395,20019,406091528,603844,9034928,6747192,2878,179.875,0.0,16790116,16790116,65536,512,7787917,10270167,13482958
local,local-read65536-round3-before.log,before,aztable,1,stream,65536,PASS,0.201419,4194304,19.8591,write,64,1543,3488,4474,112293752,31454,7698104,4397632,85,21.250,0.0,4195929,4195929,65536,64,14208,13000541,13362666
local,local-read65536-round3-before.log,before,aztable,4,stream,65536,PASS,0.316628,16777216,50.5324,write,256,4471,8167,10244,437481240,133950,17697280,15045512,380,23.750,0.0,16783716,16783716,65536,256,17792,15846208,19626083
sustained,sustained-read64-round1-after.log,after,azblob,1,stream,64,PASS,1.276126,33554432,25.0759,write,512,2397,3274,4348,42683056,410636,3407680,2599600,1568,49.000,0.0,33567257,33567257,65536,8192,167,1599333,3308292
sustained,sustained-read64-round1-after.log,after,azblob,4,stream,64,PASS,2.335803,134217728,54.7991,write,2048,4339,6491,7703,143006256,1144531,9094888,7008616,4415,34.492,0.0,134269028,134269028,65536,32768,166,3358209,5826875
sustained,sustained-read64-round1-after.log,after,azqueue,1,stream,64,PASS,3.265089,33554432,9.8007,write,512,6452,7709,9174,797640152,942776,6409984,2820352,4102,128.188,0.0,33580057,33580057,65536,8192,83,209,292
sustained,sustained-read64-round1-after.log,after,azqueue,4,stream,64,PASS,7.751919,134217728,16.5120,write,2048,14895,18429,26456,3240398024,4862569,8674480,6522440,23240,181.562,0.0,134320228,134320228,65536,32768,83,125,208
sustained,sustained-read64-round1-after.log,after,aztable,1,stream,64,PASS,1.890658,33554432,16.9253,write,512,1738,3967,4505,898138736,299596,6963464,3956424,650,20.312,0.0,33567257,33567257,65536,8192,83,10417,13327792
sustained,sustained-read64-round1-after.log,after,aztable,4,stream,64,PASS,2.806059,134217728,45.6156,write,2048,5015,8669,10917,3481965368,1278797,18643120,16020560,3003,23.461,0.0,134269028,134269028,65536,32768,83,11000,12591375
sustained,sustained-read64-round1-before.log,before,azblob,1,stream,64,PASS,1.458214,33554432,21.9447,write,512,2599,4423,5474,176843704,2407891,3766256,2963328,1194,37.312,0.0,33567257,33567257,65536,8192,708,1499000,2603042
sustained,sustained-read64-round1-before.log,before,azblob,4,stream,64,PASS,2.227097,134217728,57.4739,write,2048,4229,5855,7383,679632432,9327018,9263792,7247440,3679,28.742,0.0,134269028,134269028,65536,32768,292,16417,6490208
sustained,sustained-read64-round1-before.log,before,azqueue,1,stream,64,PASS,3.069875,33554432,10.4239,write,512,5773,7593,9313,934819456,3014657,6076160,2532600,3911,122.219,0.0,33580057,33580057,65536,8192,333,709,1417
sustained,sustained-read64-round1-before.log,before,azqueue,4,stream,64,PASS,7.392030,134217728,17.3159,write,2048,14169,16761,25181,3765358184,12979853,9609952,7394536,21614,168.859,0.0,134320228,134320228,65536,32768,333,542,1917
sustained,sustained-read64-round1-before.log,before,aztable,1,stream,64,PASS,2.050957,33554432,15.6025,write,512,1806,4279,5107,1034165000,2394771,7008360,5517800,650,20.312,0.0,33567257,33567257,65536,8192,292,11583,13533375
sustained,sustained-read64-round1-before.log,before,aztable,4,stream,64,PASS,2.824740,134217728,45.3139,write,2048,5121,9449,11763,4079602656,9631290,18600104,15981216,2869,22.414,0.0,134269028,134269028,65536,32768,292,11916,13954042
sustained,sustained-read64-round2-after.log,after,azblob,1,stream,64,PASS,1.429725,33554432,22.3819,write,512,2656,3739,4995,45677920,457645,3386248,2579056,1744,54.500,0.0,33567257,33567257,65536,8192,83,1871709,3387833
sustained,sustained-read64-round2-after.log,after,azblob,4,stream,64,PASS,2.242269,134217728,57.0850,write,2048,4259,6071,6892,145834856,1203931,9356912,7353368,4637,36.227,0.0,134269028,134269028,65536,32768,166,3263791,5377791
sustained,sustained-read64-round2-after.log,after,azqueue,1,stream,64,PASS,3.213871,33554432,9.9568,write,512,6295,7672,9385,797618192,964138,6345048,2509248,4239,132.469,0.0,33580057,33580057,65536,8192,83,208,291
sustained,sustained-read64-round2-after.log,after,azqueue,4,stream,64,PASS,7.825397,134217728,16.3570,write,2048,15256,17920,20965,3237857536,4850324,9103992,6869904,23194,181.203,0.0,134320228,134320228,65536,32768,83,125,208
sustained,sustained-read64-round2-after.log,after,aztable,1,stream,64,PASS,1.844657,33554432,17.3474,write,512,1762,4021,4735,891894928,299240,6988368,3968456,650,20.312,0.0,33567257,33567257,65536,8192,83,10375,13008459
sustained,sustained-read64-round2-after.log,after,aztable,4,stream,64,PASS,2.835190,134217728,45.1469,write,2048,5027,9015,11313,3469478304,1288968,19163528,16315384,3045,23.789,0.0,134269028,134269028,65536,32768,83,11042,12480209
sustained,sustained-read64-round2-before.log,before,azblob,1,stream,64,PASS,1.453797,33554432,22.0113,write,512,2708,3881,4540,180608576,2482672,3622216,2814704,1475,46.094,0.0,33567257,33567257,65536,8192,666,1471041,3168541
sustained,sustained-read64-round2-before.log,before,azblob,4,stream,64,PASS,2.553758,134217728,50.1222,write,2048,4738,7272,10199,694333104,9546338,9749360,7921048,4481,35.008,0.0,134269028,134269028,65536,32768,333,3302375,6028292
sustained,sustained-read64-round2-before.log,before,azqueue,1,stream,64,PASS,2.946218,33554432,10.8614,write,512,5881,7093,7952,933880680,3004911,5701296,2206808,3885,121.406,0.0,33580057,33580057,65536,8192,333,750,2166
sustained,sustained-read64-round2-before.log,before,azqueue,4,stream,64,PASS,7.542174,134217728,16.9712,write,2048,14403,17396,20706,3774873480,13064176,9672120,7552344,22136,172.938,0.0,134320228,134320228,65536,32768,333,542,1875
sustained,sustained-read64-round2-before.log,before,aztable,1,stream,64,PASS,2.151155,33554432,14.8757,write,512,1758,4383,5464,1031026552,2394409,7624504,5919232,650,20.312,0.0,33567257,33567257,65536,8192,292,11583,13302042
sustained,sustained-read64-round2-before.log,before,aztable,4,stream,64,PASS,2.823942,134217728,45.3267,write,2048,5040,9273,11706,4073470448,9620532,18707512,16005912,2824,22.062,0.0,134269028,134269028,65536,32768,292,11875,14154833
sustained,sustained-read64-round3-after.log,after,azblob,1,stream,64,PASS,1.360388,33554432,23.5227,write,512,2426,4758,6008,43111288,411323,3371352,2558008,1571,49.094,0.0,33567257,33567257,65536,8192,166,1598125,3454500
sustained,sustained-read64-round3-after.log,after,azblob,4,stream,64,PASS,2.240588,134217728,57.1279,write,2048,4146,6461,8965,142133608,1144796,9142760,7051392,4419,34.523,0.0,134269028,134269028,65536,32768,166,3217292,5328916
sustained,sustained-read64-round3-after.log,after,azqueue,1,stream,64,PASS,2.795679,33554432,11.4462,write,512,5680,6635,8270,793624408,898267,6011704,2303520,3825,119.531,0.0,33580057,33580057,65536,8192,83,209,291
sustained,sustained-read64-round3-after.log,after,azqueue,4,stream,64,PASS,7.528231,134217728,17.0027,write,2048,14777,16531,17973,3235708072,4773325,9143104,7023632,22718,177.484,0.0,134320228,134320228,65536,32768,83,125,208
sustained,sustained-read64-round3-after.log,after,aztable,1,stream,64,PASS,1.890388,33554432,16.9277,write,512,1729,3891,4731,891972616,298930,6951328,5360464,650,20.312,0.0,33567257,33567257,65536,8192,83,10500,13329167
sustained,sustained-read64-round3-after.log,after,aztable,4,stream,64,PASS,2.760221,134217728,46.3731,write,2048,4956,8880,10552,3466746608,1280676,18506984,15678256,3010,23.516,0.0,134269028,134269028,65536,32768,83,11083,12661583
sustained,sustained-read64-round3-before.log,before,azblob,1,stream,64,PASS,1.291725,33554432,24.7731,write,512,2432,3280,3930,177182040,2436970,3752848,2945640,1304,40.750,0.0,33567257,33567257,65536,8192,667,1466458,2335084
sustained,sustained-read64-round3-before.log,before,azblob,4,stream,64,PASS,2.429185,134217728,52.6926,write,2048,4582,6490,8187,683287416,9359215,9625040,7795064,3794,29.641,0.0,134269028,134269028,65536,32768,333,2503750,6750875
sustained,sustained-read64-round3-before.log,before,azqueue,1,stream,64,PASS,3.251130,33554432,9.8427,write,512,6215,7688,8866,936259136,3042335,5678160,2142720,4112,128.500,0.0,33580057,33580057,65536,8192,333,709,2750
sustained,sustained-read64-round3-before.log,before,azqueue,4,stream,64,PASS,7.773504,134217728,16.4662,write,2048,15052,17622,22103,3775611608,13090808,8850040,6753096,22242,173.766,0.0,134320228,134320228,65536,32768,333,542,2000
sustained,sustained-read64-round3-before.log,before,aztable,1,stream,64,PASS,2.052817,33554432,15.5883,write,512,1706,3737,4505,1037051352,2395293,6763136,5373712,650,20.312,0.0,33567257,33567257,65536,8192,292,11417,13213458
sustained,sustained-read64-round3-before.log,before,aztable,4,stream,64,PASS,2.793575,134217728,45.8194,write,2048,4956,9159,11201,4066824840,9620959,18035224,15326576,2829,22.102,0.0,134269028,134269028,65536,32768,292,11875,13623834
